median_matches,player_name,current_rank,peak_rank,tour-years_A%,tour-years_DF%,tour-years_1stIn,tour-years_1st%,tour-years_2nd%,winners-errors_Wnr/Pt,winners-errors_UFE/Pt,winners-errors_FH Wnr/Pt,winners-errors_BH Wnr/Pt,serve-speed_1st Avg,serve-speed_1st T Avg,serve-speed_1st Wide Avg,serve-speed_2nd Avg,serve-speed_2nd T Avg,serve-speed_2nd Wide Avg,pbp-stats_Deuce A%,pbp-stats_Deuce SPW%,pbp-stats_Ad A%,pbp-stats_Ad SPW%,pbp-stats_Deuce RPW%,pbp-stats_Ad RPW%,mcp-serve_Percent of points won when return was put in play,mcp-serve_1st: Unret%,mcp-serve_Percent of first serve points won on either the serve or second shot,mcp-serve_Percentage of first serve points won when return was put in play,mcp-serve_D Wide%,mcp-serve_A Wide%,mcp-serve_2nd: Unret%,mcp-serve_Percent of second serve points won on either the serve or second shot,mcp-serve_Percentage of second serve points won when return was put in play,mcp-serve_2ndAgg,mcp-return_RiP%,mcp-return_Percent of points won when return was put in play,mcp-return_Return Depth Index (higher = deeper),mcp-return_Slice/chip returns as a percentage of all in-play first-serve returns,mcp-return_Return winners (and induced forced errors) as a percentage of second-serve return points,mcp-rally_RallyLen,mcp-rally_1-3 W%,mcp-rally_4-6 W%,mcp-rally_7-9 W%,mcp-rally_10+ W%,mcp-rally_FH/GS,mcp-rally_BH Slice%,mcp-rally_FHP/100,mcp-rally_BHP/100,mcp-tactics_SnV Freq,mcp-tactics_SnV W%,mcp-tactics_Net Freq,mcp-tactics_Net W%,mcp-tactics_FH: Wnr%,mcp-tactics_Winners (and induced forced errors) per (topspin) down-the-line forehand,mcp-tactics_IO Wnr%,mcp-tactics_BH: Wnr%,mcp-tactics_Winners (and induced forced errors) per (topspin) down-the-line backhand,mcp-tactics_Drop: Freq,mcp-tactics_Winners (and induced forced errors) per (baseline) dropshot,mcp-tactics_RallyAgg,mcp-tactics_ReturnAgg
218,Jannik Sinner,1,1,7.5%,2.7%,60.1%,74.8%,55.0%,16.7%,16.9%,8.9%,3.7%,118.1,121.6,115.0,94.5,98.4,96.0,7.7%,66.8%,6.6%,66.4%,40.3%,41.2%,56.0%,37.9%,52.0%,59.7%,46.9%,53.8%,16.5%,23.1%,51.4%,27,70.5%,51.8%,2.20,23.7%,4.9%,4.3,53.3%,53.6%,52.3%,54.6%,51.0%,6.2%,6.7,2.5,1.9%,71.1%,10.0%,72.9%,13.9%,19.8%,16.0%,7.2%,26.1%,1.2%,37.4%,-25,-13
199,Carlos Alcaraz,2,1,5.2%,3.0%,65.0%,71.7%,55.7%,19.2%,16.3%,11.4%,4.5%,115.1,119.3,109.7,96.9,98.8,96.8,5.5%,65.7%,4.5%,64.9%,41.2%,41.5%,56.3%,30.8%,46.9%,58.7%,47.6%,48.9%,17.6%,27.4%,52.2%,52,70.7%,52.9%,2.23,12.8%,4.8%,4.0,51.4%,55.3%,54.6%,56.0%,52.8%,16.0%,8.3,2.5,6.1%,75.9%,12.7%,72.1%,17.0%,23.3%,12.3%,8.7%,24.8%,3.1%,41.0%,8,7
298,Alexander Zverev,3,2,10.7%,4.7%,66.7%,74.5%,50.4%,17.1%,16.4%,6.6%,4.2%,125.9,128.6,123.2,101.4,107.4,99.6,10.4%,66.6%,8.7%,64.3%,37.3%,38.6%,53.5%,39.8%,52.7%,56.6%,49.2%,41.7%,17.5%,24.7%,48.2%,46,70.5%,48.5%,2.21,26.1%,3.5%,4.3,51.6%,51.6%,48.5%,50.7%,48.5%,11.7%,3.4,2.8,2.4%,71.1%,11.6%,65.5%,11.0%,15.4%,9.6%,8.2%,25.1%,0.9%,32.0%,-46,-19
129,Taylor Fritz,4,4,11.9%,2.9%,60.1%,76.4%,52.3%,17.7%,14.9%,7.7%,3.2%,119.6,124.3,114.7,94.5,96.2,93.1,11.3%,66.5%,10.4%,65.4%,35.4%,36.0%,53.6%,45.2%,58.9%,58.7%,53.5%,47.2%,15.3%,23.2%,48.2%,24,66.7%,46.3%,2.29,33.6%,5.3%,4.1,51.8%,50.8%,49.6%,47.4%,50.9%,6.0%,5.7,1.5,0.6%,74.5%,7.7%,69.5%,14.1%,22.0%,20.5%,7.2%,24.5%,0.9%,31.9%,-35,-16
596,Novak Djokovic,5,1,7.4%,3.0%,64.9%,74.2%,55.5%,16.3%,15.0%,7.1%,3.9%,114.9,117.6,111.0,93.7,100.0,96.3,6.4%,69.0%,6.0%,67.3%,41.5%,42.6%,56.2%,33.7%,47.1%,59.2%,47.8%,47.7%,17.0%,23.9%,51.4%,46,70.6%,52.5%,2.18,25.2%,4.2%,4.7,52.6%,54.1%,53.8%,53.9%,49.0%,14.2%,7.8,3.1,2.3%,71.5%,11.1%,70.7%,12.6%,15.6%,11.8%,7.4%,17.5%,1.5%,27.9%,-48,-33
37,Jack Draper,6,6,11.0%,3.9%,59.7%,76.5%,51.1%,18.1%,14.5%,8.4%,4.5%,116.6,119.9,113.3,90.2,89.6,89.6,8.5%,64.7%,9.3%,66.1%,38.4%,38.8%,54.1%,40.6%,55.0%,57.7%,34.9%,54.2%,18.1%,26.6%,49.5%,60,67.8%,48.8%,2.25,31.0%,5.8%,4.1,52.2%,48.5%,52.9%,47.1%,49.5%,11.4%,5.8,2.6,4.5%,72.3%,10.1%,69.4%,13.3%,18.6%,10.3%,7.2%,15.8%,2.0%,26.5%,-57,-33
128,Alex De Minaur,7,6,4.9%,3.3%,58.6%,71.0%,53.4%,13.6%,15.6%,7.0%,3.5%,113.3,116.9,108.1,91.8,92.2,89.9,5.3%,64.4%,3.6%,61.5%,38.1%,39.6%,53.6%,30.6%,42.3%,56.9%,45.0%,42.5%,14.8%,20.1%,49.3%,32,71.7%,48.3%,2.30,16.8%,5.7%,5.0,49.7%,50.0%,51.7%,52.2%,47.9%,13.3%,4.3,0.8,1.2%,76.3%,11.6%,70.7%,10.8%,14.3%,5.8%,5.3%,16.8%,0.7%,34.3%,-77,-68
213,Andrey Rublev,8,5,9.0%,3.3%,60.9%,75.1%,51.2%,18.1%,14.7%,9.0%,2.9%,115.2,119.7,110.4,87.7,88.2,86.7,8.6%,65.0%,7.4%,63.9%,36.9%,39.0%,53.0%,40.1%,53.9%,58.8%,50.0%,47.4%,17.6%,24.6%,45.5%,33,64.2%,52.2%,2.30,26.8%,10.1%,3.9,50.4%,53.1%,54.1%,52.7%,50.8%,9.6%,11.4,1.5,0.8%,78.7%,6.6%,70.0%,18.0%,22.2%,16.6%,6.5%,21.0%,0.2%,36.1%,-20,-17
301,Daniil Medvedev,9,1,10.3%,4.8%,61.4%,75.1%,51.1%,16.3%,15.0%,6.2%,4.2%,118.3,121.5,115.0,94.2,101.6,94.9,9.0%,66.2%,9.4%,64.9%,39.5%,40.1%,55.1%,39.8%,52.4%,58.7%,52.7%,46.1%,17.6%,24.0%,50.1%,51,73.5%,49.0%,2.25,30.5%,5.6%,4.8,52.5%,52.4%,51.9%,53.2%,45.6%,7.7%,4.8,3.3,1.6%,66.0%,9.6%,66.1%,10.2%,14.8%,9.6%,6.4%,19.3%,1.2%,29.9%,-87,-56
189,Casper Ruud,10,2,6.7%,2.9%,65.2%,72.2%,54.2%,16.3%,14.3%,8.9%,2.6%,113.7,116.9,108.9,94.4,96.9,93.6,6.5%,65.8%,4.8%,63.4%,37.6%,37.8%,55.5%,33.0%,47.6%,58.9%,47.4%,50.0%,17.4%,24.7%,50.1%,39,71.7%,47.1%,2.26,17.7%,4.9%,4.2,51.9%,51.9%,51.8%,47.9%,55.6%,18.7%,8.4,0.2,1.2%,71.1%,9.4%,70.4%,15.0%,19.0%,11.6%,6.3%,24.8%,1.1%,28.9%,-50,-37
90,Lorenzo Musetti,11,11,4.5%,2.6%,64.5%,69.3%,51.8%,14.6%,15.1%,8.0%,4.0%,113.4,115.2,112.0,90.4,93.2,92.9,4.2%,62.8%,3.6%,62.1%,37.0%,39.2%,52.7%,28.4%,41.6%,56.5%,43.9%,51.9%,15.7%,22.2%,46.4%,32,72.3%,46.3%,2.25,14.2%,5.2%,4.4,49.8%,49.2%,49.3%,49.7%,51.4%,35.7%,6.0,1.7,3.4%,69.3%,10.1%,68.2%,12.9%,16.9%,11.1%,9.6%,24.1%,2.5%,30.9%,-53,-47
84,Tommy Paul,12,9,6.5%,2.8%,61.3%,71.0%,52.6%,16.6%,17.0%,8.0%,3.5%,110.5,118.6,101.3,89.0,91.1,91.0,7.0%,64.0%,4.4%,62.4%,36.8%,38.1%,52.3%,33.3%,47.7%,56.3%,48.7%,47.1%,17.4%,24.2%,46.6%,23,68.8%,48.5%,2.32,20.4%,7.1%,4.2,49.8%,50.2%,51.6%,51.9%,52.6%,14.0%,4.8,2.0,4.9%,67.9%,11.8%,69.7%,13.8%,16.4%,9.7%,7.5%,22.0%,0.7%,28.2%,-16,-17
83,Holger Rune,13,4,6.7%,4.2%,62.0%,72.3%,53.5%,18.5%,16.5%,10.4%,5.0%,116.4,120.7,113.1,100.6,105.4,99.8,6.4%,64.8%,6.8%,63.6%,34.0%,35.2%,53.7%,32.0%,47.3%,56.5%,58.5%,48.7%,17.0%,28.7%,49.6%,48,65.1%,47.3%,2.25,17.8%,5.3%,3.9,48.1%,51.7%,51.1%,48.8%,53.9%,16.2%,7.1,0.8,4.8%,61.7%,12.7%,67.9%,15.4%,17.8%,11.8%,8.8%,28.1%,2.9%,29.8%,-2,0
51,Arthur Fils,14,14,8.2%,4.3%,61.1%,74.6%,49.8%,19.9%,19.7%,8.9%,4.3%,115.9,119.0,112.3,95.1,96.9,92.9,8.3%,64.9%,7.7%,62.9%,33.0%,35.9%,53.0%,38.7%,54.0%,59.1%,58.4%,47.9%,18.1%,25.8%,45.1%,59,62.3%,49.1%,2.33,20.8%,5.1%,3.7,48.9%,51.3%,51.8%,50.8%,52.0%,14.6%,5.4,-0.9,2.8%,68.9%,8.4%,68.6%,16.0%,18.5%,8.5%,8.1%,21.6%,1.2%,29.9%,28,18
40,Ben Shelton,15,12,11.1%,4.3%,66.1%,75.5%,53.5%,18.9%,16.7%,10.0%,2.9%,117.5,122.4,111.9,103.1,103.4,99.5,9.3%,65.5%,14.6%,68.8%,31.3%,33.3%,51.3%,43.4%,57.9%,55.0%,40.7%,52.6%,21.5%,33.5%,45.3%,89,66.0%,42.2%,2.17,24.9%,4.0%,3.6,51.2%,46.5%,42.6%,45.1%,53.1%,26.6%,5.1,-2.4,12.3%,68.2%,14.5%,64.7%,16.6%,22.5%,11.9%,6.0%,13.0%,1.8%,21.2%,8,35
228,Stefanos Tsitsipas,16,3,8.9%,2.9%,62.2%,76.2%,54.7%,17.4%,15.2%,8.5%,2.9%,118.6,122.3,115.7,96.5,101.7,98.7,9.3%,67.9%,6.7%,65.3%,36.1%,36.1%,54.5%,39.1%,55.0%,59.3%,51.0%,45.8%,17.5%,27.1%,47.9%,45,68.1%,45.3%,2.21,18.6%,5.9%,4.0,51.4%,49.4%,47.3%,50.2%,53.4%,22.6%,7.5,-1.9,4.7%,71.2%,12.9%,71.5%,16.5%,22.7%,13.3%,6.2%,22.4%,1.5%,32.0%,-17,-4
184,Grigor Dimitrov,17,3,8.8%,4.4%,62.1%,75.1%,51.3%,17.0%,16.5%,8.0%,3.2%,118.1,123.1,114.3,93.4,94.2,91.6,8.2%,67.4%,6.8%,65.2%,37.0%,36.6%,53.8%,37.6%,50.9%,58.0%,52.0%,46.0%,16.7%,24.7%,47.7%,44,66.7%,48.4%,2.20,22.5%,6.9%,4.1,49.4%,51.1%,50.9%,52.6%,52.1%,51.5%,7.6,-1.5,1.2%,75.9%,9.5%,73.1%,14.2%,21.6%,9.7%,8.8%,28.3%,0.9%,28.5%,-27,-11
74,Frances Tiafoe,18,10,8.8%,3.0%,60.4%,72.8%,52.3%,16.5%,14.9%,7.9%,4.1%,117.8,121.3,114.2,89.6,90.9,87.7,9.0%,65.0%,6.8%,62.6%,36.0%,37.3%,50.7%,37.6%,51.6%,54.6%,57.2%,36.6%,17.3%,24.1%,45.9%,38,63.0%,47.7%,2.30,23.9%,7.5%,3.8,48.4%,49.3%,50.8%,47.1%,47.3%,17.7%,4.7,2.3,3.1%,56.9%,11.6%,65.5%,15.2%,19.9%,14.5%,8.2%,22.2%,1.9%,28.9%,-8,-2
121,Felix Auger Aliassime,19,6,11.9%,5.2%,63.7%,75.6%,50.1%,18.0%,18.5%,8.9%,2.8%,119.9,122.5,117.4,101.2,103.0,101.0,11.0%,65.7%,9.7%,63.7%,35.0%,36.7%,51.3%,44.3%,57.7%,55.3%,47.4%,46.6%,19.4%,26.5%,45.6%,65,66.4%,46.7%,2.18,25.2%,4.5%,3.7,51.3%,47.8%,47.5%,48.5%,54.5%,15.4%,5.2,-2.3,1.8%,76.0%,10.5%,69.7%,15.2%,20.7%,12.5%,6.3%,20.8%,0.9%,33.7%,8,33
30,Tomas Machac,20,20,6.7%,3.4%,62.7%,69.9%,52.3%,17.9%,17.8%,8.0%,4.8%,112.1,117.9,107.7,90.8,92.5,88.0,6.2%,62.2%,5.2%,61.2%,36.8%,40.0%,51.5%,33.9%,47.9%,54.9%,46.9%,41.8%,15.3%,24.7%,46.9%,33,68.2%,47.6%,2.27,19.8%,8.2%,3.9,48.9%,51.8%,52.3%,51.2%,47.1%,10.8%,3.7,2.3,4.1%,59.4%,12.0%,70.1%,14.9%,18.5%,11.9%,10.4%,32.5%,0.8%,37.9%,14,4
65,Ugo Humbert,21,13,8.7%,3.1%,61.9%,73.6%,52.4%,19.0%,17.4%,8.6%,4.1%,113.4,117.7,108.3,92.7,92.2,92.4,7.0%,64.5%,8.8%,66.4%,36.7%,37.4%,54.0%,38.6%,52.1%,57.3%,39.9%,54.5%,17.1%,25.0%,49.4%,23,62.1%,49.4%,2.31,33.7%,5.8%,3.7,49.6%,52.5%,53.7%,51.0%,51.9%,12.0%,6.5,3.5,0.7%,70.0%,8.3%,68.2%,15.8%,22.4%,7.4%,10.4%,17.1%,0.6%,32.6%,25,10
47,Francisco Cerundolo,22,19,3.8%,3.9%,64.2%,67.3%,50.4%,16.3%,21.3%,11.0%,3.3%,108.2,110.6,105.5,85.5,87.7,86.2,2.6%,59.4%,2.3%,60.5%,41.7%,40.6%,52.7%,22.1%,36.6%,54.9%,47.1%,52.4%,14.2%,21.5%,48.2%,21,74.1%,49.2%,2.30,8.3%,4.9%,4.6,47.3%,51.2%,51.8%,52.7%,51.4%,10.4%,6.5,-0.3,0.7%,54.2%,8.1%,69.8%,15.5%,19.7%,16.2%,6.5%,26.9%,2.0%,46.2%,2,-9
23,Jakub Mensik,23,23,13.7%,4.4%,59.3%,76.1%,48.1%,19.0%,17.8%,7.9%,4.3%,121.0,124.2,118.7,87.1,94.3,93.4,12.2%,64.5%,13.3%,63.3%,33.1%,32.8%,49.3%,47.0%,61.0%,55.9%,56.4%,54.7%,17.7%,23.3%,42.1%,58,67.2%,44.3%,2.29,35.9%,6.2%,3.9,51.8%,47.6%,44.2%,44.8%,53.9%,17.1%,1.4,0.6,3.8%,73.9%,11.4%,68.0%,12.1%,17.4%,24.4%,8.2%,22.5%,1.5%,33.0%,-6,16
56,Sebastian Korda,24,15,8.9%,2.9%,63.0%,72.3%,51.5%,16.5%,18.9%,8.0%,3.7%,113.9,115.8,111.7,92.8,95.6,92.0,6.7%,62.9%,5.5%,61.9%,38.2%,38.2%,50.7%,37.6%,52.7%,55.4%,44.9%,54.8%,15.9%,23.4%,44.3%,35,63.2%,48.9%,2.27,18.0%,6.4%,3.9,49.3%,49.7%,49.1%,50.7%,49.7%,19.5%,5.0,0.6,4.9%,69.3%,11.8%,68.8%,15.1%,20.7%,11.7%,8.6%,21.1%,1.2%,26.9%,20,18
30,Alexei Popyrin,25,23,10.8%,4.1%,61.5%,74.6%,50.1%,18.7%,17.5%,9.1%,3.2%,118.6,121.7,113.8,96.8,102.5,97.6,9.3%,63.8%,7.9%,63.8%,34.4%,36.2%,52.4%,40.4%,55.0%,57.9%,48.1%,50.4%,19.8%,28.7%,44.7%,74,63.7%,45.4%,2.21,30.7%,6.1%,3.5,50.0%,47.4%,48.0%,49.3%,55.8%,27.7%,6.0,-2.5,5.7%,65.3%,13.2%,64.6%,17.2%,20.5%,16.9%,8.5%,24.2%,1.1%,21.1%,17,29
54,Jiri Lehecka,26,22,8.4%,3.1%,63.4%,72.3%,51.5%,20.9%,18.7%,9.6%,4.6%,117.5,123.1,113.5,100.2,102.8,101.6,7.6%,64.7%,8.3%,63.6%,36.8%,35.6%,50.9%,37.7%,53.0%,55.6%,48.2%,50.5%,17.2%,26.8%,44.3%,53,63.3%,47.7%,2.23,26.4%,4.5%,3.7,49.6%,49.7%,47.1%,45.6%,52.6%,17.0%,4.1,-1.0,5.5%,70.3%,12.3%,66.4%,16.2%,25.0%,15.8%,7.4%,25.9%,0.9%,24.5%,28,13
102,Karen Khachanov,27,8,9.4%,3.1%,62.6%,73.6%,51.8%,16.5%,15.8%,6.2%,3.5%,118.0,121.3,114.3,98.3,98.7,95.4,10.1%,65.7%,8.4%,64.6%,36.3%,37.5%,52.0%,38.3%,51.7%,55.4%,54.2%,48.9%,16.2%,22.8%,47.3%,37,68.5%,47.0%,2.26,27.1%,3.1%,4.2,51.2%,48.0%,49.2%,49.7%,50.5%,11.4%,4.7,0.8,0.5%,41.7%,8.6%,65.7%,12.7%,17.9%,9.0%,7.8%,25.7%,0.7%,30.0%,-39,-21
306,Hubert Hurkacz,28,6,13.5%,2.7%,63.4%,76.5%,52.0%,18.0%,17.2%,8.3%,3.7%,120.4,124.9,115.4,96.5,99.3,96.7,13.0%,66.9%,10.9%,65.9%,35.7%,37.0%,51.8%,47.1%,60.8%,56.2%,49.8%,49.8%,18.5%,28.6%,46.4%,21,69.2%,45.1%,2.25,31.1%,4.8%,3.9,53.7%,48.6%,44.6%,47.3%,52.6%,16.6%,1.8,-1.9,3.7%,70.3%,13.2%,68.7%,12.7%,16.9%,11.5%,6.8%,17.6%,1.4%,30.1%,-19,16
100,Denis Shapovalov,29,10,10.1%,6.9%,59.2%,76.1%,51.3%,20.0%,19.4%,10.0%,3.5%,117.3,121.5,112.5,97.9,99.5,98.3,7.7%,64.5%,10.2%,67.0%,36.0%,36.6%,54.4%,39.9%,58.1%,58.5%,34.8%,56.5%,19.7%,32.9%,48.9%,65,65.3%,47.6%,2.20,27.8%,3.9%,3.6,48.9%,53.3%,47.6%,51.2%,56.7%,18.7%,5.5,-0.3,4.7%,76.9%,12.3%,70.0%,17.5%,26.0%,13.0%,9.9%,17.6%,1.0%,31.2%,54,57
57,Alejandro Davidovich Fokina,30,21,3.8%,3.0%,66.9%,66.2%,51.0%,15.6%,20.1%,7.5%,4.3%,111.5,115.5,107.6,94.2,97.4,99.7,4.0%,61.2%,2.7%,57.7%,38.3%,40.0%,49.2%,24.7%,37.8%,51.6%,46.3%,38.1%,15.8%,21.8%,44.5%,41,68.7%,48.9%,2.25,8.7%,6.7%,4.2,46.6%,48.5%,53.5%,52.3%,49.1%,13.0%,2.5,1.1,2.0%,66.7%,9.3%,68.7%,13.5%,16.7%,15.7%,9.5%,25.9%,2.9%,31.0%,12,-1
22,Alejandro Tabilo,31,19,8.5%,3.5%,63.6%,71.9%,48.5%,18.1%,15.8%,8.5%,4.8%,111.6,115.8,107.5,88.0,94.9,89.5,4.5%,61.8%,6.6%,63.7%,38.9%,40.0%,50.9%,36.1%,52.6%,56.1%,40.2%,51.8%,18.3%,24.8%,42.9%,52,70.0%,48.2%,2.23,28.8%,5.2%,4.1,51.9%,49.3%,49.2%,50.2%,51.6%,13.0%,6.0,2.5,3.7%,70.7%,10.7%,63.1%,14.1%,21.1%,10.3%,9.8%,26.1%,3.4%,19.1%,-16,-8
39,Brandon Nakashima,32,31,10.0%,2.1%,64.3%,74.9%,54.0%,16.9%,14.2%,8.3%,3.8%,115.3,120.2,110.6,95.6,98.8,94.2,10.4%,65.7%,8.0%,66.7%,34.2%,35.8%,52.0%,39.4%,52.8%,57.5%,49.5%,52.6%,16.4%,22.4%,44.1%,19,66.6%,46.8%,2.25,21.0%,6.1%,4.3,51.3%,49.9%,46.2%,48.0%,51.8%,19.7%,4.6,1.1,2.9%,64.2%,11.2%,69.9%,12.7%,15.7%,9.8%,7.3%,27.0%,0.7%,47.9%,-42,-26
107,Matteo Berrettini,33,6,12.4%,2.3%,64.2%,78.0%,53.0%,19.2%,17.4%,9.2%,2.4%,124.1,127.9,120.4,102.2,105.4,100.6,11.4%,68.7%,9.4%,68.1%,35.0%,36.7%,52.7%,45.4%,61.1%,58.3%,48.8%,47.9%,17.4%,26.3%,45.6%,15,68.2%,43.5%,2.19,32.3%,4.6%,3.7,52.2%,47.8%,47.3%,48.5%,52.0%,40.3%,4.8,-3.5,1.2%,66.3%,9.8%,71.6%,17.8%,25.0%,15.8%,6.1%,26.2%,2.2%,38.1%,23,36
27,Giovanni Mpetshi Perricard,34,29,20.0%,6.0%,64.6%,78.5%,53.7%,27.0%,16.6%,9.4%,4.4%,125.1,129.7,119.9,115.8,118.6,114.0,20.6%,69.8%,17.0%,68.8%,26.3%,30.9%,51.0%,54.5%,68.8%,53.2%,45.8%,54.7%,31.8%,45.4%,47.8%,172,61.6%,39.8%,2.12,31.4%,5.3%,3.0,51.3%,46.1%,38.4%,47.2%,55.5%,32.0%,0.4,-4.1,23.0%,70.1%,16.7%,67.7%,17.2%,22.7%,19.9%,11.3%,28.6%,0.8%,36.1%,36,72
59,Sebastian Baez,35,18,2.5%,2.3%,72.0%,64.1%,52.1%,14.0%,18.8%,8.8%,4.3%,102.4,105.4,98.2,86.3,89.1,80.3,1.8%,60.2%,1.9%,57.7%,42.1%,40.3%,51.5%,19.4%,30.0%,54.0%,46.9%,33.1%,15.5%,20.0%,44.6%,37,70.8%,51.3%,2.23,6.1%,4.5%,4.8,45.5%,53.0%,54.7%,50.7%,54.4%,15.3%,4.8,0.2,0.5%,66.7%,8.3%,68.6%,12.0%,17.8%,11.0%,5.3%,15.9%,1.9%,41.5%,-44,-51
21,Flavio Cobolli,36,30,6.4%,3.9%,55.6%,71.0%,50.9%,16.7%,17.5%,9.1%,4.3%,109.3,115.1,105.1,86.5,91.3,89.7,8.0%,60.1%,5.3%,61.6%,32.7%,34.1%,49.2%,32.2%,46.5%,54.5%,43.5%,59.5%,15.3%,24.3%,42.9%,34,66.1%,43.6%,2.35,15.0%,10.7%,3.9,46.5%,44.4%,51.0%,49.4%,53.3%,14.7%,5.1,-2.3,2.0%,76.7%,8.8%,69.0%,15.6%,18.7%,20.0%,7.6%,20.7%,1.7%,27.5%,3,-2
98,Tallon Griekspoor,37,21,9.9%,3.8%,64.1%,74.3%,51.7%,17.8%,16.9%,9.9%,3.7%,116.5,120.7,112.4,98.6,101.8,97.4,9.3%,64.7%,8.0%,64.2%,33.4%,34.1%,51.6%,40.3%,56.7%,56.3%,48.5%,50.3%,20.0%,30.3%,44.6%,65,63.7%,46.0%,2.26,24.9%,7.5%,3.5,50.3%,48.1%,46.6%,48.1%,53.1%,25.4%,6.6,-3.0,7.3%,67.6%,14.0%,68.7%,17.8%,22.5%,17.3%,10.0%,28.0%,1.1%,30.9%,18,36
21,Alex Michelsen,38,32,5.9%,3.0%,67.5%,69.5%,51.3%,15.8%,15.0%,8.3%,4.9%,111.5,118.5,107.5,93.0,91.6,92.9,6.4%,67.4%,4.5%,59.1%,39.6%,36.7%,52.5%,32.8%,46.6%,56.8%,49.4%,52.8%,18.0%,24.0%,44.7%,58,64.5%,50.4%,2.27,17.7%,6.2%,3.9,49.5%,52.6%,54.6%,47.7%,51.7%,10.4%,5.4,4.9,2.7%,71.1%,13.6%,70.4%,13.8%,18.2%,4.3%,9.7%,25.5%,1.6%,32.5%,-18,-13
33,Jordan Thompson,39,26,8.3%,2.3%,61.6%,71.5%,50.8%,14.7%,15.2%,6.3%,3.2%,111.9,117.3,104.9,88.0,90.5,88.3,7.4%,63.7%,5.5%,63.6%,38.5%,40.1%,49.4%,39.1%,50.1%,53.7%,45.1%,43.4%,14.1%,21.6%,44.2%,16,67.3%,47.6%,2.27,20.2%,5.9%,4.3,49.7%,50.9%,47.9%,46.1%,54.0%,17.9%,1.4,-1.6,9.4%,68.7%,13.5%,69.4%,9.9%,11.5%,11.0%,5.7%,14.9%,0.6%,26.4%,-47,-30
12,Alexandre Muller,40,39,4.6%,2.4%,64.9%,66.8%,49.8%,14.1%,18.1%,6.1%,4.5%,107.9,112.8,104.4,87.1,89.2,91.1,3.3%,58.5%,3.9%,57.4%,37.8%,36.7%,42.5%,31.0%,42.8%,44.2%,48.9%,46.1%,16.8%,20.8%,40.1%,36,68.5%,43.4%,2.43,12.1%,9.8%,4.2,47.5%,39.8%,42.4%,41.8%,45.4%,12.8%,-0.7,-1.9,4.9%,61.9%,10.0%,63.9%,9.5%,13.0%,7.1%,5.9%,21.2%,1.4%,33.3%,-44,-38
19,Nuno Borges,41,30,6.2%,3.2%,64.5%,69.7%,51.3%,14.9%,17.9%,8.1%,3.1%,110.7,112.9,109.0,89.5,91.4,85.6,6.3%,64.3%,5.0%,62.3%,37.3%,36.2%,51.5%,32.2%,44.0%,53.4%,42.6%,41.5%,17.6%,25.1%,48.4%,57,66.3%,47.8%,2.35,15.1%,6.4%,4.2,48.2%,51.4%,49.2%,52.6%,55.6%,10.3%,4.0,0.2,1.4%,69.6%,8.9%,74.4%,12.1%,18.0%,8.1%,7.2%,19.6%,2.0%,41.9%,-24,-21
24,Matteo Arnaldi,42,29,7.5%,3.8%,57.5%,70.3%,51.5%,17.7%,18.3%,10.3%,3.8%,107.5,113.2,103.4,88.3,89.7,88.6,5.9%,60.0%,5.7%,59.5%,34.2%,38.9%,49.8%,31.0%,45.5%,54.3%,56.3%,44.0%,17.5%,26.2%,44.5%,46,72.3%,45.3%,2.28,15.6%,7.2%,4.1,49.2%,45.2%,50.4%,48.1%,51.3%,15.0%,3.6,0.6,4.1%,64.0%,11.0%,65.2%,15.6%,15.9%,18.3%,7.7%,21.6%,2.8%,26.7%,0,-4
144,Gael Monfils,43,6,10.4%,4.6%,62.1%,73.2%,49.9%,17.0%,16.8%,7.0%,3.4%,114.0,117.0,109.4,96.8,99.8,96.7,9.1%,64.9%,8.0%,64.4%,38.4%,38.8%,51.8%,37.5%,50.3%,55.8%,48.5%,44.2%,16.7%,24.9%,46.3%,41,72.4%,46.3%,2.19,25.2%,4.9%,4.5,51.3%,49.1%,47.1%,49.2%,49.8%,11.2%,4.3,0.3,4.5%,66.6%,8.6%,68.6%,12.1%,17.5%,10.1%,6.6%,22.1%,1.1%,24.8%,-56,-29
50,Lorenzo Sonego,44,21,7.6%,2.4%,66.1%,72.7%,51.2%,16.8%,16.1%,8.1%,2.2%,118.4,122.9,110.3,94.9,97.4,92.4,7.7%,64.6%,5.6%,64.1%,36.9%,36.9%,51.8%,35.9%,51.5%,55.9%,56.9%,47.2%,16.8%,26.1%,45.2%,20,69.6%,43.1%,2.23,23.1%,5.2%,3.8,50.6%,48.2%,45.5%,44.4%,55.5%,23.0%,4.4,-4.2,5.0%,69.6%,11.7%,70.2%,15.7%,21.9%,12.1%,5.6%,17.7%,3.2%,33.1%,-3,0
30,Marcos Giron,45,37,6.5%,2.1%,60.9%,71.5%,50.7%,14.5%,15.3%,7.3%,2.5%,109.5,116.5,106.5,84.2,88.1,79.2,6.7%,62.3%,5.0%,61.3%,33.9%,36.3%,50.3%,31.6%,44.0%,56.4%,57.5%,52.7%,12.8%,18.0%,42.7%,12,67.1%,43.8%,2.33,23.1%,7.9%,4.4,47.4%,43.7%,51.9%,46.8%,50.9%,17.6%,4.9,-0.1,1.9%,78.6%,8.8%,66.9%,13.2%,16.6%,8.7%,5.1%,18.2%,0.9%,37.0%,-57,-55
25,Tomas Martin Etcheverry,46,27,7.4%,2.2%,65.1%,70.5%,50.9%,14.2%,15.1%,8.1%,2.5%,117.4,122.3,113.3,86.3,88.8,89.5,5.6%,62.3%,5.2%,61.5%,37.5%,39.1%,50.3%,33.7%,45.1%,55.9%,58.3%,44.4%,16.5%,20.5%,41.9%,13,73.3%,44.7%,2.31,12.7%,6.6%,4.7,51.3%,48.4%,45.0%,48.0%,56.3%,11.7%,4.6,-2.0,0.9%,70.6%,10.0%,70.7%,10.7%,14.2%,5.6%,5.0%,25.5%,1.0%,40.2%,-78,-62
13,Luciano Darderi,47,32,7.1%,3.1%,58.5%,70.3%,51.3%,15.5%,15.6%,8.2%,3.9%,110.8,115.6,111.0,87.3,90.7,84.8,8.1%,63.4%,5.8%,63.7%,33.9%,34.3%,53.0%,32.9%,47.2%,56.3%,53.7%,49.3%,18.4%,26.2%,49.4%,-3,70.5%,45.8%,2.34,23.2%,7.9%,4.5,50.4%,47.4%,45.1%,56.3%,55.7%,19.0%,6.3,-1.0,0.5%,50.0%,8.2%,58.9%,11.6%,12.5%,7.3%,6.0%,23.8%,2.4%,41.5%,-63,-55
54,Miomir Kecmanovic,48,27,5.4%,2.6%,61.4%,70.1%,53.2%,14.1%,13.8%,7.1%,3.5%,112.0,114.9,109.2,90.8,92.0,90.1,4.3%,62.8%,3.8%,62.3%,38.2%,39.2%,52.6%,29.9%,42.7%,56.0%,43.3%,42.3%,15.7%,21.1%,47.9%,7,66.7%,46.7%,2.26,17.8%,8.4%,4.5,49.5%,47.7%,50.5%,49.4%,51.3%,14.2%,7.4,2.4,0.2%,80.0%,7.8%,63.9%,12.8%,18.9%,12.8%,7.5%,25.3%,0.9%,31.9%,-68,-63
31,Pedro Martinez,49,36,2.6%,4.6%,66.7%,65.0%,48.4%,13.7%,14.6%,6.4%,3.2%,106.5,110.4,103.2,89.7,92.5,89.2,3.1%,58.5%,1.8%,58.0%,37.8%,41.0%,52.5%,20.1%,31.9%,54.8%,40.7%,53.8%,15.6%,22.9%,47.6%,29,72.0%,46.4%,2.27,8.9%,6.6%,4.6,47.3%,45.8%,52.3%,48.8%,53.0%,24.7%,5.3,2.1,3.8%,67.0%,14.8%,66.5%,11.2%,13.3%,13.3%,7.8%,22.7%,3.2%,30.5%,-61,-56
11,Zizou Bergs,50,50,8.5%,3.6%,62.6%,72.2%,51.2%,18.7%,18.7%,9.6%,3.5%,113.1,115.4,110.2,93.8,89.5,94.5,6.1%,63.4%,4.8%,60.2%,35.8%,37.0%,48.1%,41.7%,56.1%,52.6%,44.3%,42.5%,20.5%,25.9%,41.7%,49,62.4%,49.5%,2.30,32.2%,6.0%,3.7,48.6%,50.7%,41.9%,53.5%,55.5%,18.6%,2.2,-1.5,8.3%,71.2%,12.3%,70.0%,13.3%,12.8%,12.0%,6.5%,18.9%,2.1%,32.0%,21,21
61,Jan Lennard Struff,51,21,11.3%,4.6%,56.5%,76.0%,49.7%,18.9%,15.8%,7.6%,4.1%,122.4,126.5,121.2,98.1,104.0,99.9,9.5%,65.5%,9.1%,63.6%,34.9%,36.6%,50.5%,46.4%,61.6%,55.7%,48.3%,48.3%,20.0%,29.9%,45.0%,77,60.0%,50.1%,2.19,25.4%,5.7%,3.3,49.3%,49.4%,48.5%,52.2%,47.4%,11.3%,6.7,-0.5,19.4%,68.4%,16.5%,67.9%,16.6%,26.5%,14.0%,10.0%,32.2%,0.2%,35.3%,38,42
103,David Goffin,52,7,6.7%,4.2%,58.3%,71.2%,50.1%,15.5%,16.0%,7.3%,3.7%,109.0,111.8,104.3,89.1,90.9,87.6,6.5%,64.2%,4.4%,61.4%,39.9%,41.0%,51.7%,33.3%,45.7%,56.8%,49.7%,48.9%,15.6%,21.6%,45.5%,37,67.7%,51.2%,2.32,25.3%,6.7%,4.3,48.7%,51.7%,53.7%,48.8%,53.2%,13.9%,6.1,0.9,1.2%,77.4%,9.6%,72.1%,12.3%,17.3%,8.9%,7.9%,20.7%,0.7%,30.9%,-28,-20
96,Roberto Bautista Agut,53,9,4.0%,2.4%,66.1%,69.6%,53.7%,13.8%,14.1%,8.2%,2.2%,105.8,106.6,103.3,90.6,93.4,89.6,3.5%,64.5%,2.8%,63.3%,38.4%,39.7%,55.3%,27.4%,39.7%,59.1%,47.2%,50.6%,16.1%,20.0%,48.4%,20,68.5%,47.4%,2.31,20.2%,4.8%,4.8,48.6%,51.9%,53.2%,50.1%,51.9%,16.6%,7.2,-0.9,0.5%,75.0%,8.6%,70.0%,12.2%,15.9%,12.3%,3.5%,18.8%,1.2%,36.5%,-76,-69
14,Quentin Halys,54,54,14.4%,5.5%,59.2%,77.8%,47.9%,20.2%,16.6%,8.3%,3.4%,117.1,121.9,112.9,98.0,106.9,97.1,12.6%,63.7%,10.7%,62.6%,34.6%,35.8%,49.8%,48.7%,63.9%,58.4%,59.4%,45.0%,16.8%,28.6%,41.1%,42,64.9%,36.2%,2.22,22.9%,7.9%,3.3,47.8%,45.9%,43.5%,37.3%,47.6%,21.3%,4.2,-3.7,5.2%,77.6%,11.5%,70.3%,22.4%,29.2%,36.2%,9.5%,22.7%,2.2%,20.3%,49,66
28,Roberto Carballes Baena,55,49,3.5%,3.6%,63.2%,66.7%,50.1%,11.2%,12.6%,5.2%,2.6%,111.3,116.4,108.9,90.9,94.0,92.4,3.8%,60.9%,2.5%,59.4%,38.5%,39.5%,52.6%,23.8%,32.8%,55.0%,47.3%,58.5%,15.5%,18.9%,48.0%,35,74.6%,45.2%,2.25,15.5%,5.1%,5.1,47.2%,48.1%,50.2%,52.0%,54.4%,12.1%,5.0,-0.3,0.5%,80.0%,9.9%,70.0%,9.4%,10.7%,5.7%,4.8%,18.4%,1.2%,31.0%,-104,-89
27,Zhizhen Zhang,56,31,9.1%,2.5%,63.4%,72.6%,51.7%,18.0%,15.9%,8.8%,3.4%,118.7,122.6,114.2,99.5,101.1,99.1,8.9%,63.5%,8.1%,60.9%,32.6%,34.1%,50.1%,41.6%,53.3%,53.0%,44.1%,38.7%,19.2%,27.0%,46.3%,31,64.3%,44.1%,2.21,24.2%,5.5%,3.6,49.3%,42.5%,54.3%,52.3%,53.7%,14.0%,2.9,-0.6,1.3%,60.0%,9.8%,63.4%,14.2%,18.5%,11.5%,8.1%,25.1%,1.2%,45.1%,8,13
29,Jaume Munar,57,52,4.4%,3.8%,64.8%,67.7%,47.7%,12.3%,13.7%,5.2%,2.9%,112.9,117.2,110.3,90.3,94.2,88.6,4.3%,61.1%,3.3%,59.9%,40.5%,40.2%,47.5%,26.8%,38.1%,51.5%,63.6%,55.5%,14.6%,18.2%,40.7%,26,75.9%,45.5%,2.33,13.1%,9.6%,4.7,50.2%,46.8%,45.9%,45.1%,51.4%,18.3%,2.4,0.9,2.6%,67.2%,9.6%,68.8%,10.2%,13.4%,10.2%,6.0%,22.1%,1.6%,38.5%,-86,-73
62,Nicolas Jarry,58,16,11.0%,3.1%,63.8%,74.4%,52.2%,22.9%,21.1%,11.3%,3.6%,118.7,122.3,114.9,96.1,99.3,93.7,9.6%,66.6%,8.0%,65.6%,34.6%,35.9%,53.2%,39.7%,57.5%,57.9%,45.2%,52.8%,16.5%,30.1%,46.4%,41,62.2%,47.7%,2.18,31.1%,5.0%,3.4,49.8%,50.4%,49.2%,53.9%,54.0%,13.0%,5.9,-3.2,5.7%,71.6%,11.8%,69.4%,20.9%,25.7%,21.8%,7.9%,27.3%,1.0%,37.0%,117,76
31,Joao Fonseca,59,59,6.8%,2.4%,65.2%,70.9%,53.4%,19.9%,18.4%,10.9%,3.8%,N/A,N/A,N/A,N/A,N/A,N/A,9.0%,67.6%,5.4%,61.1%,36.7%,37.7%,53.4%,36.0%,51.5%,56.4%,43.6%,52.4%,18.3%,29.4%,48.8%,32,68.4%,48.8%,2.29,18.1%,5.2%,3.7,50.8%,51.1%,50.9%,55.9%,51.8%,17.4%,7.9,1.4,2.0%,65.1%,9.8%,63.5%,19.8%,25.6%,18.5%,9.9%,23.2%,1.6%,35.4%,36,26
10,Camilo Ugo Carabelli,60,60,3.3%,3.3%,63.7%,66.6%,42.5%,11.8%,17.1%,7.4%,2.9%,118.2,119.0,113.0,91.5,102.0,88.0,1.5%,57.5%,1.7%,59.9%,42.6%,40.8%,49.6%,25.7%,33.8%,53.6%,31.9%,41.7%,10.4%,14.7%,44.1%,-14,74.4%,49.2%,2.25,7.0%,8.1%,5.1,48.8%,46.7%,53.6%,54.0%,54.3%,26.6%,4.8,-0.9,0.1%,100.0%,8.5%,72.1%,9.6%,12.5%,6.9%,5.0%,23.6%,1.7%,38.5%,-87,-73
12,Juncheng Shang,61,47,5.2%,3.1%,62.7%,69.5%,52.7%,17.6%,16.6%,12.1%,3.6%,109.3,111.6,105.1,85.3,87.6,80.6,5.6%,64.2%,4.8%,65.8%,36.2%,37.7%,54.7%,24.1%,40.6%,59.1%,25.2%,53.7%,16.6%,22.8%,48.0%,13,68.6%,50.8%,2.35,26.0%,8.8%,4.5,47.5%,51.3%,54.8%,56.8%,58.0%,9.7%,9.1,3.1,0.9%,50.0%,10.2%,68.7%,15.7%,20.4%,11.4%,8.7%,11.6%,1.6%,44.1%,-7,-20
4,Francisco Comesana,62,61,8.2%,3.2%,61.8%,71.9%,50.7%,15.6%,15.7%,8.5%,3.4%,115.5,118.5,111.3,99.9,102.5,97.8,5.2%,62.2%,3.5%,58.9%,39.1%,40.5%,51.9%,34.6%,47.1%,54.0%,42.3%,35.4%,14.8%,23.9%,48.8%,-8,71.7%,47.0%,2.38,36.7%,6.5%,4.2,50.1%,54.6%,56.3%,42.7%,50.4%,44.3%,1.4,-1.6,5.7%,69.6%,15.1%,78.4%,11.8%,21.0%,13.8%,6.4%,18.2%,3.6%,44.0%,-14,0
10,Benjamin Bonzi,63,42,7.8%,2.8%,61.1%,71.8%,51.3%,15.1%,14.4%,7.0%,4.0%,114.0,120.0,111.3,94.0,99.3,94.6,5.8%,63.6%,4.8%,60.4%,37.7%,36.1%,50.8%,40.6%,52.6%,54.0%,44.5%,41.8%,18.6%,25.7%,46.8%,18,65.4%,46.3%,2.30,22.7%,4.1%,3.8,49.0%,48.7%,52.9%,50.8%,48.9%,12.3%,5.3,1.5,2.9%,69.6%,12.6%,65.1%,14.6%,20.0%,24.1%,10.7%,29.2%,1.0%,29.2%,-6,11
9,Bu Yunchaokete,64,64,9.4%,1.9%,58.5%,73.4%,52.0%,12.8%,12.7%,6.9%,2.3%,112.9,119.2,108.3,88.4,93.0,91.0,10.4%,62.8%,5.0%,58.8%,32.9%,36.5%,48.9%,39.0%,48.9%,51.5%,43.3%,52.4%,14.6%,18.0%,46.2%,8,64.0%,46.4%,2.37,25.2%,11.5%,4.3,46.6%,50.2%,52.4%,50.4%,49.0%,12.4%,6.7,1.4,0.3%,0.0%,6.4%,66.7%,12.6%,17.8%,11.6%,5.4%,33.3%,0.6%,7.1%,-84,-59
23,Damir Dzumhur,65,23,3.1%,3.5%,64.6%,64.7%,49.8%,13.9%,16.7%,6.1%,4.2%,100.9,106.2,101.8,81.3,85.4,81.2,2.8%,59.8%,2.9%,60.6%,40.2%,41.4%,49.4%,23.0%,33.4%,52.3%,50.4%,62.7%,16.5%,22.6%,44.4%,45,73.2%,47.6%,2.34,14.6%,5.2%,4.8,46.4%,49.8%,49.3%,49.2%,43.1%,25.3%,0.7,0.0,3.4%,60.3%,13.1%,67.4%,9.2%,14.2%,8.3%,7.1%,24.3%,3.5%,30.7%,-48,-43
122,Kei Nishikori,66,4,4.1%,3.2%,61.8%,70.1%,53.1%,15.3%,16.3%,6.9%,4.2%,108.4,111.7,102.2,88.1,89.7,86.1,4.1%,65.4%,2.9%,63.2%,39.5%,40.5%,52.5%,29.3%,43.1%,56.9%,46.7%,43.6%,16.7%,23.2%,46.0%,38,65.1%,52.3%,2.35,20.3%,7.2%,4.1,47.4%,52.1%,56.5%,53.2%,49.4%,14.6%,5.4,3.8,2.7%,63.3%,8.8%,71.5%,13.4%,18.5%,12.5%,9.5%,27.4%,1.2%,50.8%,-2,-6
9,Mattia Bellucci,67,66,10.8%,4.0%,61.3%,74.9%,50.9%,15.4%,16.0%,7.0%,3.6%,112.1,117.7,106.9,98.5,102.5,97.7,6.9%,62.4%,7.7%,64.9%,36.2%,36.0%,55.6%,39.1%,53.7%,60.6%,29.2%,58.0%,19.3%,27.2%,48.9%,71,69.8%,45.0%,2.36,22.4%,6.0%,4.2,52.6%,51.4%,49.0%,52.3%,49.0%,15.6%,5.2,0.7,5.1%,64.5%,11.3%,68.2%,13.7%,20.1%,10.2%,8.6%,17.6%,3.3%,28.0%,-42,-13
15,Daniel Altmaier,68,47,7.7%,3.0%,62.3%,69.9%,48.0%,16.1%,18.2%,6.5%,3.8%,110.3,114.9,106.0,89.3,93.9,88.7,8.0%,61.7%,5.3%,60.6%,35.9%,37.5%,49.6%,32.8%,44.6%,53.8%,48.4%,54.6%,18.5%,25.5%,42.2%,65,71.5%,44.1%,2.35,20.2%,6.7%,4.1,48.2%,47.3%,53.0%,45.6%,51.7%,26.5%,2.0,0.2,7.7%,69.7%,12.4%,69.2%,10.0%,10.7%,7.4%,9.7%,24.5%,1.1%,38.5%,-40,-26
12,Learner Tien,69,66,4.1%,3.9%,64.6%,65.6%,48.0%,13.7%,15.9%,8.8%,2.5%,98.9,102.9,96.4,80.1,81.7,80.8,3.5%,61.1%,8.6%,60.9%,31.6%,39.8%,52.7%,27.7%,39.4%,54.6%,34.1%,53.9%,14.7%,20.6%,49.1%,32,66.6%,47.0%,2.39,16.7%,6.3%,4.6,45.3%,52.6%,55.7%,54.0%,51.3%,21.5%,6.4,0.7,0.6%,50.0%,7.3%,71.6%,14.0%,25.2%,10.0%,5.9%,13.1%,0.3%,50.0%,-53,-47
14,Mariano Navone,70,29,3.3%,2.9%,65.3%,63.3%,50.0%,11.9%,20.8%,6.9%,3.8%,107.8,112.6,106.1,87.7,86.9,93.5,2.5%,56.0%,1.4%,53.1%,40.3%,42.9%,46.8%,14.9%,22.4%,48.9%,34.5%,58.4%,10.7%,12.8%,42.2%,-8,77.4%,51.0%,2.30,3.8%,6.4%,5.2,47.7%,46.9%,50.0%,48.4%,51.1%,8.1%,2.7,1.5,0.0%,-,7.3%,61.8%,9.8%,12.4%,10.0%,5.9%,21.4%,0.7%,41.7%,-63,-71
48,Yoshihito Nishioka,71,24,2.5%,2.1%,65.0%,64.6%,53.7%,11.8%,14.1%,5.1%,3.2%,100.1,103.8,96.7,80.9,81.7,81.9,1.7%,59.6%,2.9%,61.9%,38.9%,40.2%,51.0%,21.4%,29.7%,51.7%,16.9%,55.7%,15.1%,21.2%,49.8%,19,64.9%,46.4%,2.29,16.4%,6.2%,4.5,45.1%,46.5%,54.1%,50.6%,53.0%,10.4%,3.4,3.2,0.5%,73.7%,8.3%,65.4%,8.4%,16.0%,5.5%,8.2%,15.4%,0.7%,26.7%,-76,-82
7,Hamad Medjedovic,72,71,11.1%,4.2%,65.6%,74.1%,50.5%,18.4%,17.6%,8.2%,4.0%,120.2,125.6,114.8,97.3,99.1,105.0,10.6%,67.1%,7.7%,60.5%,28.7%,29.8%,50.5%,48.2%,61.4%,54.5%,47.6%,37.4%,20.3%,28.1%,44.3%,70,55.5%,45.9%,2.32,47.1%,6.4%,3.2,46.5%,55.8%,48.4%,39.3%,47.6%,17.0%,2.3,1.2,2.1%,70.0%,8.6%,59.8%,15.7%,18.1%,11.1%,8.5%,29.8%,4.0%,46.2%,22,34
19,Roman Safiullin,73,36,8.1%,3.8%,62.7%,72.9%,50.5%,16.8%,18.1%,8.4%,3.6%,116.6,121.8,115.2,97.3,99.9,98.5,8.1%,65.1%,4.8%,62.3%,37.4%,37.8%,51.5%,35.5%,51.1%,54.1%,57.8%,47.2%,18.2%,28.2%,47.9%,63,64.8%,44.9%,2.27,23.3%,5.1%,3.8,47.2%,48.3%,51.2%,45.0%,51.4%,8.9%,4.1,-2.5,2.1%,48.5%,11.4%,68.5%,14.9%,21.8%,16.4%,8.0%,19.7%,1.1%,24.1%,16,21
3,Jacob Fearnley,74,73,7.9%,5.4%,61.1%,70.6%,53.1%,17.7%,16.2%,9.2%,5.4%,118.6,121.0,115.5,106.7,107.7,110.0,8.9%,66.8%,7.3%,67.0%,41.8%,29.9%,59.0%,37.3%,57.1%,63.1%,44.3%,39.3%,22.1%,30.2%,52.2%,79,68.8%,55.0%,2.32,36.9%,2.8%,3.9,50.6%,55.4%,50.0%,57.7%,59.8%,21.9%,11.0,7.5,3.8%,80.0%,14.3%,74.4%,15.9%,23.2%,12.5%,12.4%,21.6%,0.2%,50.0%,-5,20
17,Arthur Rinderknech,75,42,12.4%,3.1%,63.8%,75.4%,48.2%,18.4%,15.7%,8.8%,3.2%,118.4,121.6,113.3,96.6,100.2,93.6,8.2%,64.6%,8.5%,64.4%,34.5%,35.1%,49.1%,40.0%,56.8%,55.3%,48.2%,40.2%,17.4%,25.9%,39.6%,15,63.1%,37.9%,2.21,27.5%,8.6%,3.4,48.0%,42.0%,45.6%,40.5%,53.0%,14.3%,2.2,-5.4,12.7%,65.3%,15.4%,68.0%,15.4%,23.9%,19.4%,6.5%,24.5%,1.4%,31.8%,19,20
23,Corentin Moutet,76,51,2.8%,3.3%,66.9%,64.8%,49.1%,14.5%,16.6%,7.1%,2.7%,101.8,107.0,97.6,84.8,83.7,85.3,1.4%,57.7%,3.2%,60.4%,40.8%,42.3%,51.2%,21.6%,34.9%,55.0%,26.7%,54.7%,15.1%,20.5%,43.6%,31,73.8%,43.8%,2.35,11.6%,5.5%,4.6,47.4%,45.7%,47.2%,51.4%,56.7%,34.6%,3.9,-1.4,3.6%,67.6%,11.3%,68.7%,11.7%,18.6%,5.4%,4.8%,12.3%,3.6%,26.3%,-45,-42
20,Fabian Marozsan,77,36,6.3%,2.9%,64.8%,70.2%,50.3%,20.8%,17.5%,11.3%,5.1%,111.4,113.9,108.1,93.5,94.5,95.7,5.7%,61.0%,3.4%,61.1%,35.1%,37.4%,52.2%,30.8%,46.8%,55.6%,48.3%,45.2%,12.3%,24.4%,46.7%,9,65.2%,49.3%,2.20,18.9%,5.4%,3.9,47.8%,49.3%,55.9%,50.0%,52.4%,17.6%,8.8,1.5,0.7%,90.0%,11.2%,63.6%,18.4%,22.9%,13.2%,8.7%,21.0%,3.3%,44.0%,33,0
81,Alexander Bublik,78,17,15.4%,8.5%,58.7%,76.9%,44.8%,21.2%,18.7%,7.7%,4.5%,123.6,125.5,121.9,100.0,107.4,100.9,13.4%,64.1%,11.8%,61.2%,36.8%,37.7%,49.2%,49.2%,61.6%,52.8%,41.8%,45.0%,23.3%,34.0%,44.7%,83,66.5%,44.3%,2.12,29.5%,5.9%,3.2,50.6%,46.3%,44.9%,44.3%,49.4%,22.5%,2.5,0.9,13.7%,60.0%,15.1%,60.6%,17.3%,21.7%,23.1%,11.0%,27.8%,6.2%,19.9%,24,68
10,Aleksandar Kovacevic,79,72,11.1%,3.8%,59.1%,75.8%,48.7%,17.8%,17.7%,7.6%,3.8%,117.4,121.2,111.6,94.5,97.9,91.0,9.7%,63.6%,10.1%,64.0%,30.8%,35.0%,47.7%,48.4%,61.0%,51.7%,48.8%,39.5%,20.8%,29.9%,43.3%,57,64.1%,47.1%,2.27,21.6%,9.0%,3.6,50.0%,47.2%,43.6%,50.9%,55.9%,32.8%,2.0,-0.2,0.7%,40.0%,6.0%,73.0%,13.0%,18.4%,23.3%,11.7%,43.1%,1.1%,33.3%,-1,27
42,Laslo Djere,80,27,6.8%,4.1%,60.7%,70.9%,50.4%,15.8%,19.1%,7.1%,3.1%,113.0,116.6,109.3,94.3,94.2,92.7,5.2%,60.7%,5.2%,60.9%,38.6%,39.9%,51.2%,33.9%,47.9%,54.3%,51.6%,48.7%,13.3%,21.2%,46.9%,12,67.2%,47.3%,2.26,18.2%,4.2%,4.4,48.4%,49.5%,48.4%,47.4%,50.7%,19.0%,5.2,-1.2,2.2%,66.7%,8.0%,65.1%,13.0%,17.0%,14.6%,6.1%,18.5%,1.1%,33.1%,-15,-5
8,Gabriel Diallo,81,79,9.6%,3.4%,66.5%,69.8%,49.4%,18.1%,21.1%,9.5%,3.2%,121.8,125.6,116.6,102.1,102.8,104.0,11.3%,61.1%,10.0%,60.1%,36.9%,36.0%,47.5%,39.1%,53.9%,49.4%,47.1%,40.9%,21.2%,28.5%,44.0%,52,63.1%,49.6%,2.29,34.9%,3.3%,3.8,52.7%,45.7%,39.3%,46.3%,54.2%,10.3%,1.2,0.5,4.7%,69.2%,13.8%,60.0%,14.4%,19.7%,11.4%,6.9%,20.0%,0.9%,6.3%,14,24
16,Hugo Gaston,82,58,3.4%,2.9%,56.3%,65.4%,49.1%,12.9%,14.8%,5.5%,2.8%,102.8,108.7,101.7,85.1,85.9,86.9,2.1%,58.2%,2.1%,57.8%,39.8%,40.6%,52.1%,25.3%,41.1%,55.1%,29.7%,68.0%,14.2%,22.6%,48.3%,12,67.4%,48.9%,2.35,29.1%,5.3%,4.1,48.9%,47.5%,49.5%,47.6%,54.1%,17.3%,4.9,2.6,7.9%,66.7%,12.6%,66.6%,10.0%,15.4%,5.2%,9.5%,18.9%,6.5%,30.0%,-48,-51
4,Raphael Collignon,83,83,6.8%,8.1%,67.0%,70.4%,46.6%,11.6%,13.2%,7.3%,2.0%,N/A,N/A,N/A,N/A,N/A,N/A,2.2%,65.9%,6.5%,71.8%,35.2%,30.8%,56.6%,30.8%,40.5%,61.1%,51.9%,23.1%,16.7%,18.6%,48.2%,38,73.2%,46.3%,2.21,12.2%,7.6%,5.0,48.1%,55.2%,47.7%,54.5%,58.0%,12.9%,7.8,1.1,0.9%,33.3%,9.9%,69.0%,11.6%,13.9%,19.4%,4.7%,16.7%,0.1%,50.0%,-103,-78
13,Aleksandar Vukic,84,48,11.1%,2.4%,59.8%,73.9%,50.6%,15.6%,16.0%,7.6%,2.4%,114.9,118.1,111.6,95.3,93.8,90.3,8.5%,62.0%,7.8%,62.1%,32.5%,33.9%,49.4%,44.8%,56.8%,54.8%,43.3%,49.3%,13.5%,20.0%,44.1%,-22,63.3%,44.2%,2.14,22.9%,7.9%,4.0,50.3%,46.5%,52.2%,46.4%,58.0%,11.0%,7.0,-2.2,0.3%,33.3%,6.9%,65.7%,15.0%,17.9%,11.8%,6.3%,17.6%,1.7%,32.8%,-2,10
13,Rinky Hijikata,85,62,5.1%,3.8%,59.0%,68.2%,47.2%,15.9%,15.7%,8.9%,4.5%,107.8,111.6,104.0,86.2,87.7,85.5,3.2%,58.7%,4.4%,59.6%,37.0%,37.0%,47.7%,33.0%,50.0%,53.6%,51.0%,52.8%,12.4%,20.4%,40.8%,7,63.4%,48.3%,2.30,10.9%,7.0%,3.9,46.1%,46.6%,47.3%,42.8%,51.4%,25.1%,4.5,0.0,5.7%,66.7%,11.1%,64.3%,14.6%,21.2%,5.6%,8.8%,28.6%,1.2%,32.4%,-19,-17
2,Adam Walton,86,85,7.5%,2.3%,65.0%,70.8%,49.6%,14.4%,12.0%,9.5%,2.9%,109.6,109.5,107.6,86.9,89.8,87.5,6.2%,71.9%,7.0%,61.4%,36.5%,41.6%,54.5%,22.4%,34.1%,63.6%,35.0%,40.0%,19.3%,22.8%,41.3%,-79,73.3%,52.1%,2.40,27.3%,8.2%,4.5,48.7%,60.0%,46.3%,43.3%,51.4%,10.4%,9.7,0.2,0.0%,-,12.1%,75.7%,12.0%,11.6%,15.8%,5.7%,21.7%,0.4%,50.0%,-79,-79
16,Christopher Oconnell,87,53,8.6%,2.3%,61.8%,72.2%,49.7%,14.7%,15.9%,7.5%,2.8%,109.6,112.9,105.8,87.8,92.7,85.7,6.1%,64.1%,4.6%,62.6%,36.2%,39.0%,48.4%,35.3%,51.3%,54.0%,43.0%,50.7%,10.6%,18.0%,41.8%,-8,66.5%,45.2%,2.23,17.1%,8.6%,4.1,49.6%,46.6%,47.4%,41.4%,52.4%,53.6%,2.8,-2.1,8.8%,64.8%,13.3%,69.2%,13.0%,15.5%,14.8%,9.3%,21.0%,1.3%,32.8%,-13,-10
68,Cameron Norrie,88,8,6.1%,3.4%,65.2%,70.5%,50.3%,14.1%,16.3%,7.2%,2.8%,110.1,113.5,106.4,89.5,89.3,90.7,5.2%,60.6%,5.7%,64.1%,38.4%,39.9%,52.6%,30.7%,43.6%,56.2%,31.7%,61.5%,14.2%,22.0%,46.6%,23,68.3%,46.3%,2.20,26.5%,4.4%,4.4,47.8%,48.8%,51.8%,51.6%,56.2%,8.2%,3.2,-0.1,2.0%,61.2%,11.7%,69.1%,11.2%,18.0%,6.4%,6.7%,12.6%,1.0%,37.6%,-44,-36
99,Botic Van De Zandschulp,89,22,7.3%,4.8%,62.9%,71.0%,47.4%,16.2%,19.7%,9.6%,3.1%,117.9,121.2,113.8,96.9,98.2,97.7,8.0%,64.0%,5.6%,61.3%,37.8%,38.5%,52.2%,33.6%,48.3%,55.8%,45.8%,33.2%,14.9%,23.3%,46.8%,24,69.2%,49.1%,2.23,23.6%,4.7%,4.3,49.8%,49.5%,48.6%,50.3%,51.6%,22.2%,4.7,-2.4,2.0%,67.9%,12.8%,69.9%,13.6%,18.7%,11.7%,5.3%,22.5%,1.7%,27.6%,-19,1
46,Marton Fucsovics,90,31,5.3%,4.1%,58.6%,70.2%,51.1%,13.9%,16.8%,5.9%,2.4%,114.7,118.4,111.8,94.0,97.1,94.0,5.5%,62.7%,4.4%,61.8%,40.1%,40.0%,51.7%,29.9%,43.7%,55.2%,36.6%,54.9%,15.9%,22.3%,47.3%,41,74.2%,46.2%,2.28,23.7%,4.9%,4.6,49.7%,48.4%,49.7%,47.8%,51.6%,33.7%,4.6,-1.3,3.6%,71.2%,10.0%,70.6%,12.0%,14.9%,11.2%,5.6%,15.3%,1.2%,35.1%,-48,-38
4,Kamil Majchrzak,91,75,6.5%,3.0%,60.6%,71.0%,50.8%,14.2%,14.2%,4.9%,3.5%,114.4,119.3,111.2,94.8,98.5,94.6,5.3%,62.3%,4.0%,61.0%,41.1%,42.6%,50.0%,30.7%,38.1%,50.8%,55.4%,51.6%,20.0%,25.7%,48.8%,73,73.7%,53.0%,2.32,12.5%,3.7%,4.6,50.0%,53.9%,51.6%,47.8%,49.8%,12.8%,3.5,-1.0,5.3%,86.7%,10.2%,74.2%,7.9%,9.2%,37.5%,4.3%,14.8%,1.6%,52.6%,-72,-45
23,James Duckworth,92,46,9.4%,3.3%,56.9%,72.5%,50.9%,15.4%,17.4%,6.5%,2.8%,116.0,120.6,108.7,94.6,97.7,94.5,9.5%,64.8%,8.0%,65.2%,35.2%,35.9%,50.4%,42.6%,55.0%,56.2%,54.1%,50.7%,17.6%,26.2%,44.8%,0,59.9%,43.5%,2.37,20.6%,9.2%,3.7,47.7%,48.3%,51.4%,42.3%,49.6%,27.7%,4.1,-0.1,6.1%,61.2%,14.4%,66.5%,13.8%,19.1%,13.0%,10.1%,15.4%,1.5%,40.5%,-12,-5
19,Thiago Monteiro,93,61,6.9%,2.8%,65.0%,71.7%,52.0%,13.8%,15.2%,6.2%,1.9%,114.6,118.0,110.4,92.0,93.4,91.5,4.2%,62.1%,5.6%,64.4%,36.0%,37.7%,53.1%,37.0%,50.6%,56.1%,31.9%,64.7%,20.5%,26.4%,48.6%,26,65.1%,44.9%,2.23,26.1%,5.3%,3.9,49.2%,48.5%,53.0%,48.3%,55.6%,19.4%,7.7,-2.7,0.7%,60.0%,6.8%,64.9%,14.2%,17.0%,9.8%,6.3%,8.2%,1.2%,42.3%,-19,-10
20,Jesper De Jong,94,94,8.1%,3.7%,58.3%,71.2%,50.8%,16.3%,17.5%,9.6%,4.0%,N/A,N/A,N/A,N/A,N/A,N/A,5.9%,60.5%,3.7%,60.1%,38.7%,40.4%,50.0%,35.3%,49.0%,54.1%,48.3%,42.0%,15.7%,22.6%,44.9%,41,71.9%,47.1%,2.34,15.5%,6.7%,4.4,52.4%,50.5%,46.6%,39.4%,54.3%,19.2%,4.4,-1.6,8.1%,72.6%,14.5%,72.3%,11.0%,13.9%,8.7%,5.4%,16.6%,3.3%,31.3%,-44,-24
3,Vit Kopriva,95,95,4.5%,5.2%,59.3%,65.9%,44.0%,11.1%,18.1%,3.5%,5.6%,111.1,115.3,108.6,93.8,100.2,96.0,2.9%,61.9%,2.4%,57.1%,43.4%,46.2%,44.1%,26.7%,34.9%,47.7%,44.7%,44.3%,14.6%,18.4%,39.8%,25,63.1%,54.2%,2.46,25.2%,13.9%,4.4,44.8%,46.5%,52.8%,56.9%,49.2%,14.9%,0.7,6.0,0.0%,-,7.2%,74.3%,8.1%,17.1%,9.1%,9.2%,32.0%,2.0%,44.4%,-52,-45
2,Jaime Faria,96,87,11.1%,5.9%,60.3%,75.8%,50.2%,19.5%,19.2%,10.9%,1.3%,N/A,N/A,N/A,N/A,N/A,N/A,17.1%,63.2%,13.0%,59.4%,25.3%,38.8%,46.3%,46.3%,65.9%,61.4%,47.5%,52.4%,25.5%,29.4%,28.9%,109,64.1%,44.0%,2.01,38.6%,5.4%,3.4,48.4%,31.5%,58.3%,58.8%,55.1%,10.5%,7.0,-4.6,0.8%,0.0%,4.9%,57.1%,19.4%,37.3%,0.0%,5.9%,10.7%,0.3%,100.0%,1,45
46,Dusan Lajovic,97,23,4.5%,2.1%,66.8%,67.6%,51.4%,14.1%,16.0%,6.2%,3.3%,108.3,112.4,104.7,87.7,89.5,85.9,5.1%,63.6%,3.3%,62.4%,36.4%,36.9%,49.5%,25.9%,41.0%,53.2%,53.1%,52.5%,14.5%,21.8%,41.9%,18,70.5%,43.7%,2.29,12.7%,6.0%,4.4,47.3%,47.6%,46.6%,44.9%,54.7%,28.8%,4.6,-1.4,1.5%,72.9%,8.6%,66.9%,13.1%,17.6%,8.3%,8.2%,24.4%,1.5%,31.6%,-25,-32
3,Francesco Passaro,98,89,6.3%,4.3%,62.6%,68.3%,52.2%,16.9%,24.3%,10.2%,5.0%,N/A,N/A,N/A,N/A,N/A,N/A,0.4%,48.2%,2.4%,55.0%,34.0%,36.0%,47.7%,25.8%,43.9%,53.9%,40.6%,57.0%,14.3%,20.9%,38.5%,21,68.5%,48.3%,2.23,20.4%,3.8%,4.1,43.5%,51.4%,52.6%,37.8%,54.7%,20.8%,4.3,-6.0,4.8%,50.0%,13.4%,73.9%,13.5%,15.3%,8.1%,9.6%,26.8%,2.4%,30.0%,34,32
68,Pablo Carreno Busta,99,10,5.2%,2.4%,65.2%,69.4%,52.4%,15.3%,14.4%,7.6%,3.1%,109.1,113.0,107.1,86.7,90.1,88.5,4.8%,63.4%,3.9%,61.8%,37.5%,38.6%,52.3%,27.3%,40.3%,54.7%,49.9%,44.9%,15.0%,20.8%,47.7%,2,67.2%,47.7%,2.34,18.5%,5.6%,4.4,48.9%,47.7%,52.6%,50.1%,51.1%,10.3%,6.6,1.3,2.0%,66.4%,8.9%,69.5%,13.1%,22.0%,9.6%,6.8%,24.3%,1.5%,41.3%,-46,-45
25,Mackenzie Mcdonald,100,37,6.1%,3.0%,64.3%,68.6%,50.6%,13.4%,15.9%,5.9%,2.0%,109.3,112.4,105.4,93.3,97.9,90.8,5.6%,63.5%,4.1%,61.1%,37.4%,39.4%,50.8%,32.2%,44.0%,52.7%,41.1%,43.3%,17.0%,24.8%,47.8%,51,66.2%,44.8%,2.30,15.2%,6.6%,3.9,48.0%,47.5%,47.9%,49.5%,53.6%,14.3%,4.8,-2.6,3.3%,67.1%,13.7%,64.3%,13.5%,22.4%,9.8%,5.0%,17.1%,1.1%,26.3%,-22,-13
14,Hugo Dellien,101,64,2.6%,2.4%,72.2%,62.8%,47.5%,12.1%,18.1%,6.9%,2.2%,105.1,110.9,100.0,88.2,87.9,90.0,2.1%,60.4%,1.6%,60.1%,43.4%,41.6%,48.9%,21.1%,31.6%,50.7%,39.7%,60.6%,12.7%,19.6%,44.1%,8,67.7%,46.5%,2.29,4.5%,6.4%,4.3,44.1%,48.4%,52.0%,49.5%,63.7%,21.1%,4.7,-3.0,0.6%,57.1%,9.0%,64.6%,12.1%,15.3%,10.3%,8.2%,21.3%,2.3%,38.1%,-25,-34
6,Luca Nardi,93,67,3.7%,4.5%,61.6%,66.7%,45.2%,15.8%,18.7%,9.2%,4.6%,107.1,109.0,103.1,85.8,91.5,83.0,6.6%,59.9%,4.2%,59.2%,35.4%,32.7%,50.9%,31.0%,48.1%,55.6%,49.2%,53.4%,13.1%,17.9%,43.7%,13,69.6%,46.6%,2.16,14.1%,6.0%,4.2,46.2%,46.5%,53.8%,52.5%,47.1%,14.2%,6.0,-0.4,1.7%,28.6%,9.3%,72.3%,13.8%,16.7%,11.5%,7.9%,38.9%,1.8%,51.9%,-17,-13
5,Chun Hsin Tseng,103,83,3.7%,3.8%,58.9%,67.3%,49.7%,12.5%,14.3%,7.2%,3.6%,107.7,108.5,105.4,83.4,87.9,,2.5%,60.9%,2.4%,61.9%,39.9%,38.2%,49.8%,28.8%,40.2%,51.9%,34.3%,43.9%,16.5%,22.0%,46.2%,42,69.0%,47.2%,2.37,9.7%,9.2%,4.3,52.1%,37.5%,56.8%,46.1%,58.1%,8.2%,4.2,2.3,0.0%,-,7.4%,76.0%,11.1%,10.7%,13.2%,7.6%,33.3%,0.8%,33.3%,-67,-49
19,Alexander Shevchenko,104,45,6.1%,3.3%,59.5%,67.9%,48.5%,14.6%,18.8%,7.6%,3.9%,110.1,113.2,106.2,90.3,94.2,88.8,3.3%,56.2%,2.5%,56.8%,40.0%,39.5%,46.6%,29.7%,43.8%,50.3%,56.7%,47.3%,13.7%,19.7%,41.7%,3,67.5%,45.3%,2.31,20.2%,10.5%,4.1,46.6%,45.8%,47.0%,44.9%,50.9%,10.0%,1.9,0.0,0.2%,33.3%,8.4%,65.2%,12.7%,17.4%,7.1%,8.3%,27.8%,1.4%,37.1%,-10,-23
61,Reilly Opelka,105,17,21.7%,3.6%,64.0%,79.3%,54.7%,23.3%,18.6%,8.1%,3.3%,124.4,128.4,120.3,103.2,107.0,100.4,20.0%,69.1%,20.1%,70.2%,29.9%,30.2%,48.3%,56.8%,68.4%,50.0%,50.8%,44.1%,26.6%,42.6%,46.3%,38,56.2%,42.7%,2.11,38.3%,5.9%,2.9,51.4%,46.9%,41.1%,42.0%,54.7%,15.1%,0.4,-5.3,10.9%,63.6%,11.7%,64.0%,17.3%,20.0%,19.4%,10.1%,22.6%,0.7%,39.7%,89,116
4,Billy Harris,106,101,7.7%,3.0%,64.2%,72.9%,49.7%,14.0%,17.6%,7.4%,3.4%,N/A,N/A,N/A,N/A,N/A,N/A,6.1%,55.3%,5.6%,59.5%,27.9%,31.0%,54.2%,32.2%,53.1%,59.8%,62.9%,58.0%,32.9%,40.0%,42.6%,93,50.0%,47.7%,2.32,32.0%,1.3%,3.4,44.2%,52.6%,53.6%,34.6%,50.6%,11.1%,9.9,-2.2,0.0%,-,5.9%,76.9%,17.9%,19.7%,40.0%,10.2%,23.8%,0.2%,100.0%,11,28
26,Thanasi Kokkinakis,92,65,12.1%,3.7%,61.9%,75.6%,49.4%,17.2%,16.3%,8.0%,2.6%,118.3,121.4,115.8,96.1,100.6,96.2,10.8%,65.4%,10.6%,66.1%,33.2%,34.4%,50.1%,45.3%,58.5%,55.1%,49.7%,49.2%,18.6%,27.9%,44.1%,61,63.0%,44.0%,2.27,29.0%,7.3%,3.5,50.0%,45.0%,51.0%,46.0%,54.7%,18.9%,8.0,-2.9,0.2%,80.0%,6.0%,67.2%,18.9%,22.7%,16.4%,7.4%,20.7%,0.3%,33.3%,-5,18
20,Nishesh Basavareddy,108,100,6.0%,3.3%,61.2%,71.5%,47.8%,17.1%,15.2%,8.9%,5.7%,N/A,N/A,N/A,N/A,N/A,N/A,7.9%,66.7%,6.5%,61.9%,43.3%,33.1%,55.1%,32.9%,48.3%,60.0%,56.4%,46.0%,17.6%,27.2%,48.3%,52,65.5%,54.2%,2.31,19.0%,5.1%,4.3,50.5%,55.5%,49.4%,49.5%,47.9%,17.3%,8.6,6.6,1.3%,68.8%,14.1%,70.2%,13.4%,19.7%,5.4%,11.7%,21.2%,2.0%,30.0%,-13,-4
71,Borna Coric,109,12,7.5%,2.8%,61.9%,72.3%,52.4%,14.6%,18.3%,6.8%,3.6%,115.3,119.5,110.5,92.4,97.1,93.8,7.1%,64.7%,5.8%,64.2%,36.8%,36.4%,51.9%,35.2%,47.9%,55.4%,45.1%,45.3%,15.9%,21.0%,47.1%,22,64.8%,48.2%,2.29,26.4%,3.3%,4.2,48.9%,49.0%,51.7%,50.2%,51.6%,12.3%,2.4,-1.4,4.0%,75.5%,11.2%,69.1%,10.1%,13.7%,10.0%,7.1%,25.2%,0.9%,32.9%,-22,-10
20,Christopher Eubanks,110,29,12.4%,3.9%,68.4%,73.6%,51.2%,21.3%,20.3%,11.1%,3.6%,117.3,120.4,115.7,101.5,103.9,97.6,11.2%,65.0%,13.6%,65.1%,32.2%,31.0%,47.7%,41.6%,60.0%,52.0%,42.8%,55.4%,24.3%,37.0%,39.4%,110,58.1%,45.2%,2.18,28.6%,9.0%,2.9,47.7%,45.4%,44.0%,40.6%,56.8%,43.0%,4.6,-5.8,12.7%,64.8%,13.2%,63.3%,20.4%,28.6%,21.4%,11.1%,25.6%,0.7%,20.0%,121,96
106,Marin Cilic,117,3,11.6%,3.7%,56.9%,76.9%,52.2%,19.2%,17.7%,7.9%,2.9%,119.6,123.3,115.9,93.7,97.6,93.3,10.1%,67.4%,9.4%,66.8%,37.5%,38.1%,50.6%,44.3%,59.1%,56.2%,55.2%,46.0%,16.8%,26.5%,45.0%,49,64.6%,49.1%,2.23,32.0%,7.0%,3.7,49.6%,50.0%,49.2%,49.8%,54.2%,12.7%,6.2,-1.8,1.9%,65.2%,9.4%,68.9%,17.2%,19.6%,15.1%,7.7%,28.8%,0.8%,35.3%,36,44
17,Thiago Seyboth Wild,112,58,6.8%,3.9%,61.5%,69.4%,50.3%,16.4%,19.7%,10.5%,3.3%,113.2,117.1,109.4,95.6,100.8,95.1,6.5%,63.2%,4.3%,60.8%,36.2%,36.8%,51.2%,30.9%,46.0%,54.1%,51.2%,53.8%,15.4%,25.0%,47.1%,34,71.1%,46.5%,2.18,11.0%,4.8%,3.9,50.1%,50.0%,48.1%,41.0%,56.8%,12.6%,7.5,-3.4,2.3%,59.5%,8.4%,61.3%,16.9%,19.8%,13.4%,6.8%,16.9%,2.2%,41.0%,8,12
45,Lucas Pouille,112,10,8.7%,4.4%,55.9%,73.2%,50.6%,18.1%,17.5%,8.8%,4.6%,117.0,121.2,112.6,96.2,99.3,95.7,7.2%,64.0%,7.5%,62.0%,36.0%,37.2%,51.7%,38.6%,53.7%,57.2%,49.9%,43.2%,18.9%,27.0%,45.6%,62,65.5%,46.4%,2.19,23.4%,6.5%,3.6,48.2%,48.3%,53.9%,48.9%,50.4%,22.7%,6.6,-1.5,4.5%,66.7%,11.6%,69.0%,17.2%,21.4%,11.9%,9.5%,20.9%,2.0%,34.3%,28,35
71,Fabio Fognini,113,9,4.1%,5.0%,59.1%,67.5%,48.2%,16.4%,20.1%,7.4%,4.0%,108.5,112.9,105.7,89.2,94.3,90.3,4.0%,61.8%,2.9%,59.2%,39.1%,39.4%,50.8%,25.2%,40.4%,54.6%,48.4%,41.7%,13.4%,19.8%,45.3%,14,72.4%,47.8%,2.31,16.0%,6.5%,4.3,45.3%,51.4%,52.0%,49.1%,48.7%,18.2%,4.2,-1.0,0.7%,78.9%,9.6%,76.7%,14.9%,19.5%,9.2%,7.3%,20.0%,1.9%,36.7%,16,7
2,Valentin Royer,116,116,N/A,N/A,N/A,N/A,N/A,13.9%,13.9%,4.8%,4.4%,N/A,N/A,N/A,N/A,N/A,N/A,2.1%,68.1%,6.9%,64.2%,38.3%,39.6%,62.4%,35.1%,50.0%,65.6%,52.4%,38.5%,22.0%,24.4%,56.3%,-43,60.8%,38.0%,2.30,20.4%,4.7%,3.6,53.0%,57.1%,42.3%,50.0%,54.2%,2.4%,8.2,-2.5,2.5%,33.3%,13.2%,74.3%,14.5%,22.6%,8.7%,8.5%,30.4%,0.6%,50.0%,-1,2
2,Brandon Holt,116,111,6.9%,1.3%,66.3%,65.4%,48.4%,13.4%,18.1%,7.1%,3.4%,108.1,111.4,103.5,82.7,90.0,85.8,5.0%,59.6%,5.3%,62.9%,43.6%,47.9%,51.1%,31.3%,45.3%,54.5%,34.0%,38.8%,14.7%,17.2%,46.5%,-5,67.7%,53.4%,2.48,35.1%,5.9%,4.8,52.0%,49.6%,55.6%,47.6%,47.4%,9.7%,3.5,0.4,0.0%,-,8.6%,74.5%,9.6%,12.8%,6.3%,5.0%,27.8%,0.8%,11.1%,-74,-54
12,Daniel Elahi Galan,117,56,6.0%,1.8%,62.8%,68.2%,48.5%,14.2%,15.6%,6.9%,2.6%,110.8,113.9,108.2,87.6,91.3,84.0,6.9%,62.9%,5.9%,61.3%,34.8%,36.1%,47.7%,32.8%,44.8%,52.8%,35.7%,51.7%,13.2%,18.4%,41.0%,-12,67.7%,47.8%,2.20,17.4%,11.5%,4.4,48.6%,47.3%,51.1%,47.0%,53.8%,7.6%,5.3,-2.8,0.8%,62.5%,10.4%,61.4%,13.0%,17.7%,10.1%,4.6%,12.1%,0.8%,50.0%,-50,-36
7,Arthur Cazaux,118,63,9.8%,3.1%,57.4%,74.4%,49.1%,17.6%,16.5%,7.5%,3.5%,118.6,126.3,107.7,93.3,92.0,91.0,10.5%,62.8%,8.4%,58.2%,33.2%,31.8%,47.8%,41.7%,53.7%,53.6%,51.0%,50.5%,12.0%,14.7%,41.9%,2,65.2%,41.5%,2.32,19.8%,7.0%,4.3,46.5%,50.2%,44.5%,47.2%,51.6%,17.1%,-1.0,-0.1,1.5%,77.8%,10.9%,69.4%,9.6%,12.3%,10.3%,7.1%,20.0%,1.9%,38.6%,-45,-24
2,Felipe Meligeni Alves,153,128,6.3%,1.9%,67.3%,69.5%,44.5%,14.7%,17.7%,8.2%,2.7%,113.7,117.5,110.1,88.3,96.5,87.9,2.9%,61.8%,2.3%,59.1%,40.3%,42.9%,57.1%,34.1%,47.6%,55.6%,73.0%,44.4%,18.9%,35.1%,60.0%,-39,63.6%,61.3%,2.40,3.7%,0.0%,3.7,55.9%,67.9%,50.0%,46.2%,57.4%,12.3%,10.4,6.8,0.0%,-,7.1%,94.1%,21.2%,22.2%,0.0%,10.1%,46.2%,0.3%,100.0%,90,67
3,Tristan Schoolkate,120,119,12.4%,4.9%,58.8%,77.0%,45.3%,14.9%,14.7%,9.6%,2.0%,112.4,113.4,110.8,88.4,91.5,85.8,9.0%,62.4%,9.4%,60.0%,31.4%,37.3%,44.7%,46.8%,62.5%,49.6%,45.8%,47.7%,22.9%,30.5%,38.5%,90,61.3%,47.5%,2.14,14.0%,10.3%,3.1,50.3%,39.2%,55.8%,50.0%,60.5%,29.7%,1.4,-2.4,12.9%,69.0%,13.3%,67.4%,17.1%,19.2%,5.3%,8.7%,18.2%,0.5%,75.0%,13,62
8,Pavel Kotov,124,50,4.6%,3.3%,65.1%,69.3%,48.1%,13.0%,17.8%,8.2%,2.8%,105.3,110.3,99.6,85.3,88.4,88.6,3.5%,59.2%,4.4%,60.7%,35.2%,38.5%,48.9%,28.1%,40.3%,52.4%,51.5%,51.7%,15.3%,20.4%,42.8%,35,65.9%,39.4%,2.26,19.2%,9.6%,4.5,44.1%,46.3%,44.2%,43.5%,52.1%,10.7%,6.4,-2.5,2.3%,57.1%,9.3%,55.8%,14.8%,16.5%,11.0%,5.3%,14.7%,1.2%,25.9%,-52,-49
1,Tristan Boyer,120,109,4.7%,2.1%,65.6%,67.9%,50.5%,14.9%,28.6%,6.4%,4.3%,N/A,N/A,N/A,N/A,N/A,N/A,7.8%,62.2%,2.5%,53.8%,33.8%,30.6%,48.1%,42.9%,61.2%,64.3%,51.9%,54.5%,16.1%,25.8%,30.8%,31,77.3%,41.4%,2.08,25.0%,4.2%,4.0,58.8%,23.3%,44.4%,50.0%,57.8%,5.2%,-4.0,-0.9,10.4%,50.0%,21.1%,55.9%,9.2%,16.0%,8.3%,10.8%,40.0%,0.0%,-,51,74
16,Taro Daniel,122,58,4.9%,3.3%,62.0%,67.0%,49.1%,11.8%,13.3%,5.7%,3.5%,108.2,115.1,105.4,90.2,94.5,87.9,3.0%,59.5%,2.7%,59.9%,39.4%,38.7%,50.2%,27.6%,36.8%,54.6%,40.4%,48.0%,14.7%,20.4%,43.5%,25,69.0%,45.1%,2.29,16.7%,5.8%,4.9,46.3%,51.8%,47.9%,40.1%,48.9%,8.6%,1.0,1.0,0.9%,30.0%,9.7%,65.9%,7.1%,7.6%,5.9%,6.5%,25.9%,0.6%,62.1%,-85,-70
81,Adrian Mannarino,124,17,6.0%,3.2%,60.4%,69.4%,51.1%,13.0%,16.8%,5.6%,3.5%,107.7,113.8,102.5,85.7,85.8,87.1,4.3%,60.9%,6.4%,64.2%,36.3%,38.0%,50.4%,32.5%,43.6%,52.3%,40.2%,63.0%,16.6%,20.8%,47.6%,39,65.4%,48.6%,2.32,28.3%,6.9%,4.6,47.5%,49.0%,50.6%,50.8%,54.0%,8.8%,1.2,1.7,2.3%,71.8%,10.1%,67.0%,7.1%,14.0%,3.2%,7.5%,12.1%,0.8%,33.0%,-61,-48
2,Eliot Spizzirri,125,125,4.6%,3.7%,64.6%,64.7%,43.9%,8.8%,16.6%,5.5%,2.2%,112.4,115.3,109.1,92.2,93.5,93.5,1.5%,58.5%,1.3%,54.1%,44.9%,34.7%,52.0%,29.5%,37.2%,50.9%,42.9%,41.9%,24.6%,33.3%,53.5%,65,60.9%,49.5%,2.43,36.4%,15.5%,4.0,47.1%,47.3%,41.4%,51.4%,53.9%,16.7%,4.4,1.6,0.7%,100.0%,10.3%,56.3%,10.9%,23.2%,5.9%,5.9%,22.2%,0.6%,33.3%,-83,-59
4,Ethan Quinn,126,123,7.3%,3.2%,63.2%,70.5%,45.5%,16.5%,21.3%,9.7%,2.9%,114.3,115.1,111.9,92.6,95.6,87.0,10.6%,58.8%,9.6%,65.4%,34.1%,38.3%,52.1%,47.4%,63.0%,62.0%,45.8%,42.1%,14.8%,29.6%,42.0%,29,62.8%,49.7%,2.26,34.3%,6.8%,3.5,50.5%,52.9%,56.4%,48.5%,53.2%,23.4%,5.4,3.3,3.5%,71.4%,12.3%,67.9%,18.6%,21.1%,27.3%,11.0%,30.8%,0.5%,33.3%,33,52
8,Juan Manuel Cerundolo,127,79,3.1%,4.0%,63.8%,63.5%,47.8%,11.9%,18.4%,9.2%,2.2%,108.2,111.5,103.8,86.0,85.9,84.3,0.5%,53.5%,1.4%,58.4%,44.4%,43.9%,49.8%,16.9%,24.4%,50.6%,36.5%,55.1%,11.9%,16.4%,48.6%,1,71.8%,45.6%,2.37,3.9%,6.5%,4.8,45.7%,47.8%,55.6%,45.3%,58.4%,13.5%,6.2,-3.5,0.2%,100.0%,6.1%,72.2%,10.7%,14.0%,2.9%,3.9%,10.7%,1.5%,53.8%,-60,-64
3,Dalibor Svrcina,132,132,0.6%,5.3%,72.1%,59.8%,41.4%,10.3%,18.9%,5.6%,4.6%,N/A,N/A,N/A,N/A,N/A,N/A,1.4%,52.3%,0.4%,48.8%,41.3%,42.3%,50.0%,25.4%,32.3%,54.6%,37.9%,37.5%,14.5%,20.3%,42.4%,14,73.5%,51.8%,2.42,33.0%,6.0%,4.2,47.0%,56.5%,41.8%,42.4%,43.9%,15.1%,0.3,0.0,2.4%,80.0%,9.6%,69.0%,7.5%,20.0%,0.0%,6.7%,19.2%,1.7%,38.5%,-66,-51
5,Tomas Barrios Vera,129,93,4.5%,2.7%,63.7%,66.0%,48.4%,13.4%,16.6%,7.3%,4.6%,N/A,N/A,N/A,N/A,N/A,N/A,4.5%,60.5%,2.4%,59.3%,38.9%,37.7%,37.1%,29.7%,39.0%,39.4%,29.2%,32.3%,12.0%,15.4%,34.0%,4,68.1%,45.0%,2.39,19.0%,8.8%,4.0,45.7%,38.9%,32.9%,61.4%,49.1%,4.8%,-1.1,-5.1,0.0%,-,11.7%,53.9%,10.6%,12.1%,17.6%,7.9%,24.0%,3.5%,27.0%,27,22
9,Otto Virtanen,129,91,10.7%,5.1%,58.7%,72.5%,48.7%,20.5%,18.9%,11.6%,3.8%,120.8,125.0,116.0,101.2,98.6,102.7,10.3%,61.7%,9.7%,61.8%,40.1%,34.8%,48.9%,43.1%,58.4%,52.4%,49.0%,40.1%,17.4%,29.1%,45.1%,49,71.0%,45.4%,2.15,19.0%,2.1%,3.9,51.4%,48.9%,40.7%,38.6%,49.7%,10.3%,4.4,0.2,10.2%,63.1%,12.4%,61.7%,17.0%,22.5%,20.0%,8.1%,16.5%,2.5%,28.2%,17,38
19,Yannick Hanfmann,131,45,6.2%,2.5%,65.5%,68.6%,51.1%,16.2%,18.2%,7.9%,3.7%,113.9,117.8,109.6,95.8,102.2,93.2,6.5%,63.8%,5.8%,64.4%,37.8%,39.3%,48.5%,32.1%,44.6%,48.0%,45.2%,50.3%,16.6%,27.0%,49.3%,28,65.3%,49.2%,2.25,20.6%,4.2%,3.7,48.2%,49.2%,46.4%,51.4%,53.5%,11.4%,1.2,-0.8,7.0%,63.7%,12.7%,68.4%,12.4%,13.0%,7.3%,8.1%,25.2%,3.8%,36.2%,33,14
1,Jerome Kym,132,129,8.8%,5.0%,66.7%,67.9%,56.6%,13.9%,15.3%,8.5%,1.7%,N/A,N/A,N/A,N/A,N/A,N/A,10.1%,65.7%,7.2%,66.7%,35.9%,26.8%,49.2%,44.6%,52.7%,48.8%,54.8%,18.6%,31.3%,34.4%,50.0%,51,55.9%,34.6%,2.38,7.5%,8.3%,3.2,45.9%,38.1%,52.9%,75.0%,52.0%,15.6%,-1.3,-7.6,16.8%,76.5%,17.3%,71.4%,9.4%,10.5%,0.0%,7.8%,10.0%,0.9%,0.0%,-33,17
2,Alexander Ritschard,133,99,4.9%,3.9%,58.8%,69.8%,46.3%,14.4%,16.6%,10.5%,3.4%,113.8,116.3,109.8,93.4,96.5,93.3,3.0%,63.6%,2.3%,59.5%,39.6%,39.5%,51.1%,21.8%,34.6%,54.1%,28.6%,34.9%,18.4%,28.9%,45.2%,57,76.4%,50.6%,2.28,9.1%,2.5%,4.1,50.4%,42.2%,56.3%,71.4%,55.6%,19.7%,6.6,6.3,1.5%,0.0%,11.0%,80.8%,16.5%,18.8%,30.0%,9.8%,33.3%,1.2%,20.0%,-14,-17
3,Thiago Agustin Tirante,135,90,5.7%,2.2%,66.8%,69.1%,51.3%,12.3%,19.3%,8.6%,2.0%,N/A,N/A,N/A,N/A,N/A,N/A,1.9%,57.9%,2.5%,60.4%,43.2%,39.5%,48.0%,26.9%,37.1%,46.1%,24.7%,55.3%,21.7%,30.4%,51.4%,56,73.4%,44.9%,2.25,16.5%,9.1%,4.4,51.6%,41.4%,55.6%,44.6%,58.8%,13.4%,5.5,-5.5,0.0%,-,5.7%,63.3%,12.9%,14.4%,7.2%,4.1%,36.4%,1.8%,50.0%,-43,-33
14,Federico Coria,135,49,3.5%,3.3%,66.3%,63.1%,47.9%,11.0%,14.4%,4.6%,2.3%,109.6,114.9,106.6,91.0,93.7,94.3,2.9%,58.7%,2.2%,55.7%,38.7%,39.4%,47.0%,22.1%,29.2%,48.2%,39.4%,56.4%,14.7%,19.2%,44.3%,29,76.3%,45.5%,2.27,14.0%,3.9%,5.0,48.6%,44.4%,47.1%,46.6%,54.4%,7.5%,1.8,-0.8,0.3%,33.3%,7.0%,63.8%,7.9%,11.6%,7.1%,5.4%,18.5%,1.5%,30.6%,-91,-87
2,Federico Agustin Gomez,140,133,11.6%,6.0%,55.8%,72.7%,47.3%,13.7%,24.4%,7.5%,5.4%,N/A,N/A,N/A,N/A,N/A,N/A,1.8%,58.9%,6.1%,65.3%,40.4%,29.2%,57.3%,25.5%,40.0%,53.7%,69.2%,75.9%,19.0%,35.7%,61.8%,58,76.0%,39.5%,2.22,14.6%,2.9%,3.8,48.8%,47.7%,42.3%,66.7%,57.3%,5.1%,7.3,-4.2,1.0%,100.0%,10.7%,77.3%,17.4%,22.2%,13.0%,13.6%,35.3%,1.2%,25.0%,70,66
12,Marc Andrea Huesler,142,47,10.6%,3.2%,59.9%,73.6%,52.6%,16.8%,13.8%,8.0%,4.5%,118.2,123.0,110.0,94.4,98.1,92.3,8.0%,63.8%,9.5%,66.0%,31.5%,33.0%,47.0%,43.8%,57.4%,51.3%,44.7%,44.4%,20.2%,32.5%,42.0%,-5,63.4%,43.8%,2.26,30.1%,11.0%,3.4,49.0%,48.5%,41.5%,41.3%,56.6%,16.4%,4.4,-2.4,15.6%,61.8%,17.6%,61.7%,15.2%,22.2%,2.7%,9.1%,12.5%,0.9%,12.0%,13,31
14,Max Purcell,138,40,10.0%,3.0%,58.9%,72.2%,49.0%,16.9%,16.6%,7.8%,4.0%,115.6,118.5,111.2,93.8,95.5,93.1,9.1%,62.0%,9.2%,62.3%,35.1%,36.5%,48.6%,42.2%,56.3%,52.6%,59.6%,42.5%,19.6%,32.7%,43.6%,62,66.7%,42.9%,2.20,28.3%,11.3%,3.7,48.4%,48.9%,39.8%,41.8%,46.7%,34.0%,-0.8,0.5,34.0%,66.4%,22.2%,68.0%,15.0%,18.5%,17.1%,9.4%,21.3%,2.0%,22.5%,2,20
1,Roman Andres Burruchaga,139,123,1.3%,4.0%,61.6%,63.2%,42.0%,14.5%,19.2%,8.0%,6.8%,N/A,N/A,N/A,N/A,N/A,N/A,0.7%,60.8%,0.0%,50.0%,42.9%,35.2%,50.0%,25.8%,36.4%,46.9%,22.6%,54.3%,5.0%,25.0%,57.9%,-79,79.1%,52.9%,2.12,20.5%,0.0%,4.0,53.2%,47.9%,47.4%,63.6%,53.9%,10.9%,3.3,-1.7,1.2%,0.0%,12.2%,61.9%,14.8%,21.4%,0.0%,6.0%,50.0%,2.9%,75.0%,23,16
5,Emilio Nava,169,124,8.5%,4.8%,63.0%,68.9%,43.4%,19.3%,22.9%,10.4%,4.8%,115.8,119.5,111.9,95.1,93.0,95.6,7.8%,59.7%,5.5%,60.1%,32.5%,32.7%,51.9%,37.1%,51.9%,55.7%,42.8%,54.6%,15.5%,25.2%,45.8%,34,65.9%,46.8%,2.18,18.5%,2.2%,3.9,48.8%,47.9%,50.5%,43.7%,47.6%,7.2%,3.9,-3.3,1.3%,66.7%,9.4%,70.7%,16.3%,20.0%,14.6%,7.9%,23.9%,0.8%,21.4%,38,50
2,Mitchell Krueger,141,135,6.2%,3.2%,62.6%,68.2%,50.9%,14.9%,16.7%,6.9%,5.1%,115.2,119.8,112.3,95.0,98.0,97.6,4.3%,59.6%,5.1%,58.8%,36.8%,36.9%,43.0%,35.4%,46.3%,41.5%,38.1%,50.0%,16.7%,22.9%,45.0%,36,52.0%,53.1%,2.14,18.9%,13.2%,3.5,47.7%,43.1%,42.1%,44.4%,52.8%,9.9%,-7.0,10.2,0.8%,100.0%,8.4%,54.5%,6.9%,10.3%,0.0%,15.1%,16.0%,0.3%,100.0%,-35,-12
102,Richard Gasquet,164,7,7.0%,3.2%,61.2%,72.7%,52.8%,16.6%,13.3%,5.6%,4.4%,109.8,113.5,106.4,91.8,95.8,88.2,5.4%,66.6%,4.5%,63.6%,37.9%,38.6%,51.2%,29.3%,43.6%,55.3%,56.6%,47.2%,15.0%,23.0%,45.4%,33,69.6%,44.5%,2.20,20.0%,6.6%,4.4,47.7%,48.1%,47.9%,45.8%,45.0%,22.9%,2.6,2.0,4.5%,70.4%,12.1%,68.0%,10.3%,13.4%,6.5%,9.4%,27.4%,1.5%,38.5%,-61,-54
14,Sebastian Ofner,133,37,8.7%,3.6%,56.9%,72.8%,49.1%,17.6%,19.2%,8.4%,5.2%,117.6,120.8,113.2,96.0,103.4,99.7,8.6%,62.4%,7.9%,62.3%,35.9%,35.3%,49.4%,36.3%,50.2%,54.2%,53.2%,44.4%,14.4%,22.8%,44.4%,28,63.7%,50.6%,2.27,15.6%,6.4%,4.0,47.1%,49.3%,48.0%,53.8%,49.1%,13.4%,3.1,2.6,2.0%,72.2%,6.8%,68.1%,13.8%,13.9%,7.1%,9.6%,30.6%,1.0%,32.4%,27,19
1,Vilius Gaubas,149,149,2.6%,5.6%,68.2%,69.8%,41.9%,10.5%,17.8%,6.2%,3.3%,N/A,N/A,N/A,N/A,N/A,N/A,1.8%,60.7%,3.8%,57.7%,37.9%,41.5%,52.7%,17.9%,32.8%,56.4%,48.3%,73.7%,10.0%,15.0%,47.2%,-42,78.4%,46.0%,1.91,5.5%,0.0%,5.7,42.6%,53.1%,57.9%,52.6%,59.6%,4.0%,3.4,-0.5,1.0%,100.0%,4.6%,80.0%,7.9%,6.7%,9.4%,6.2%,23.1%,1.1%,33.3%,-110,-105
3,Carlos Taberner,145,85,3.3%,4.7%,62.5%,66.7%,47.3%,10.2%,13.1%,3.7%,1.6%,115.7,117.3,112.5,92.7,98.2,92.0,2.9%,59.3%,3.0%,59.9%,38.6%,39.7%,49.8%,36.8%,45.5%,53.0%,25.8%,55.2%,18.3%,19.3%,44.9%,24,67.7%,48.6%,2.20,13.2%,8.4%,4.2,49.4%,46.9%,50.9%,58.2%,60.3%,9.5%,4.4,-1.3,0.0%,-,8.1%,58.5%,9.7%,8.1%,8.1%,4.0%,23.5%,0.7%,12.5%,-82,-54
14,Lloyd Harris,146,31,13.3%,3.0%,64.2%,74.7%,48.5%,16.2%,17.4%,6.2%,1.8%,116.5,119.4,112.6,95.2,100.6,93.0,10.5%,64.0%,12.1%,62.5%,35.6%,35.6%,44.3%,43.9%,56.6%,50.9%,55.6%,53.3%,16.6%,22.8%,36.0%,39,66.2%,45.5%,2.28,30.5%,5.4%,3.9,50.6%,41.1%,46.7%,43.8%,54.8%,16.5%,1.0,-4.6,3.5%,75.0%,11.2%,58.6%,12.4%,12.5%,15.7%,6.1%,15.5%,0.7%,50.0%,-3,17
2,Nicolas Moreno De Alboran,145,107,7.3%,2.7%,62.9%,71.6%,54.1%,13.7%,18.2%,9.7%,2.3%,113.1,117.0,110.5,104.5,106.3,,4.1%,63.6%,0.8%,60.3%,41.2%,37.9%,55.9%,32.1%,44.3%,54.2%,45.7%,55.0%,14.1%,26.6%,58.2%,-11,78.7%,45.4%,2.41,10.3%,6.2%,4.6,53.4%,54.7%,42.3%,46.9%,64.5%,13.4%,5.8,-2.0,1.2%,50.0%,13.2%,58.0%,12.1%,23.0%,11.9%,6.4%,21.1%,0.5%,0.0%,-44,-33
3,Elmer Moller,148,136,2.6%,12.8%,46.2%,86.1%,54.8%,16.9%,23.8%,6.0%,9.1%,N/A,N/A,N/A,N/A,N/A,N/A,6.0%,54.5%,7.0%,55.0%,36.7%,45.8%,45.9%,30.5%,40.1%,46.6%,43.2%,43.0%,3.6%,9.6%,45.0%,-84,72.9%,50.2%,2.16,13.9%,4.8%,4.6,46.9%,50.8%,54.8%,37.1%,47.9%,7.5%,-0.7,2.0,0.0%,-,8.5%,74.5%,7.9%,18.3%,0.0%,10.7%,23.7%,1.0%,36.4%,-14,-4
1,Harold Mayot,148,103,6.4%,2.6%,62.2%,68.3%,51.1%,18.3%,15.2%,6.8%,4.3%,N/A,N/A,N/A,N/A,N/A,N/A,9.4%,65.3%,9.7%,61.1%,39.3%,36.0%,62.1%,35.1%,49.1%,67.6%,50.0%,55.2%,25.0%,32.1%,52.4%,-27,80.6%,47.0%,2.49,21.6%,2.6%,4.6,55.7%,59.6%,54.2%,47.6%,43.6%,27.1%,10.2,5.3,16.2%,83.3%,12.7%,87.5%,13.3%,40.9%,0.0%,11.4%,53.3%,1.4%,40.0%,-49,-26
23,Pierre Hugues Herbert,158,36,10.3%,4.9%,58.9%,73.8%,50.3%,18.5%,15.8%,7.2%,4.3%,113.6,119.7,108.6,95.4,98.7,93.2,11.6%,65.5%,8.2%,63.9%,32.4%,33.6%,49.9%,43.1%,60.8%,52.8%,50.5%,52.8%,24.5%,37.4%,46.1%,116,58.6%,46.6%,2.10,19.9%,10.2%,3.3,47.5%,49.4%,40.5%,52.9%,51.2%,29.5%,2.6,-2.5,24.8%,66.5%,21.5%,68.2%,16.4%,24.4%,8.5%,8.6%,22.8%,1.8%,33.3%,38,53
1,Martin Landaluce,151,133,5.7%,5.9%,58.7%,68.0%,44.5%,18.3%,30.2%,10.6%,7.9%,N/A,N/A,N/A,N/A,N/A,N/A,2.2%,58.7%,4.8%,59.5%,39.5%,34.2%,58.7%,8.9%,35.6%,70.7%,30.0%,60.0%,10.5%,15.8%,44.1%,-16,71.6%,41.4%,2.36,17.5%,0.0%,4.7,44.2%,35.9%,66.7%,70.0%,55.1%,9.6%,7.1,-4.3,4.7%,75.0%,8.9%,86.7%,12.2%,9.3%,7.1%,9.4%,54.5%,2.3%,37.5%,58,27
7,Facundo Diaz Acosta,143,47,3.8%,4.6%,63.3%,67.4%,50.4%,13.7%,18.3%,9.0%,3.4%,110.5,113.7,106.2,93.2,91.3,88.2,1.9%,56.8%,3.4%,58.5%,36.6%,36.2%,55.8%,23.0%,35.8%,59.6%,34.2%,55.3%,12.3%,18.1%,49.3%,0,71.1%,45.8%,2.26,11.1%,6.1%,4.1,47.7%,51.4%,52.4%,48.2%,62.9%,12.1%,7.8,-0.8,2.2%,72.7%,8.6%,72.3%,12.0%,12.9%,10.2%,7.7%,21.9%,2.8%,40.0%,-36,-44
2,Shintaro Mochizuki,153,129,3.6%,4.7%,55.7%,65.1%,45.4%,15.2%,21.4%,7.1%,7.5%,N/A,N/A,N/A,N/A,N/A,N/A,1.6%,53.1%,4.5%,54.7%,33.3%,35.5%,50.7%,20.7%,41.4%,56.8%,45.0%,50.0%,14.8%,22.2%,43.5%,25,63.1%,45.6%,2.36,5.5%,17.8%,3.5,41.6%,52.6%,52.5%,53.6%,46.4%,8.8%,1.1,4.5,5.4%,64.3%,13.8%,75.4%,13.1%,20.2%,0.0%,15.5%,30.4%,2.1%,42.9%,88,46
2,Kyrian Jacquet,152,151,1.1%,2.2%,67.4%,53.3%,48.3%,11.6%,10.2%,4.9%,6.4%,97.5,104.9,96.4,85.3,87.4,88.5,1.2%,58.8%,1.1%,58.8%,39.6%,35.6%,46.8%,29.7%,39.6%,47.9%,47.2%,56.3%,11.1%,20.0%,45.0%,-3,63.4%,50.0%,2.49,28.2%,1.6%,3.6,48.0%,48.5%,43.2%,57.1%,49.9%,23.7%,-2.0,8.7,6.1%,77.8%,12.6%,64.9%,11.9%,0.0%,14.3%,17.4%,44.8%,3.0%,33.3%,-14,-11
3,Alejandro Moro Canas,156,142,2.9%,2.0%,70.6%,64.4%,44.7%,11.2%,14.4%,7.4%,2.4%,N/A,N/A,N/A,N/A,N/A,N/A,3.1%,60.5%,1.3%,54.9%,37.0%,41.4%,48.0%,32.8%,44.6%,51.8%,38.1%,42.5%,17.3%,24.7%,40.3%,-25,71.8%,40.5%,2.23,29.9%,4.7%,4.0,56.1%,42.9%,35.1%,28.6%,49.0%,12.3%,5.6,-3.9,3.6%,50.0%,9.6%,68.6%,14.2%,14.9%,17.6%,4.6%,25.0%,1.9%,50.0%,-38,-21
3,Juan Pablo Ficovich,157,125,3.0%,1.3%,66.2%,64.4%,48.5%,18.3%,15.5%,9.1%,5.5%,N/A,N/A,N/A,N/A,N/A,N/A,2.3%,60.9%,1.5%,61.6%,42.2%,42.2%,52.2%,39.6%,50.9%,51.6%,57.4%,69.2%,11.9%,19.0%,52.7%,0,74.9%,45.4%,2.40,9.4%,0.0%,4.4,48.3%,49.4%,54.3%,53.5%,42.1%,12.3%,4.0,0.6,3.9%,85.7%,8.5%,76.5%,12.9%,20.6%,0.0%,6.2%,25.6%,2.9%,33.3%,-54,-33
39,Cristian Garin,160,17,5.2%,3.8%,61.4%,69.4%,49.7%,14.9%,17.4%,6.5%,3.3%,113.0,118.4,109.7,93.6,100.8,93.1,5.3%,60.9%,4.6%,61.2%,40.3%,39.5%,50.3%,28.6%,39.7%,54.7%,42.6%,56.2%,13.9%,22.2%,44.0%,20,68.0%,50.2%,2.27,17.0%,7.8%,4.2,45.5%,52.2%,52.9%,52.8%,51.1%,8.8%,5.3,0.1,0.5%,64.3%,11.6%,68.9%,12.3%,17.6%,7.3%,8.6%,25.4%,1.5%,26.9%,-10,-14
2,Liam Draxl,176,171,N/A,N/A,N/A,N/A,N/A,15.0%,9.2%,7.9%,7.0%,N/A,N/A,N/A,N/A,N/A,N/A,2.1%,60.6%,3.7%,63.8%,39.2%,38.3%,50.0%,31.0%,42.3%,53.1%,51.6%,45.0%,16.2%,24.3%,45.2%,35,70.5%,45.6%,2.28,14.3%,3.2%,4.9,47.2%,50.0%,36.1%,51.5%,52.5%,27.9%,6.4,-2.0,5.5%,33.3%,18.8%,61.2%,9.7%,21.6%,0.0%,5.9%,21.4%,0.6%,66.7%,-128,-96
49,Nikoloz Basilashvili,160,16,5.0%,5.4%,59.1%,67.8%,49.1%,15.5%,21.8%,7.6%,4.2%,109.5,115.5,109.6,95.4,99.1,96.1,4.8%,60.7%,3.5%,59.8%,37.3%,37.2%,51.0%,32.6%,44.9%,53.8%,58.8%,62.4%,17.3%,25.3%,47.5%,48,61.3%,53.1%,2.29,15.6%,4.8%,4.0,45.6%,52.6%,56.0%,53.5%,52.8%,5.2%,4.8,1.5,0.6%,41.7%,5.7%,65.1%,13.9%,16.8%,13.6%,9.4%,24.0%,0.4%,21.8%,50,40
5,Dmitry Popko,159,159,3.9%,2.4%,63.5%,65.3%,50.3%,10.8%,18.9%,6.4%,2.1%,N/A,N/A,N/A,N/A,N/A,N/A,3.5%,61.2%,2.2%,60.0%,42.4%,43.4%,49.2%,25.9%,36.1%,52.3%,48.0%,53.1%,14.3%,17.3%,43.9%,22,76.4%,49.4%,2.17,17.3%,5.5%,5.8,49.3%,42.8%,51.4%,56.8%,53.9%,4.8%,3.3,-0.6,0.5%,100.0%,7.6%,62.9%,8.5%,12.9%,7.0%,3.4%,6.3%,0.0%,0.0%,-103,-88
161,Stan Wawrinka,162,3,8.7%,3.0%,57.7%,73.8%,53.6%,18.4%,18.2%,7.1%,3.8%,116.4,120.1,110.3,94.7,96.5,92.5,8.1%,67.1%,6.2%,65.4%,36.5%,37.1%,51.2%,39.2%,53.1%,55.5%,47.6%,49.7%,18.0%,26.5%,46.4%,19,68.8%,46.1%,2.25,28.2%,5.0%,4.1,50.8%,47.5%,50.3%,48.9%,49.8%,31.4%,4.4,0.3,2.9%,71.2%,9.8%,68.2%,14.3%,20.5%,15.8%,10.2%,25.6%,0.6%,29.3%,0,9
19,Gregoire Barrere,163,49,5.8%,3.0%,62.5%,69.1%,50.5%,13.5%,16.5%,5.3%,3.4%,113.9,114.9,112.8,90.0,95.1,92.4,6.1%,61.5%,7.1%,60.8%,35.0%,37.8%,46.3%,31.6%,43.8%,50.3%,52.6%,50.3%,19.6%,26.4%,40.4%,30,62.6%,46.8%,2.33,24.9%,9.8%,3.8,47.2%,46.7%,46.0%,41.2%,49.6%,13.8%,2.7,1.4,1.8%,64.0%,9.7%,59.6%,12.2%,18.3%,10.5%,8.9%,23.1%,1.2%,23.1%,-20,-21
1,Ugo Blanchet,164,139,7.4%,5.6%,53.2%,70.9%,54.1%,13.8%,12.2%,12.5%,1.2%,N/A,N/A,N/A,N/A,N/A,N/A,3.2%,61.6%,1.3%,56.0%,36.1%,35.4%,49.3%,28.6%,47.6%,56.7%,38.9%,50.0%,12.8%,19.1%,43.9%,6,66.3%,49.3%,-,23.3%,12.1%,3.9,39.7%,49.0%,71.4%,46.7%,61.1%,20.2%,13.0,-5.6,0.0%,-,9.2%,66.7%,20.9%,27.5%,0.0%,1.9%,14.3%,2.0%,33.3%,-38,-36
6,Marco Trungelliti,167,112,4.3%,4.3%,58.3%,66.9%,48.5%,13.5%,16.2%,5.5%,3.7%,110.3,118.6,109.0,89.9,91.4,95.2,4.5%,58.7%,3.8%,57.7%,38.4%,38.6%,49.5%,33.1%,49.1%,55.0%,55.3%,51.7%,19.6%,31.2%,44.1%,69,71.4%,47.1%,2.35,12.9%,2.1%,4.1,51.0%,41.0%,58.7%,43.4%,43.6%,19.1%,-3.1,-1.8,4.5%,64.3%,13.6%,61.9%,8.7%,7.7%,0.0%,7.1%,14.3%,2.9%,43.3%,6,19
1,Colton Smith,168,168,5.8%,3.9%,62.9%,69.7%,54.8%,17.5%,18.4%,8.5%,6.6%,N/A,N/A,N/A,N/A,N/A,N/A,8.6%,62.9%,3.1%,53.1%,23.1%,19.0%,43.5%,28.9%,37.8%,37.5%,36.8%,50.0%,30.0%,35.0%,57.1%,59,68.1%,31.3%,2.07,18.8%,0.0%,3.9,47.0%,30.0%,66.7%,16.7%,50.9%,25.6%,1.3,-13.1,1.6%,0.0%,11.4%,69.2%,14.5%,20.0%,20.0%,6.1%,20.0%,0.0%,-,23,32
23,Mikhail Kukushkin,167,39,4.0%,1.9%,61.2%,66.3%,51.3%,14.9%,16.5%,7.7%,3.2%,107.5,111.0,107.2,85.4,89.5,87.7,3.6%,61.1%,3.0%,61.9%,38.4%,38.8%,49.6%,27.5%,37.3%,52.0%,45.8%,48.9%,17.2%,23.7%,46.0%,-21,65.3%,47.6%,2.37,20.7%,9.5%,4.5,46.1%,47.1%,52.5%,52.4%,49.5%,14.2%,4.3,0.6,0.5%,62.5%,8.7%,66.1%,12.5%,16.6%,9.6%,5.6%,15.6%,1.2%,35.1%,-41,-40
29,Jenson Brooksby,168,33,3.6%,1.9%,64.2%,67.4%,51.9%,12.9%,14.6%,6.5%,4.7%,105.0,108.4,101.8,82.4,87.0,81.4,2.2%,62.2%,3.2%,61.3%,38.7%,40.2%,53.1%,24.3%,35.7%,57.9%,47.3%,46.5%,12.2%,16.4%,45.1%,-9,69.1%,49.5%,2.28,17.6%,7.8%,5.2,48.0%,47.7%,53.4%,54.5%,44.7%,10.0%,4.0,3.4,0.4%,50.0%,8.4%,70.4%,9.9%,14.9%,5.1%,6.8%,22.8%,1.3%,33.3%,-75,-75
1,Calvin Hemery,171,116,8.0%,7.8%,60.3%,65.2%,41.2%,13.3%,26.1%,5.6%,3.3%,N/A,N/A,N/A,N/A,N/A,N/A,9.2%,61.6%,7.4%,61.3%,35.4%,37.0%,38.2%,40.5%,59.5%,45.5%,12.5%,47.6%,20.0%,33.3%,25.0%,47,50.8%,50.0%,1.97,4.5%,0.0%,3.4,40.3%,34.8%,57.1%,44.4%,39.9%,6.5%,0.9,-3.0,9.8%,80.0%,12.9%,66.7%,24.0%,0.0%,60.0%,6.3%,44.4%,0.0%,-,83,85
3,Duje Ajdukovic,170,105,6.5%,3.2%,57.1%,67.8%,48.6%,14.2%,24.4%,6.8%,6.2%,N/A,N/A,N/A,N/A,N/A,N/A,2.8%,52.8%,5.3%,56.8%,35.8%,43.4%,45.3%,28.1%,41.6%,47.7%,38.0%,53.5%,10.7%,20.2%,41.3%,-17,74.8%,51.3%,2.23,11.9%,7.9%,4.2,48.5%,46.0%,42.9%,47.7%,52.7%,2.4%,-3.8,3.8,3.8%,80.0%,10.0%,64.8%,9.6%,15.2%,6.7%,10.9%,28.4%,1.0%,20.0%,22,21
5,Sumit Nagal,144,68,1.8%,3.3%,69.1%,60.6%,48.2%,11.0%,17.0%,8.0%,2.2%,100.0,103.2,98.2,84.1,83.2,88.3,2.2%,56.3%,1.2%,58.5%,39.5%,41.5%,51.9%,18.3%,28.2%,49.0%,51.8%,65.0%,15.3%,26.3%,56.9%,35,74.2%,50.0%,2.32,6.5%,5.4%,4.7,47.9%,50.6%,56.0%,51.0%,63.0%,4.7%,7.1,0.4,0.0%,-,10.0%,73.1%,13.9%,16.5%,13.4%,5.3%,25.9%,0.1%,0.0%,-42,-46
4,Li Tu,174,168,7.4%,3.1%,58.1%,70.9%,51.4%,11.1%,14.4%,4.8%,2.2%,110.8,113.9,105.7,90.9,92.1,90.3,8.7%,65.4%,5.2%,56.7%,28.8%,31.7%,49.3%,31.8%,44.6%,49.1%,43.1%,43.6%,24.3%,34.2%,49.6%,73,59.4%,39.8%,2.21,35.0%,7.6%,3.6,49.4%,39.3%,43.9%,51.1%,51.0%,35.7%,4.9,-6.4,6.4%,54.2%,11.2%,54.1%,15.1%,23.0%,12.8%,5.7%,17.6%,1.0%,27.3%,-34,-10
10,Luca Van Assche,173,63,4.9%,3.8%,60.7%,68.2%,49.9%,13.8%,14.3%,7.5%,3.4%,114.5,119.4,109.4,84.7,85.2,87.5,6.5%,65.4%,5.2%,59.2%,35.1%,40.5%,54.5%,36.7%,48.8%,60.1%,50.5%,33.3%,15.7%,19.5%,47.3%,14,70.8%,50.3%,2.37,23.3%,5.2%,4.6,50.2%,53.2%,48.7%,57.3%,54.3%,10.2%,5.1,4.9,0.3%,100.0%,8.8%,77.8%,10.6%,12.5%,6.3%,8.4%,19.3%,1.0%,46.7%,-72,-52
7,Jozef Kovalik,174,80,4.1%,3.3%,61.4%,66.6%,50.2%,14.5%,15.3%,6.3%,3.1%,110.0,115.6,104.7,88.4,92.0,88.9,4.0%,62.6%,3.8%,62.1%,39.0%,39.0%,51.0%,26.3%,39.8%,55.2%,40.9%,41.0%,14.3%,21.1%,42.9%,24,69.8%,47.5%,2.31,34.3%,3.6%,4.1,45.4%,52.9%,59.0%,41.2%,56.0%,24.7%,8.4,-2.5,1.1%,80.0%,10.4%,68.0%,15.5%,21.2%,5.9%,9.8%,28.8%,2.1%,42.4%,-3,-4
1,Coleman Wong,173,128,12.6%,2.3%,62.7%,75.2%,45.7%,24.0%,17.3%,9.5%,12.4%,N/A,N/A,N/A,N/A,N/A,N/A,10.3%,74.4%,5.6%,47.2%,35.9%,30.6%,51.7%,24.3%,45.9%,64.3%,61.1%,52.6%,18.9%,27.0%,40.0%,-39,73.3%,45.5%,2.22,39.3%,9.5%,5.2,47.2%,34.4%,59.1%,54.2%,50.8%,11.9%,5.5,6.9,0.0%,-,14.7%,54.5%,10.5%,19.4%,14.3%,12.8%,38.5%,3.7%,16.7%,-34,-36
1,James Trotter,176,173,5.1%,1.3%,60.8%,58.3%,58.1%,13.5%,27.0%,5.4%,2.2%,N/A,N/A,N/A,N/A,N/A,N/A,14.3%,64.3%,11.1%,51.9%,16.7%,46.2%,40.5%,36.1%,47.2%,43.5%,35.3%,21.1%,22.2%,22.2%,35.7%,1,53.6%,46.7%,2.34,39.1%,0.0%,2.6,44.7%,38.1%,66.7%,50.0%,63.6%,44.4%,-11.9,-28.9,12.5%,50.0%,11.7%,38.5%,6.8%,0.0%,0.0%,8.3%,0.0%,1.0%,0.0%,96,79
1,Terence Atmane,177,118,9.3%,5.0%,58.6%,71.9%,45.9%,19.7%,12.4%,8.6%,2.6%,N/A,N/A,N/A,N/A,N/A,N/A,17.4%,71.7%,27.5%,77.5%,37.5%,47.1%,52.4%,59.3%,75.9%,68.2%,14.3%,57.6%,33.3%,43.3%,35.0%,16,62.6%,47.8%,2.51,27.3%,2.9%,2.7,58.8%,53.3%,33.3%,44.4%,55.2%,4.6%,5.3,3.1,3.0%,100.0%,8.3%,68.8%,17.6%,21.7%,16.7%,10.5%,10.0%,3.1%,50.0%,43,91
2,Hady Habib,178,166,11.6%,4.5%,64.2%,75.2%,53.9%,21.9%,15.4%,14.1%,3.1%,N/A,N/A,N/A,N/A,N/A,N/A,2.9%,64.9%,2.4%,68.1%,36.3%,40.1%,52.3%,46.5%,60.6%,50.9%,47.9%,49.0%,31.3%,43.8%,54.5%,64,66.7%,41.5%,2.20,37.7%,1.7%,3.5,52.5%,45.3%,50.0%,36.8%,66.4%,24.5%,10.1,-3.2,9.9%,61.5%,12.5%,59.0%,19.2%,26.8%,10.0%,12.5%,46.2%,1.2%,20.0%,38,64
3,Timofey Skatov,179,123,2.1%,3.1%,67.0%,62.4%,48.4%,9.8%,19.4%,8.0%,1.6%,108.8,111.0,106.3,93.6,95.2,,0.8%,54.0%,0.3%,54.6%,40.9%,40.4%,48.2%,24.1%,33.3%,53.4%,38.4%,45.0%,11.4%,13.6%,38.5%,-6,56.3%,46.7%,2.26,9.4%,9.2%,4.1,44.1%,38.7%,62.2%,49.2%,64.0%,13.1%,3.2,-3.6,0.0%,-,7.5%,62.5%,10.2%,20.6%,2.8%,4.4%,14.0%,0.1%,0.0%,-35,-25
3,Lukas Klein,180,109,8.1%,3.8%,64.8%,72.5%,52.8%,20.5%,17.6%,12.4%,6.5%,N/A,N/A,N/A,N/A,N/A,N/A,5.3%,67.0%,4.6%,66.0%,39.2%,38.3%,56.4%,32.7%,51.0%,59.6%,60.0%,62.3%,12.3%,24.6%,50.9%,1,63.7%,58.5%,2.19,30.6%,3.0%,3.6,52.0%,57.8%,52.1%,65.0%,59.1%,27.9%,7.2,10.3,9.2%,84.2%,22.6%,75.5%,17.0%,21.3%,8.7%,19.8%,34.8%,1.2%,42.9%,96,88
1,James Mccabe,181,181,9.8%,2.6%,63.1%,71.1%,45.7%,16.5%,16.5%,5.9%,5.9%,N/A,N/A,N/A,N/A,N/A,N/A,11.9%,62.7%,11.1%,51.9%,27.9%,38.6%,44.4%,35.7%,47.1%,51.1%,48.6%,36.4%,10.0%,15.0%,36.1%,-16,68.6%,43.2%,2.37,22.7%,14.7%,4.2,44.4%,42.4%,47.8%,52.2%,44.5%,25.2%,2.7,-1.9,4.0%,50.0%,10.8%,60.0%,14.2%,25.0%,33.3%,9.0%,20.0%,2.0%,25.0%,-57,-30
4,Hugo Grenier,184,95,8.8%,4.9%,64.3%,69.9%,43.9%,14.3%,13.1%,6.1%,4.5%,112.8,119.5,103.8,87.0,90.2,87.1,4.8%,63.8%,4.9%,60.2%,39.6%,40.3%,51.5%,39.0%,51.2%,55.2%,51.9%,40.7%,19.4%,26.4%,44.8%,51,69.6%,54.8%,2.30,37.5%,4.2%,4.5,52.1%,54.5%,50.0%,50.0%,45.6%,29.8%,4.2,4.3,3.3%,75.0%,13.9%,64.9%,8.0%,15.2%,5.0%,10.6%,26.8%,0.2%,0.0%,-97,-47
1,Alibek Kachmazov,180,172,6.9%,3.6%,55.5%,68.5%,48.7%,17.7%,8.0%,11.2%,3.1%,N/A,N/A,N/A,N/A,N/A,N/A,1.4%,56.9%,3.2%,62.9%,50.0%,39.1%,60.0%,59.1%,81.8%,88.9%,55.6%,61.5%,23.5%,35.3%,50.0%,-79,52.6%,73.3%,2.49,22.2%,12.5%,2.6,51.2%,77.3%,66.7%,100.0%,45.6%,25.0%,32.2,13.1,3.8%,50.0%,7.1%,75.0%,37.1%,33.3%,0.0%,15.4%,100.0%,1.9%,100.0%,92,54
4,Alexis Galarneau,184,153,5.7%,4.4%,59.8%,68.1%,53.2%,13.1%,14.4%,7.8%,4.6%,N/A,N/A,N/A,N/A,N/A,N/A,2.5%,59.7%,2.8%,58.0%,39.0%,38.9%,53.6%,21.7%,31.7%,58.1%,52.0%,50.9%,19.8%,24.5%,45.9%,75,73.4%,50.7%,2.28,15.6%,10.1%,5.1,53.4%,50.7%,58.7%,54.3%,53.2%,17.7%,5.2,2.9,0.7%,50.0%,9.7%,75.9%,8.6%,11.7%,5.3%,7.6%,22.1%,1.3%,17.6%,-102,-90
1,Aziz Dougaz,185,185,6.1%,5.5%,61.4%,66.9%,47.0%,13.3%,20.2%,6.6%,0.5%,N/A,N/A,N/A,N/A,N/A,N/A,3.6%,57.0%,4.6%,59.6%,43.6%,41.8%,47.8%,52.3%,63.6%,66.7%,30.0%,62.5%,35.9%,43.6%,32.0%,29,71.8%,53.6%,2.09,38.1%,0.0%,3.5,54.9%,55.0%,27.8%,58.3%,63.9%,10.3%,5.0,-1.6,2.7%,100.0%,7.4%,60.0%,14.2%,19.0%,16.7%,3.3%,14.3%,0.3%,0.0%,26,56
2,Sho Shimabukuro,186,135,6.7%,3.5%,55.5%,69.5%,47.5%,11.1%,21.6%,8.3%,2.2%,116.6,118.0,115.5,97.6,97.8,95.1,2.2%,60.6%,2.1%,60.5%,41.0%,39.7%,33.3%,23.7%,36.8%,27.6%,72.2%,50.0%,17.6%,23.5%,39.3%,44,44.4%,46.4%,2.39,34.5%,16.0%,3.2,37.4%,35.5%,62.5%,12.5%,52.8%,18.2%,-2.4,-11.1,5.6%,75.0%,12.3%,47.1%,11.1%,16.7%,0.0%,7.0%,33.3%,0.6%,100.0%,48,24
3,Jan Choinski,187,126,4.5%,2.1%,69.1%,65.8%,49.4%,14.0%,18.0%,7.7%,4.7%,111.8,116.6,107.3,88.3,91.3,85.4,3.8%,59.8%,3.5%,58.7%,34.6%,38.1%,50.9%,27.0%,36.0%,50.8%,46.2%,48.0%,9.9%,17.6%,51.2%,-17,57.3%,45.0%,2.34,17.1%,5.6%,4.4,42.8%,47.7%,57.9%,42.6%,44.6%,12.0%,2.8,-0.8,0.7%,50.0%,11.8%,67.8%,8.5%,8.6%,0.0%,8.1%,18.4%,0.8%,42.9%,-44,-39
1,Gustavo Heide,187,142,6.4%,4.4%,55.8%,70.1%,53.7%,9.2%,19.6%,5.3%,,N/A,N/A,N/A,N/A,N/A,N/A,4.4%,62.2%,9.1%,56.8%,14.3%,27.6%,43.9%,38.8%,49.0%,46.7%,46.2%,52.2%,25.0%,30.6%,40.7%,72,54.7%,31.4%,2.61,50.0%,10.7%,3.3,44.7%,43.8%,50.0%,12.5%,55.9%,10.5%,2.0,-15.3,0.0%,-,3.9%,50.0%,11.1%,18.2%,0.0%,1.8%,0.0%,1.0%,50.0%,-9,18
5,Constant Lestienne,189,48,5.0%,4.1%,61.2%,65.8%,43.9%,13.7%,20.7%,9.1%,2.8%,102.8,109.1,98.3,87.4,90.6,86.8,5.0%,58.7%,5.0%,58.4%,37.5%,38.0%,51.2%,33.8%,45.2%,55.4%,53.7%,45.6%,14.5%,25.8%,44.9%,20,68.5%,49.7%,2.34,21.0%,4.6%,3.8,46.8%,55.1%,51.2%,48.8%,52.2%,11.4%,6.4,1.9,1.1%,20.0%,6.7%,57.8%,14.7%,17.6%,5.3%,7.3%,21.0%,3.5%,36.5%,-13,-2
5,Filip Misolic,195,126,4.0%,2.9%,60.3%,68.1%,47.6%,14.0%,17.3%,8.5%,5.2%,N/A,N/A,N/A,N/A,N/A,N/A,4.3%,58.9%,1.4%,65.0%,39.7%,42.0%,56.2%,20.9%,42.7%,63.5%,31.4%,54.8%,12.4%,15.7%,46.8%,8,71.4%,51.4%,2.22,10.3%,4.0%,4.7,49.6%,50.2%,56.1%,55.0%,52.6%,18.4%,6.1,-0.3,0.5%,100.0%,9.9%,82.0%,11.6%,10.9%,3.1%,6.5%,34.0%,2.0%,44.4%,-47,-48
41,Aslan Karatsev,196,14,6.1%,5.4%,59.7%,71.3%,50.3%,17.8%,21.4%,9.0%,4.6%,113.9,118.1,112.2,98.5,101.7,99.3,6.8%,61.1%,4.7%,62.3%,36.5%,38.4%,52.6%,33.4%,49.5%,56.0%,44.9%,52.4%,16.9%,26.2%,48.2%,45,61.0%,52.3%,2.31,22.8%,3.7%,3.7,47.1%,51.9%,57.7%,51.2%,48.8%,10.2%,5.4,1.8,0.9%,75.0%,8.9%,73.5%,16.5%,22.5%,20.0%,10.1%,28.8%,0.7%,23.7%,73,55
2,Facundo Mena,192,127,4.2%,2.8%,53.5%,78.9%,48.5%,11.3%,32.6%,7.1%,4.0%,N/A,N/A,N/A,N/A,N/A,N/A,6.0%,59.8%,4.9%,59.2%,39.3%,39.7%,40.2%,16.9%,26.2%,44.4%,56.3%,57.6%,8.5%,8.5%,34.9%,-35,78.5%,42.1%,2.38,17.6%,0.0%,4.5,36.5%,41.5%,45.7%,58.3%,52.9%,14.4%,-2.7,-8.5,0.0%,-,8.8%,85.7%,11.2%,17.1%,10.0%,2.8%,11.8%,3.6%,11.8%,31,18
2,Andrea Collarini,193,177,0.0%,3.6%,67.9%,56.6%,44.4%,13.6%,16.5%,8.5%,2.4%,N/A,N/A,N/A,N/A,N/A,N/A,3.1%,57.9%,3.2%,59.0%,33.4%,37.6%,62.0%,23.5%,43.9%,66.7%,4.8%,62.5%,22.7%,27.3%,41.2%,78,67.6%,44.7%,2.26,6.7%,3.9%,4.0,49.7%,50.0%,57.1%,56.5%,64.9%,10.7%,7.6,-5.4,0.0%,-,6.9%,68.4%,10.6%,7.1%,12.5%,7.4%,0.0%,0.4%,50.0%,-75,-59
1,Yuta Shimizu,194,181,3.1%,6.2%,54.6%,67.9%,45.5%,15.0%,20.0%,10.4%,3.7%,N/A,N/A,N/A,N/A,N/A,N/A,1.4%,55.2%,1.9%,61.7%,39.7%,42.9%,53.2%,16.7%,30.4%,56.5%,35.6%,56.1%,16.1%,16.1%,42.3%,39,74.0%,52.7%,2.50,22.6%,5.6%,4.9,45.5%,52.3%,62.5%,51.6%,46.1%,14.8%,9.0,1.3,3.0%,75.0%,20.0%,75.0%,15.4%,17.4%,33.3%,7.5%,11.1%,1.4%,28.6%,20,-1
3,Lukas Neumayer,193,193,0.8%,4.2%,61.3%,70.0%,50.5%,8.8%,17.6%,4.9%,2.1%,N/A,N/A,N/A,N/A,N/A,N/A,3.9%,58.1%,2.5%,52.5%,42.4%,33.3%,45.5%,26.0%,38.0%,53.2%,53.6%,70.4%,14.3%,22.0%,34.6%,26,69.9%,46.3%,2.21,17.1%,12.5%,4.0,49.3%,39.8%,46.3%,52.5%,56.3%,18.0%,5.8,-6.2,1.2%,100.0%,5.0%,79.2%,11.7%,14.2%,33.3%,5.2%,2.1%,2.5%,42.1%,-30,-42
1,August Holmgren,196,163,11.7%,6.1%,60.3%,73.2%,53.3%,15.1%,20.1%,10.7%,3.4%,N/A,N/A,N/A,N/A,N/A,N/A,2.3%,62.1%,1.3%,57.1%,41.0%,32.4%,56.6%,37.3%,58.8%,62.5%,63.2%,65.6%,12.5%,25.0%,47.6%,9,68.3%,55.4%,2.47,35.5%,3.8%,3.6,45.4%,62.2%,42.9%,90.0%,70.0%,38.2%,7.2,3.6,0.0%,-,15.7%,84.0%,21.4%,30.4%,0.0%,8.7%,33.3%,0.4%,0.0%,121,94
13,Dominik Koepfer,190,49,5.1%,4.2%,62.2%,67.7%,50.2%,15.5%,17.7%,6.1%,4.5%,109.7,114.1,105.1,96.5,99.9,96.9,3.8%,59.2%,5.1%,62.1%,36.2%,38.2%,53.4%,28.9%,44.5%,56.5%,25.0%,46.5%,15.6%,23.2%,48.2%,38,70.4%,45.8%,2.25,31.4%,2.9%,4.1,49.7%,47.4%,51.0%,47.1%,46.8%,16.1%,3.1,1.3,2.9%,83.9%,13.2%,72.3%,13.5%,23.1%,8.5%,8.8%,16.1%,0.7%,32.0%,-11,-17
4,Mark Lajal,200,191,10.5%,3.0%,66.5%,70.7%,52.4%,13.4%,16.0%,7.1%,1.7%,119.2,121.2,114.1,101.4,101.4,100.5,8.8%,63.2%,7.9%,62.4%,31.7%,34.3%,46.6%,42.3%,52.7%,49.6%,60.2%,32.6%,18.8%,23.9%,42.1%,68,65.4%,41.1%,2.19,23.0%,5.4%,3.7,48.3%,47.7%,45.6%,51.0%,55.4%,13.9%,2.3,-5.2,0.3%,0.0%,8.7%,65.6%,13.3%,22.1%,18.2%,2.9%,6.7%,0.5%,40.0%,-42,-14
1,Matteo Gigante,200,132,5.8%,6.5%,56.9%,68.4%,45.9%,27.9%,22.7%,10.5%,16.4%,N/A,N/A,N/A,N/A,N/A,N/A,0.0%,63.6%,0.0%,65.5%,48.9%,44.4%,61.1%,16.2%,40.5%,54.8%,28.6%,69.6%,4.2%,12.5%,69.6%,-74,89.1%,52.4%,2.26,45.2%,0.0%,6.3,49.1%,67.5%,38.5%,57.6%,48.6%,14.2%,2.8,3.4,0.0%,-,20.8%,81.3%,5.1%,8.3%,0.0%,13.6%,28.2%,6.2%,33.3%,-3,-24
5,Zachary Svajda,201,102,4.4%,2.5%,65.1%,66.5%,49.5%,13.7%,13.8%,9.1%,3.4%,103.5,111.9,102.1,83.9,91.4,87.2,2.7%,59.3%,3.3%,56.1%,36.3%,34.3%,46.2%,22.8%,31.5%,53.1%,61.0%,36.8%,14.3%,15.7%,35.0%,-37,66.9%,37.6%,2.44,9.2%,22.4%,4.7,43.9%,31.0%,54.3%,52.4%,44.4%,8.0%,4.9,-1.3,0.0%,-,9.4%,64.7%,10.6%,12.3%,0.0%,4.3%,30.4%,0.7%,20.0%,-102,-101
44,Daniel Evans,194,21,5.3%,3.7%,60.5%,70.5%,50.8%,15.5%,13.3%,7.8%,3.7%,112.2,115.0,109.4,94.7,97.6,96.1,5.5%,64.2%,3.8%,61.7%,38.4%,39.7%,52.6%,32.4%,47.2%,57.7%,35.1%,51.5%,16.5%,23.9%,45.4%,44,71.6%,47.9%,2.32,22.1%,8.5%,4.3,50.1%,50.5%,50.5%,51.4%,49.3%,75.6%,7.2,4.6,8.7%,62.4%,16.1%,65.8%,13.0%,18.5%,8.7%,17.4%,34.4%,1.8%,27.5%,-61,-47
2,Henrique Rocha,204,155,4.1%,4.9%,55.5%,59.2%,54.9%,8.8%,29.4%,7.1%,0.5%,N/A,N/A,N/A,N/A,N/A,N/A,4.6%,58.5%,1.8%,49.1%,29.3%,33.3%,48.9%,28.1%,40.4%,51.2%,48.0%,50.0%,7.0%,17.5%,47.2%,-50,78.3%,38.6%,2.26,0.0%,0.0%,4.5,45.4%,33.9%,45.5%,55.0%,62.8%,12.8%,3.0,-6.8,0.0%,-,5.7%,76.9%,14.1%,14.1%,19.5%,5.3%,18.2%,0.9%,25.0%,19,21
14,Gijs Brouwer,207,114,6.6%,3.5%,68.4%,72.5%,48.9%,14.7%,16.0%,9.7%,3.0%,106.4,110.5,102.0,88.2,89.1,83.6,3.4%,60.7%,4.3%,62.4%,37.8%,37.2%,51.7%,31.0%,44.9%,55.4%,26.4%,57.4%,18.8%,27.4%,44.0%,68,66.6%,48.0%,2.26,25.6%,7.0%,3.8,50.1%,43.8%,56.8%,61.5%,58.7%,46.6%,5.4,-3.1,2.9%,74.1%,12.1%,76.4%,15.0%,20.8%,11.4%,6.4%,5.4%,0.4%,23.1%,-3,7
1,Pol Martin Tiffon,208,208,N/A,N/A,N/A,N/A,N/A,12.2%,10.4%,7.5%,3.8%,N/A,N/A,N/A,N/A,N/A,N/A,2.3%,58.2%,1.1%,55.6%,37.4%,40.1%,45.9%,31.4%,51.4%,54.2%,50.0%,57.9%,27.8%,33.3%,30.8%,121,78.9%,35.6%,2.28,20.8%,16.7%,3.8,51.5%,35.5%,30.8%,40.0%,58.8%,20.6%,12.1,-8.3,0.0%,-,4.3%,100.0%,17.9%,20.0%,28.6%,8.1%,25.0%,4.2%,28.6%,-81,-27
2,Beibit Zhukayev,205,171,15.6%,3.3%,63.3%,75.4%,45.8%,23.3%,24.5%,9.8%,2.8%,N/A,N/A,N/A,N/A,N/A,N/A,32.4%,75.9%,16.0%,60.6%,32.4%,25.8%,50.9%,54.1%,71.4%,60.7%,58.3%,41.1%,14.5%,25.8%,39.6%,25,66.8%,37.0%,2.26,41.7%,4.5%,3.8,55.1%,41.4%,32.4%,34.3%,49.6%,16.1%,0.0,-7.8,3.3%,40.0%,11.4%,60.9%,13.9%,13.5%,3.7%,4.8%,10.3%,1.3%,12.5%,37,76
2,Titouan Droguet,209,130,10.0%,3.6%,60.7%,71.2%,46.8%,14.5%,18.7%,8.0%,3.0%,114.8,118.7,111.0,89.5,92.6,91.5,5.7%,60.6%,5.5%,59.9%,34.7%,36.0%,53.8%,25.4%,43.7%,54.7%,41.7%,62.9%,7.3%,22.0%,52.6%,-43,74.8%,35.7%,2.26,50.0%,0.0%,4.1,45.5%,34.7%,53.6%,42.9%,52.9%,27.6%,4.4,-11.8,6.5%,71.4%,14.2%,71.4%,13.5%,10.4%,19.2%,4.5%,28.6%,4.4%,58.8%,-28,-22
1,Edas Butvilas,210,201,10.5%,5.3%,51.3%,74.4%,54.1%,15.7%,7.5%,8.0%,4.4%,N/A,N/A,N/A,N/A,N/A,N/A,6.5%,61.3%,14.3%,67.9%,43.6%,50.0%,51.2%,46.7%,56.7%,62.5%,35.7%,50.0%,10.7%,10.7%,44.0%,-27,62.7%,57.4%,2.83,37.5%,18.5%,3.4,49.4%,54.5%,81.8%,80.0%,45.9%,20.7%,17.2,7.0,0.0%,-,9.0%,41.7%,16.0%,33.3%,0.0%,10.6%,66.7%,2.4%,75.0%,-81,-59
4,Jurij Rodionov,191,87,7.5%,3.6%,61.4%,69.8%,49.8%,13.3%,17.2%,4.4%,1.7%,N/A,N/A,N/A,N/A,N/A,N/A,5.5%,58.5%,8.1%,64.1%,35.5%,35.2%,49.7%,43.5%,59.4%,60.3%,31.0%,51.2%,8.3%,14.3%,39.0%,-39,71.0%,46.2%,2.14,42.1%,6.1%,3.8,46.8%,52.2%,40.7%,40.0%,49.0%,22.2%,1.8,-4.3,11.4%,70.8%,15.8%,67.9%,13.5%,22.4%,12.9%,5.6%,10.0%,2.6%,26.3%,9,31
1,Alvaro Guillen Meza,211,211,1.7%,4.3%,75.9%,60.2%,53.6%,14.6%,24.3%,12.3%,2.9%,N/A,N/A,N/A,N/A,N/A,N/A,2.3%,63.6%,0.0%,59.0%,36.5%,42.0%,59.1%,19.4%,33.9%,58.0%,20.7%,69.7%,0.0%,18.8%,62.5%,-118,80.4%,43.9%,2.03,2.0%,3.4%,5.6,50.6%,48.8%,41.7%,54.8%,61.8%,17.3%,7.3,-8.5,1.2%,100.0%,14.6%,81.5%,12.9%,10.9%,6.1%,4.6%,15.8%,3.3%,20.0%,-10,-9
1,Ignacio Buse,213,209,1.7%,2.5%,64.3%,67.3%,42.4%,14.7%,16.0%,11.5%,3.8%,N/A,N/A,N/A,N/A,N/A,N/A,0.0%,51.3%,2.8%,72.2%,35.0%,28.6%,50.0%,24.1%,44.4%,63.4%,63.6%,25.0%,25.0%,25.0%,13.3%,-7,57.3%,46.5%,2.46,29.3%,0.0%,3.6,47.3%,58.8%,16.7%,36.4%,55.0%,16.0%,13.7,-6.6,0.0%,-,12.7%,52.6%,18.4%,25.0%,33.3%,6.7%,0.0%,1.9%,25.0%,43,15
5,Yosuke Watanuki,213,72,11.6%,5.0%,54.8%,76.3%,50.3%,21.7%,18.1%,11.9%,4.7%,117.4,122.6,112.2,97.3,99.6,94.5,11.3%,64.2%,7.4%,62.7%,37.4%,37.3%,49.8%,51.9%,60.8%,53.9%,49.0%,49.1%,23.1%,34.9%,46.9%,55,60.0%,54.1%,2.43,18.6%,7.9%,3.4,48.6%,49.2%,50.7%,59.3%,48.1%,9.3%,5.4,3.9,3.7%,61.5%,11.0%,66.7%,20.2%,20.2%,10.0%,8.4%,34.2%,0.8%,33.3%,59,76
3,Valentin Vacherot,255,110,4.1%,2.9%,67.9%,65.0%,47.3%,14.4%,20.0%,8.0%,3.4%,N/A,N/A,N/A,N/A,N/A,N/A,6.0%,58.1%,5.8%,57.4%,30.3%,34.1%,44.4%,31.0%,43.3%,45.7%,36.7%,43.8%,30.0%,37.1%,40.8%,143,71.7%,43.5%,2.32,38.0%,2.2%,3.9,50.2%,47.6%,29.7%,37.2%,54.4%,8.9%,3.7,-6.1,1.1%,33.3%,9.2%,58.8%,14.4%,18.0%,6.7%,5.5%,17.6%,0.8%,0.0%,-13,10
13,Maximilian Marterer,216,45,8.2%,2.8%,63.2%,69.4%,52.4%,13.9%,16.4%,5.9%,1.7%,115.8,118.8,113.6,98.7,100.7,98.3,6.9%,64.1%,9.5%,66.8%,36.0%,35.8%,51.2%,37.2%,50.9%,53.7%,36.4%,64.7%,20.8%,30.8%,47.2%,39,66.9%,42.4%,2.31,17.8%,2.4%,3.8,49.1%,46.5%,49.5%,48.5%,54.7%,13.5%,5.7,-4.6,0.7%,83.3%,6.1%,67.5%,15.2%,25.3%,9.3%,6.5%,13.0%,1.0%,50.0%,-3,11
2,Omar Jasika,219,177,2.7%,2.7%,69.1%,62.6%,47.7%,9.2%,18.0%,6.5%,1.9%,107.4,116.0,106.3,89.6,93.5,87.0,2.7%,56.8%,3.2%,59.1%,33.1%,35.4%,51.1%,29.5%,37.9%,48.4%,32.8%,55.4%,14.3%,17.9%,56.3%,22,62.9%,48.6%,2.31,9.8%,0.0%,5.5,44.5%,56.8%,57.6%,43.8%,52.0%,9.0%,2.4,2.9,1.1%,50.0%,9.1%,66.7%,9.1%,19.2%,1.2%,4.5%,6.9%,1.3%,36.4%,-94,-77
2,Antoine Escoffier,217,135,11.0%,9.6%,61.6%,57.8%,42.9%,22.1%,15.4%,11.3%,5.2%,N/A,N/A,N/A,N/A,N/A,N/A,3.7%,61.0%,3.5%,59.8%,41.3%,43.2%,56.1%,47.1%,58.6%,52.2%,55.3%,49.0%,10.0%,15.0%,61.1%,-24,54.1%,45.8%,2.20,30.4%,6.5%,3.3,47.2%,55.7%,50.0%,56.3%,61.9%,16.5%,5.5,6.0,1.7%,0.0%,12.0%,81.3%,15.6%,22.0%,0.0%,15.0%,33.3%,0.3%,0.0%,39,46
1,Murphy Cassone,218,218,N/A,N/A,N/A,N/A,N/A,16.6%,23.3%,7.6%,4.7%,N/A,N/A,N/A,N/A,N/A,N/A,13.0%,66.7%,6.1%,53.1%,25.0%,33.3%,49.3%,27.6%,42.1%,54.5%,50.0%,42.5%,21.7%,26.1%,33.3%,86,64.4%,41.4%,2.29,38.2%,15.6%,4.0,44.2%,53.7%,34.6%,53.8%,56.0%,10.8%,2.9,-0.4,0.0%,-,9.3%,61.1%,14.9%,31.3%,0.0%,9.4%,35.3%,0.9%,33.3%,24,29
2,Benjamin Hassan,214,143,5.5%,4.2%,55.7%,74.9%,54.2%,16.0%,10.5%,8.3%,6.7%,N/A,N/A,N/A,N/A,N/A,N/A,4.1%,61.8%,3.2%,59.8%,39.1%,40.0%,56.3%,35.9%,55.1%,52.0%,62.9%,53.5%,17.8%,33.3%,62.2%,-15,65.6%,50.0%,2.32,14.3%,2.3%,3.4,51.2%,48.3%,60.7%,37.5%,47.3%,15.5%,3.6,18.3,12.5%,73.3%,14.1%,72.2%,18.3%,25.8%,10.0%,23.3%,25.0%,6.0%,31.6%,30,25
1,Henri Squire,220,169,9.5%,4.3%,63.7%,77.7%,47.3%,21.9%,16.9%,12.9%,5.5%,N/A,N/A,N/A,N/A,N/A,N/A,7.0%,62.5%,4.3%,57.3%,40.9%,43.4%,54.7%,32.3%,56.5%,57.1%,35.7%,41.2%,12.0%,20.0%,50.0%,-4,70.7%,53.8%,2.27,92.9%,0.0%,3.9,49.0%,49.0%,64.3%,64.3%,50.4%,23.4%,10.4,1.0,2.5%,50.0%,18.0%,66.7%,19.4%,16.0%,16.7%,10.2%,25.0%,4.6%,15.4%,54,47
1,Murkel Alejandro Dellien Velasco,222,168,3.6%,5.8%,62.8%,65.0%,43.4%,9.7%,15.9%,6.6%,0.9%,N/A,N/A,N/A,N/A,N/A,N/A,3.1%,54.7%,0.0%,64.9%,36.4%,41.5%,38.8%,25.0%,28.8%,38.5%,50.0%,42.9%,23.1%,23.1%,40.0%,29,66.0%,38.7%,2.48,5.1%,6.7%,4.4,44.3%,32.0%,46.7%,41.7%,55.3%,18.0%,-2.5,-8.0,0.0%,-,6.2%,85.7%,6.6%,0.0%,6.7%,3.9%,16.7%,0.5%,0.0%,-85,-69
1,Khumoyun Sultanov,229,215,10.4%,2.2%,63.3%,68.4%,57.6%,16.2%,28.4%,5.4%,9.2%,N/A,N/A,N/A,N/A,N/A,N/A,2.8%,63.9%,2.7%,62.0%,40.5%,41.5%,42.2%,20.5%,31.8%,42.9%,58.3%,35.0%,12.1%,12.1%,41.4%,-35,64.3%,55.6%,2.32,5.7%,11.5%,4.4,55.8%,38.5%,52.6%,46.2%,38.5%,4.5%,-0.5,3.3,0.0%,-,8.8%,76.9%,7.3%,4.5%,0.0%,12.7%,22.7%,0.3%,100.0%,88,48
4,Yasutaka Uchiyama,157,78,9.1%,2.8%,61.5%,72.4%,50.7%,14.7%,16.0%,5.9%,2.6%,N/A,N/A,N/A,N/A,N/A,N/A,9.2%,63.6%,7.8%,62.7%,32.4%,35.8%,44.2%,46.8%,55.4%,47.5%,51.9%,46.7%,21.5%,29.0%,39.7%,41,64.1%,42.9%,2.31,24.2%,8.1%,3.6,47.0%,47.7%,40.7%,56.1%,52.2%,19.3%,-1.0,-0.2,2.4%,66.7%,11.1%,68.2%,12.1%,13.5%,12.9%,8.2%,23.4%,1.3%,54.5%,-8,22
1,Filip Cristian Jianu,225,211,1.9%,0.9%,71.3%,63.6%,46.8%,12.7%,18.2%,3.8%,5.7%,N/A,N/A,N/A,N/A,N/A,N/A,0.1%,56.5%,0.0%,58.1%,48.2%,46.9%,35.6%,33.3%,43.1%,32.4%,48.1%,45.8%,15.4%,30.8%,45.5%,-79,75.5%,29.7%,2.59,5.9%,13.3%,3.6,45.7%,35.5%,30.0%,50.0%,43.7%,15.7%,-10.2,-1.4,0.0%,-,6.0%,71.4%,12.7%,18.2%,0.0%,11.1%,40.0%,1.9%,33.3%,-25,-5
1,Daniel Rincon,226,181,4.6%,8.2%,53.1%,65.0%,45.1%,11.9%,24.8%,6.4%,3.2%,N/A,N/A,N/A,N/A,N/A,N/A,3.8%,57.7%,8.0%,56.0%,19.2%,29.2%,54.8%,23.1%,42.3%,45.0%,40.0%,62.5%,0.0%,4.5%,63.6%,-118,86.0%,25.6%,2.11,25.0%,0.0%,5.9,43.6%,24.0%,50.0%,47.6%,45.8%,7.4%,-4.0,-5.3,14.6%,85.7%,18.8%,57.9%,6.0%,12.5%,0.0%,4.2%,13.3%,2.8%,14.3%,-79,-66
45,Emil Ruusuvuori,227,37,5.8%,4.0%,64.8%,69.8%,51.0%,13.7%,19.8%,6.7%,3.5%,119.4,122.8,114.3,94.8,98.9,92.8,4.6%,63.0%,3.4%,62.2%,39.2%,37.5%,53.4%,30.0%,40.1%,55.1%,35.7%,39.0%,13.7%,20.9%,50.4%,16,67.4%,49.4%,2.27,13.7%,3.5%,4.5,47.2%,51.6%,56.4%,50.2%,51.9%,7.8%,2.6,0.6,1.3%,77.8%,8.4%,72.5%,10.4%,13.3%,9.4%,6.8%,19.1%,0.7%,41.4%,-27,-23
4,Alex Bolt,228,125,8.8%,3.4%,60.3%,70.0%,50.2%,15.0%,19.4%,5.5%,1.8%,109.6,113.1,105.8,95.3,96.0,94.2,7.5%,61.9%,10.2%,64.5%,33.2%,34.7%,47.9%,38.6%,53.0%,53.9%,41.3%,52.7%,17.3%,23.1%,40.7%,3,62.3%,41.6%,2.14,35.6%,12.1%,3.6,46.9%,46.1%,47.9%,50.0%,58.5%,44.4%,2.9,-8.3,4.6%,75.0%,13.3%,66.7%,16.0%,19.1%,21.2%,3.4%,0.0%,1.4%,40.0%,45,45
1,Gauthier Onclin,228,194,1.7%,3.3%,68.6%,65.1%,52.6%,29.1%,19.4%,23.9%,6.5%,N/A,N/A,N/A,N/A,N/A,N/A,1.3%,53.7%,1.4%,51.4%,47.6%,44.3%,59.5%,14.8%,29.6%,60.9%,41.7%,66.7%,9.5%,28.6%,57.9%,-26,73.1%,65.8%,2.42,8.7%,5.6%,5.7,51.2%,65.5%,71.4%,57.9%,62.8%,7.3%,16.4,-1.2,2.0%,100.0%,9.7%,70.0%,18.7%,29.8%,0.0%,4.2%,25.0%,1.2%,100.0%,5,-7
1,Adolfo Daniel Vallejo,230,187,0.0%,14.0%,56.0%,50.0%,36.4%,9.1%,18.9%,6.5%,3.0%,N/A,N/A,N/A,N/A,N/A,N/A,0.0%,51.2%,0.0%,64.1%,38.0%,44.4%,55.1%,12.0%,24.0%,52.3%,84.6%,33.3%,7.4%,7.4%,60.0%,-45,86.3%,43.9%,2.22,0.0%,2.3%,5.6,41.7%,48.8%,56.3%,57.1%,50.2%,11.3%,2.9,-2.5,7.5%,50.0%,18.9%,75.8%,9.5%,23.5%,7.7%,2.9%,5.6%,3.7%,13.3%,-74,-79
2,Andrea Pellegrino,231,136,1.1%,3.2%,68.9%,59.5%,37.3%,5.2%,24.0%,3.3%,2.2%,N/A,N/A,N/A,N/A,N/A,N/A,2.9%,60.4%,2.0%,58.7%,37.8%,38.8%,35.7%,20.6%,30.2%,38.0%,25.8%,46.9%,13.0%,13.0%,30.0%,-16,74.3%,35.9%,1.96,4.8%,3.4%,4.3,34.3%,41.5%,50.0%,26.3%,57.0%,15.6%,-11.3,-3.3,1.1%,100.0%,6.3%,41.7%,7.5%,14.3%,18.2%,3.8%,66.7%,2.0%,42.9%,-17,-35
59,Bernard Tomic,236,17,9.4%,2.1%,66.3%,71.1%,49.9%,17.1%,15.4%,6.1%,2.9%,112.0,113.6,105.7,90.9,99.9,94.0,7.9%,64.9%,6.9%,63.7%,33.8%,34.8%,49.9%,40.7%,53.0%,53.5%,54.7%,51.9%,14.7%,21.6%,44.4%,30,62.6%,46.7%,2.36,37.2%,6.8%,4.0,50.1%,44.8%,53.2%,48.0%,50.0%,37.9%,5.7,-0.6,1.1%,53.6%,6.6%,70.1%,13.8%,16.7%,14.2%,8.0%,18.6%,0.9%,32.9%,-24,-13
24,Radu Albot,233,39,3.3%,3.7%,64.0%,65.8%,49.4%,12.4%,14.9%,6.6%,2.2%,105.9,110.3,102.9,88.9,91.9,89.6,2.4%,60.5%,2.2%,59.0%,39.5%,39.8%,52.4%,25.1%,37.8%,54.5%,47.5%,47.6%,16.6%,22.7%,48.9%,47,65.4%,47.7%,2.29,17.9%,5.6%,4.2,46.2%,51.7%,53.1%,47.9%,57.4%,19.8%,5.5,-2.2,1.9%,63.6%,11.8%,69.5%,12.0%,18.5%,12.0%,5.7%,23.4%,0.9%,27.3%,-34,-35
43,Albert Ramos,234,17,4.1%,3.1%,62.4%,67.5%,51.4%,12.2%,16.0%,6.4%,1.9%,104.6,106.0,100.4,88.9,89.8,88.3,2.9%,60.8%,3.6%,62.6%,36.5%,38.9%,51.4%,23.6%,35.7%,53.6%,24.6%,54.8%,14.7%,20.2%,47.7%,31,70.2%,43.8%,2.24,16.3%,5.3%,4.7,46.6%,48.3%,49.3%,46.7%,56.0%,15.7%,4.9,-3.6,0.6%,78.9%,6.8%,66.5%,11.2%,18.8%,8.6%,4.3%,10.6%,0.9%,45.8%,-54,-53
4,Paul Jubb,218,180,4.1%,5.1%,59.0%,71.8%,48.2%,13.2%,16.1%,8.9%,3.2%,112.7,115.3,112.3,97.8,99.2,104.0,2.6%,63.6%,2.0%,60.1%,37.2%,33.2%,51.1%,33.2%,46.9%,54.0%,35.5%,33.0%,24.7%,30.5%,46.2%,109,63.6%,51.5%,2.46,28.0%,7.6%,3.5,49.1%,53.2%,47.5%,56.7%,54.6%,18.5%,8.7,0.1,3.9%,61.9%,10.3%,70.8%,16.3%,18.2%,11.8%,9.5%,22.6%,0.4%,66.7%,0,12
3,Yu Hsiou Hsu,237,158,3.9%,2.8%,67.5%,64.9%,50.0%,15.9%,20.0%,10.7%,4.1%,109.6,113.6,106.4,93.6,95.7,90.2,3.3%,63.9%,2.3%,56.9%,35.9%,37.3%,48.3%,29.2%,45.2%,52.9%,57.1%,42.9%,13.6%,18.2%,38.6%,19,60.5%,43.8%,2.32,11.0%,4.2%,3.9,46.7%,45.9%,47.8%,45.5%,54.5%,16.9%,3.1,-7.2,0.9%,0.0%,13.4%,70.2%,13.4%,21.3%,9.1%,6.9%,8.3%,1.3%,37.5%,54,34
1,Maks Kasnikowski,234,168,6.5%,3.0%,59.9%,63.3%,48.4%,14.8%,12.3%,11.2%,2.1%,100.8,109.2,101.6,81.1,87.0,76.0,N/A,N/A,N/A,N/A,N/A,N/A,45.7%,25.8%,35.1%,48.6%,55.8%,27.8%,12.7%,15.9%,41.8%,11,67.3%,41.7%,2.37,30.4%,14.3%,4.4,48.2%,37.8%,44.8%,57.1%,50.6%,14.3%,3.5,-1.2,0.0%,-,11.6%,62.2%,12.4%,18.8%,22.2%,8.2%,30.4%,0.9%,0.0%,-66,-45
1,Chris Rodesch,238,237,11.6%,4.2%,72.2%,70.1%,56.9%,14.3%,24.3%,7.5%,4.6%,N/A,N/A,N/A,N/A,N/A,N/A,7.1%,57.1%,2.5%,70.0%,26.8%,47.1%,49.1%,40.8%,61.2%,58.6%,50.0%,58.6%,16.1%,22.6%,38.5%,13,72.9%,46.2%,2.25,3.6%,0.0%,4.8,51.5%,43.9%,40.0%,50.0%,53.1%,11.1%,1.5,-3.8,0.0%,-,18.5%,77.1%,14.5%,19.2%,20.0%,3.3%,9.5%,1.6%,0.0%,7,9
11,Juan Pablo Varillas,240,60,5.5%,2.2%,57.5%,68.7%,51.0%,14.6%,19.3%,9.2%,3.0%,117.7,119.0,116.1,88.8,93.0,90.0,4.1%,63.2%,4.6%,61.6%,37.6%,38.0%,51.7%,30.4%,42.5%,54.8%,44.4%,50.0%,9.7%,16.7%,48.1%,-17,75.2%,44.3%,2.20,11.0%,3.3%,4.7,50.4%,47.8%,51.5%,44.1%,56.7%,7.4%,4.7,-1.9,0.2%,50.0%,8.2%,74.1%,11.8%,13.0%,12.9%,6.2%,15.6%,0.9%,30.6%,-38,-37
2,Max Hans Rehberg,241,230,0.7%,5.5%,65.1%,64.5%,38.3%,16.5%,12.7%,12.6%,5.1%,N/A,N/A,N/A,N/A,N/A,N/A,3.5%,68.4%,4.0%,66.0%,21.4%,18.4%,59.7%,29.2%,41.5%,65.2%,50.0%,48.7%,27.8%,30.6%,50.0%,137,53.3%,35.7%,2.17,22.2%,6.3%,4.2,35.4%,59.1%,52.6%,54.5%,53.4%,3.7%,14.0,-2.5,2.9%,33.3%,7.5%,62.5%,16.9%,37.1%,10.0%,5.6%,13.3%,0.6%,0.0%,-61,-57
1,Yan Bai,242,200,4.1%,3.9%,54.9%,65.8%,47.6%,19.6%,29.4%,11.0%,6.6%,N/A,N/A,N/A,N/A,N/A,N/A,4.4%,59.4%,3.3%,55.1%,39.0%,38.7%,54.7%,28.2%,59.0%,67.9%,83.3%,47.6%,16.3%,23.3%,44.4%,42,71.2%,36.2%,2.15,11.1%,5.3%,4.8,49.4%,45.0%,37.5%,45.5%,54.6%,11.9%,4.8,-6.0,7.3%,100.0%,18.3%,57.1%,12.5%,32.6%,50.0%,4.1%,8.3%,0.3%,100.0%,31,20
4,Viktor Durasovic,244,238,7.1%,4.4%,59.7%,69.0%,44.7%,14.0%,23.3%,10.2%,3.2%,N/A,N/A,N/A,N/A,N/A,N/A,4.6%,62.2%,5.0%,60.3%,37.5%,36.0%,49.3%,22.3%,43.4%,51.2%,46.1%,43.3%,17.8%,30.8%,46.6%,50,59.3%,40.9%,2.25,27.1%,6.0%,4.1,45.6%,42.0%,42.6%,44.7%,56.0%,16.4%,2.3,-7.4,4.4%,50.0%,15.0%,64.9%,13.5%,21.9%,9.3%,9.2%,25.6%,0.8%,57.1%,49,26
1,Sascha Gueymard Wayenburg,247,245,N/A,N/A,N/A,N/A,N/A,N/A,N/A,N/A,N/A,N/A,N/A,N/A,N/A,N/A,N/A,N/A,N/A,N/A,N/A,N/A,N/A,40.4%,26.2%,35.7%,38.7%,41.2%,52.0%,8.7%,21.7%,42.9%,-26,71.7%,39.5%,1.95,3.2%,0.0%,4.5,50.7%,36.8%,29.4%,42.9%,48.7%,11.9%,2.0,-13.9,0.0%,-,8.4%,50.0%,8.7%,10.5%,16.7%,4.0%,14.3%,1.7%,25.0%,10,-6
7,Elias Ymer,247,105,6.0%,4.4%,59.0%,69.1%,47.5%,13.1%,19.1%,6.2%,1.9%,113.8,118.4,111.7,94.2,97.1,93.1,4.9%,60.8%,3.7%,59.4%,38.3%,37.5%,47.6%,32.1%,45.4%,54.7%,46.0%,45.4%,18.9%,21.4%,39.0%,67,69.5%,47.5%,2.20,19.9%,4.3%,4.8,48.9%,46.1%,43.7%,52.3%,52.8%,13.4%,-0.1,-2.6,0.2%,100.0%,9.1%,66.0%,9.3%,15.0%,13.7%,3.5%,11.9%,0.5%,50.0%,-40,-28
1,Tung Lin Wu,249,158,4.9%,2.3%,62.8%,65.3%,51.1%,14.9%,15.4%,9.7%,3.4%,N/A,N/A,N/A,N/A,N/A,N/A,7.8%,63.9%,3.8%,61.9%,39.9%,34.5%,49.1%,34.0%,49.1%,45.7%,46.2%,74.1%,25.9%,29.6%,55.0%,72,70.5%,51.9%,2.48,0.0%,2.9%,4.2,47.5%,64.5%,44.0%,31.6%,46.1%,4.4%,11.4,0.3,0.0%,-,7.7%,73.3%,17.2%,21.9%,0.0%,5.6%,28.6%,0.9%,33.3%,-21,-7
1,Gonzalo Bueno,250,235,,,,,,9.8%,13.8%,8.3%,1.9%,N/A,N/A,N/A,N/A,N/A,N/A,0.0%,42.0%,0.0%,45.7%,40.4%,29.1%,47.7%,19.4%,33.3%,51.7%,29.4%,31.6%,0.0%,6.7%,40.0%,-118,67.6%,43.5%,2.36,7.1%,0.0%,4.5,43.9%,36.7%,33.3%,53.3%,50.7%,14.3%,6.6,-0.5,0.0%,-,10.6%,53.8%,14.9%,16.0%,11.1%,5.8%,16.7%,1.8%,50.0%,-81,-81
2,Guy Den Ouden,251,251,N/A,N/A,N/A,N/A,N/A,16.9%,20.7%,9.5%,4.2%,N/A,N/A,N/A,N/A,N/A,N/A,10.3%,69.0%,7.4%,63.0%,34.6%,30.6%,59.5%,30.3%,43.4%,60.4%,29.7%,46.2%,13.3%,23.3%,57.7%,4,73.3%,41.9%,2.36,2.4%,9.4%,3.9,47.9%,45.2%,88.2%,46.2%,64.2%,17.6%,6.7,3.8,1.0%,0.0%,3.3%,85.7%,15.4%,12.8%,3.6%,11.3%,33.3%,2.7%,33.3%,6,22
2,Rio Noguchi,252,201,0.7%,3.5%,69.9%,69.0%,44.2%,10.8%,12.9%,6.9%,3.1%,N/A,N/A,N/A,N/A,N/A,N/A,0.6%,62.3%,0.8%,61.0%,41.6%,40.3%,54.5%,16.0%,28.0%,63.1%,53.1%,56.9%,31.6%,34.2%,26.9%,97,56.9%,45.1%,2.53,56.6%,1.9%,4.0,45.8%,43.9%,50.0%,51.7%,62.8%,9.1%,11.1,1.7,0.7%,100.0%,11.5%,72.7%,12.7%,16.0%,10.5%,5.7%,16.7%,0.0%,-,-19,-45
2,Frederico Ferreira Silva,252,168,3.9%,3.7%,61.3%,65.2%,49.8%,10.6%,19.1%,3.2%,1.8%,N/A,N/A,N/A,N/A,N/A,N/A,3.5%,56.7%,4.3%,58.5%,39.6%,41.0%,39.8%,29.6%,31.0%,46.0%,26.5%,67.6%,11.6%,16.3%,31.6%,-8,73.1%,42.5%,2.51,16.0%,10.3%,4.5,40.8%,38.1%,45.2%,53.8%,47.2%,10.6%,1.2,-10.1,0.0%,-,6.7%,68.8%,5.5%,9.1%,0.0%,4.0%,5.3%,0.7%,0.0%,-62,-44
1,Oriol Roca Batalla,248,150,10.8%,3.8%,59.2%,72.9%,53.0%,9.0%,12.9%,4.2%,4.9%,N/A,N/A,N/A,N/A,N/A,N/A,3.2%,60.5%,3.5%,59.2%,39.4%,36.6%,50.9%,20.5%,30.8%,51.6%,55.0%,57.9%,14.3%,21.4%,50.0%,22,76.7%,59.1%,2.48,0.0%,7.4%,4.7,58.2%,61.5%,55.6%,42.1%,44.7%,32.0%,4.7,5.0,5.8%,50.0%,9.0%,78.6%,10.2%,14.7%,11.1%,5.2%,18.2%,1.3%,50.0%,-100,-92
3,Jay Clarke,262,153,6.0%,4.7%,53.3%,69.2%,52.9%,14.2%,13.8%,7.1%,4.7%,112.5,117.0,108.9,88.4,96.0,87.9,4.3%,61.5%,4.7%,60.5%,37.5%,37.8%,57.3%,30.6%,42.3%,57.1%,42.3%,50.8%,13.2%,26.3%,57.6%,6,68.4%,33.3%,2.30,28.9%,9.3%,4.3,45.9%,46.0%,50.0%,47.4%,52.1%,21.4%,9.3,-2.2,3.1%,83.3%,11.2%,75.0%,13.8%,19.7%,11.6%,6.0%,23.5%,0.9%,16.7%,-57,-40
1,Vitaliy Sachko,300,156,5.2%,3.9%,65.1%,64.5%,45.8%,15.1%,20.4%,4.4%,6.6%,N/A,N/A,N/A,N/A,N/A,N/A,2.0%,55.3%,1.6%,56.8%,38.4%,43.3%,44.1%,31.5%,40.7%,40.5%,54.2%,60.0%,15.4%,26.9%,50.0%,29,73.5%,44.0%,2.32,13.5%,8.0%,4.5,50.6%,43.6%,35.7%,50.0%,46.1%,18.3%,0.4,-6.1,0.0%,-,4.6%,57.1%,7.8%,10.0%,0.0%,6.1%,28.6%,0.7%,50.0%,-58,-31
1,Denis Yevseyev,257,153,4.6%,4.2%,61.6%,69.8%,44.1%,9.9%,18.8%,7.2%,2.1%,N/A,N/A,N/A,N/A,N/A,N/A,2.2%,58.4%,1.5%,59.8%,40.2%,43.4%,57.9%,25.0%,32.1%,61.9%,80.0%,46.2%,5.6%,5.6%,52.9%,-60,81.5%,31.8%,2.61,9.5%,0.0%,6.2,38.1%,63.6%,56.3%,28.6%,57.0%,13.4%,4.3,-2.0,0.0%,-,8.9%,55.6%,9.2%,6.5%,0.0%,5.0%,50.0%,0.4%,0.0%,-99,-94
6,Dominic Stricker,265,88,11.1%,3.5%,57.3%,76.6%,50.6%,18.3%,13.6%,10.6%,5.1%,114.5,117.8,109.8,88.8,89.5,88.9,7.1%,63.2%,9.9%,67.0%,35.7%,33.3%,57.1%,38.4%,55.8%,62.7%,37.2%,53.6%,17.2%,28.2%,50.3%,50,63.4%,47.3%,2.23,45.0%,3.9%,3.3,47.7%,50.9%,60.2%,59.6%,57.2%,20.7%,9.5,1.4,6.7%,80.6%,17.3%,71.9%,19.8%,29.6%,13.3%,10.9%,14.6%,1.8%,24.0%,32,39
2,Max Houkes,261,261,N/A,N/A,N/A,N/A,N/A,21.8%,20.9%,12.4%,4.3%,N/A,N/A,N/A,N/A,N/A,N/A,11.1%,67.9%,9.7%,80.6%,48.3%,59.0%,59.3%,51.6%,69.4%,56.7%,48.0%,62.2%,35.6%,46.7%,62.1%,99,81.0%,55.9%,2.32,20.0%,3.2%,4.0,66.7%,60.4%,38.9%,55.2%,51.0%,8.5%,7.4,-1.2,15.5%,80.0%,14.6%,77.1%,14.1%,21.1%,17.6%,3.3%,14.3%,1.3%,20.0%,19,53
1,Andres Andrade,262,232,3.6%,3.6%,61.3%,72.8%,50.8%,16.0%,22.7%,9.9%,7.2%,N/A,N/A,N/A,N/A,N/A,N/A,3.5%,43.9%,0.0%,55.4%,23.3%,44.4%,44.2%,10.8%,21.6%,48.5%,44.4%,47.4%,9.5%,19.0%,36.8%,-22,70.0%,31.0%,2.36,15.2%,0.0%,4.8,41.8%,47.1%,40.9%,11.1%,42.4%,9.3%,2.4,-9.6,3.3%,100.0%,9.2%,72.7%,12.7%,15.4%,0.0%,2.8%,33.3%,3.7%,44.4%,-30,-49
2,Matteo Martineau,264,170,6.2%,4.6%,67.7%,70.5%,52.4%,20.1%,21.6%,11.3%,4.3%,N/A,N/A,N/A,N/A,N/A,N/A,5.3%,61.4%,4.5%,61.8%,37.3%,37.3%,47.0%,38.7%,52.7%,50.9%,47.8%,51.1%,8.5%,19.1%,41.9%,-39,61.8%,46.4%,2.22,37.0%,4.5%,3.7,46.8%,45.8%,40.7%,50.0%,60.0%,28.4%,-0.2,6.3,5.3%,62.5%,15.9%,66.0%,16.1%,16.4%,0.0%,9.9%,30.8%,4.5%,31.6%,39,35
1,Santiago Fa Rodriguez Taverna,265,157,5.5%,4.3%,62.0%,71.3%,38.7%,N/A,N/A,N/A,N/A,N/A,N/A,N/A,N/A,N/A,N/A,0.8%,55.4%,0.2%,56.5%,40.1%,43.6%,60.6%,37.9%,55.2%,66.7%,76.9%,62.5%,16.7%,16.7%,53.3%,-79,77.8%,57.1%,2.23,11.1%,5.0%,4.5,60.0%,71.0%,42.9%,40.0%,64.3%,28.9%,19.5,1.0,2.5%,0.0%,4.5%,80.0%,18.6%,25.0%,7.7%,6.1%,28.6%,3.3%,28.6%,1,6
3,Abedallah Shelbayh,266,181,5.7%,5.1%,58.4%,66.5%,44.9%,18.7%,16.4%,11.6%,3.6%,N/A,N/A,N/A,N/A,N/A,N/A,8.3%,65.9%,10.0%,62.5%,27.3%,36.1%,50.3%,35.3%,50.7%,54.6%,28.8%,65.5%,27.7%,31.9%,44.1%,40,57.6%,49.2%,2.27,28.4%,11.0%,3.4,47.3%,45.6%,62.1%,58.8%,56.3%,20.8%,5.9,-5.6,5.7%,84.6%,12.5%,78.3%,11.6%,24.1%,0.0%,6.4%,16.1%,4.1%,28.0%,34,33
1,Mili Poljicak,275,275,3.3%,2.9%,50.6%,68.5%,46.3%,19.0%,18.4%,13.0%,3.6%,N/A,N/A,N/A,N/A,N/A,N/A,2.7%,54.1%,9.1%,66.7%,28.2%,34.2%,48.1%,37.5%,62.5%,48.0%,68.8%,50.0%,6.9%,13.8%,48.1%,-45,76.6%,35.6%,2.14,5.3%,6.5%,3.9,50.0%,42.9%,31.6%,28.6%,42.2%,15.4%,1.3,-8.7,4.5%,66.7%,15.6%,65.2%,21.5%,26.7%,20.0%,0.0%,0.0%,8.4%,52.6%,24,25
2,Robin Bertrand,268,260,N/A,N/A,N/A,N/A,N/A,12.5%,15.1%,7.5%,4.3%,N/A,N/A,N/A,N/A,N/A,N/A,1.4%,65.3%,4.7%,53.1%,31.1%,37.7%,52.0%,25.8%,39.3%,56.1%,37.8%,61.4%,12.2%,19.5%,44.4%,-1,68.5%,44.9%,2.48,4.6%,5.0%,4.4,43.0%,48.3%,51.4%,57.7%,49.8%,6.4%,2.7,4.1,0.0%,-,9.3%,69.2%,11.0%,25.0%,10.0%,9.6%,6.5%,0.6%,33.3%,-51,-43
3,Zsombor Piros,270,106,5.6%,2.0%,68.4%,62.9%,49.9%,17.0%,16.3%,10.5%,5.3%,N/A,N/A,N/A,N/A,N/A,N/A,2.3%,56.4%,2.4%,57.1%,42.8%,39.1%,51.5%,26.5%,39.2%,53.4%,35.3%,53.1%,12.1%,19.6%,48.9%,6,69.6%,50.4%,2.27,7.6%,5.1%,4.1,45.4%,48.8%,54.5%,54.5%,50.0%,20.4%,8.3,6.2,0.4%,100.0%,6.1%,79.5%,18.1%,26.4%,11.1%,8.5%,25.0%,1.6%,50.0%,-7,-17
1,Javier Barranco Cosano,268,211,1.8%,3.6%,64.0%,69.0%,57.5%,15.1%,22.6%,7.4%,6.0%,N/A,N/A,N/A,N/A,N/A,N/A,2.4%,55.6%,4.1%,58.2%,40.1%,40.7%,55.6%,24.0%,40.0%,63.2%,16.0%,48.0%,20.0%,20.0%,37.5%,-7,86.4%,55.3%,2.14,12.0%,0.0%,5.4,58.8%,44.2%,82.6%,40.0%,51.9%,14.2%,6.5,-0.7,0.0%,-,5.0%,87.5%,7.4%,8.3%,0.0%,6.6%,6.3%,2.2%,50.0%,-48,-51
1,Corentin Denolly,272,269,1.7%,7.8%,62.6%,73.2%,37.3%,10.7%,23.8%,6.1%,5.1%,N/A,N/A,N/A,N/A,N/A,N/A,3.0%,61.4%,2.4%,62.8%,44.2%,42.2%,53.6%,17.6%,33.8%,55.4%,48.1%,78.0%,9.7%,12.9%,50.0%,-36,84.0%,43.8%,2.03,16.1%,3.1%,4.9,46.9%,51.6%,44.0%,48.3%,43.5%,29.5%,-2.7,0.3,4.7%,80.0%,11.7%,64.0%,6.6%,19.2%,2.6%,8.9%,19.0%,1.5%,28.6%,-75,-56
3,Dimitar Kuzmanov,276,158,3.9%,3.9%,63.4%,65.7%,48.9%,11.4%,18.2%,6.5%,2.5%,N/A,N/A,N/A,N/A,N/A,N/A,2.7%,58.3%,2.4%,58.6%,38.2%,37.6%,44.0%,28.3%,40.1%,46.8%,35.5%,35.5%,13.2%,14.5%,39.4%,-3,71.5%,42.6%,2.31,14.7%,7.1%,5.0,49.3%,43.8%,48.8%,35.8%,51.9%,39.2%,1.4,1.0,0.0%,-,6.2%,85.2%,12.3%,16.2%,11.5%,4.1%,13.8%,0.9%,12.5%,-59,-46
5,Goncalo Oliveira,271,194,N/A,N/A,N/A,N/A,N/A,20.2%,19.6%,11.7%,5.3%,N/A,N/A,N/A,N/A,N/A,N/A,3.4%,58.3%,5.0%,59.4%,35.5%,37.8%,52.9%,35.8%,52.3%,56.6%,44.0%,74.3%,18.8%,26.0%,47.4%,-4,58.9%,45.9%,2.09,22.9%,6.6%,3.6,45.5%,46.6%,55.4%,51.4%,53.8%,11.4%,8.5,-5.9,4.0%,70.0%,11.0%,63.5%,17.4%,32.1%,5.0%,7.6%,15.6%,0.9%,28.6%,46,38
5,Adrian Andreev,273,183,1.5%,4.1%,63.2%,59.0%,52.8%,13.7%,17.0%,9.8%,2.8%,N/A,N/A,N/A,N/A,N/A,N/A,1.5%,58.6%,2.1%,57.8%,40.8%,43.0%,50.4%,23.0%,33.0%,54.3%,61.3%,44.2%,16.4%,23.0%,43.5%,39,75.2%,47.7%,2.27,32.6%,14.7%,4.6,50.0%,50.5%,49.6%,54.9%,48.1%,17.2%,7.7,-0.9,0.0%,-,11.8%,60.4%,14.1%,17.4%,10.7%,6.2%,15.6%,1.1%,26.3%,-51,-49
9,Karue Sell,274,258,N/A,N/A,N/A,N/A,N/A,13.7%,16.0%,8.9%,3.4%,N/A,N/A,N/A,N/A,N/A,N/A,5.4%,64.1%,2.4%,62.3%,40.3%,39.6%,53.6%,30.0%,39.9%,56.6%,62.7%,43.5%,15.2%,25.7%,50.0%,9,71.9%,53.4%,2.17,14.2%,8.5%,4.7,50.0%,58.4%,53.9%,50.4%,55.0%,8.4%,6.4,6.0,4.6%,69.6%,15.1%,70.4%,11.6%,15.4%,18.6%,9.6%,21.9%,0.8%,29.4%,-32,-27
1,Oliver Crawford,314,190,N/A,N/A,N/A,N/A,N/A,14.1%,10.8%,7.1%,4.5%,N/A,N/A,N/A,N/A,N/A,N/A,2.4%,64.2%,2.1%,60.0%,42.9%,40.9%,52.1%,46.3%,70.4%,65.5%,66.7%,40.7%,26.9%,34.6%,31.6%,78,57.8%,40.7%,2.51,27.6%,19.4%,2.9,45.7%,60.0%,38.5%,28.6%,54.8%,10.6%,5.6,12.3,5.3%,50.0%,13.0%,66.7%,17.8%,22.2%,10.0%,29.3%,40.0%,0.0%,-,19,41
10,Pedro Cachin,277,48,6.7%,2.8%,63.4%,68.9%,47.1%,15.6%,18.3%,9.5%,3.5%,114.0,116.8,111.8,87.3,91.4,84.6,4.5%,57.6%,3.4%,56.3%,38.7%,37.6%,50.0%,31.6%,46.0%,52.9%,52.2%,38.5%,16.9%,23.3%,46.2%,3,77.3%,44.1%,2.26,23.1%,9.5%,4.7,50.1%,49.1%,42.8%,55.0%,48.1%,15.1%,3.6,-2.3,1.4%,72.7%,12.9%,71.0%,13.3%,14.9%,15.7%,5.9%,29.9%,2.3%,28.4%,-25,-20
1,Rei Sakamoto,282,278,6.5%,0.0%,76.6%,66.1%,50.0%,20.8%,16.0%,10.4%,5.6%,N/A,N/A,N/A,N/A,N/A,N/A,10.0%,60.0%,16.7%,69.4%,27.8%,25.0%,52.7%,45.5%,56.8%,50.0%,47.1%,40.7%,0.0%,9.7%,54.8%,-118,52.9%,50.0%,2.27,45.8%,8.3%,3.9,40.0%,52.6%,54.5%,70.0%,56.3%,15.4%,8.0,0.6,0.0%,-,19.4%,67.9%,17.2%,17.1%,0.0%,12.1%,23.5%,1.4%,33.3%,34,29
13,J J Wolf,279,39,9.2%,4.2%,57.8%,72.4%,49.9%,18.0%,18.3%,11.4%,3.1%,110.6,114.3,104.8,92.3,96.6,91.1,11.1%,65.8%,10.3%,61.9%,35.4%,39.7%,48.9%,34.5%,50.2%,56.3%,52.8%,42.5%,15.0%,22.0%,39.4%,31,61.3%,48.9%,2.33,32.9%,4.2%,3.8,46.1%,46.1%,45.4%,49.0%,57.5%,9.4%,3.8,-3.6,1.8%,70.6%,10.6%,68.1%,15.0%,18.4%,9.3%,4.4%,17.2%,0.8%,33.3%,17,12
7,Jelle Sels,284,127,N/A,N/A,N/A,N/A,N/A,13.9%,23.2%,9.8%,2.0%,N/A,N/A,N/A,N/A,N/A,N/A,5.4%,59.1%,3.2%,57.8%,38.7%,37.8%,50.4%,28.2%,40.6%,49.3%,40.8%,59.6%,10.1%,16.3%,51.9%,-14,72.7%,46.0%,2.23,21.4%,5.8%,4.7,48.0%,51.8%,40.4%,56.8%,63.9%,33.6%,1.7,-3.4,2.5%,75.0%,11.9%,74.6%,10.1%,15.2%,3.9%,3.7%,13.9%,2.0%,39.5%,-29,-24
1,Geoffrey Blancaneaux,285,134,6.2%,3.5%,63.4%,65.7%,42.3%,8.0%,24.8%,4.2%,2.5%,109.1,112.6,107.3,88.0,90.6,80.7,2.4%,62.4%,3.3%,59.8%,41.4%,40.4%,66.7%,24.1%,44.4%,68.3%,77.8%,40.7%,9.7%,35.5%,64.3%,-18,87.3%,45.8%,2.19,22.0%,0.0%,4.9,54.6%,53.8%,48.0%,56.5%,56.6%,11.9%,9.0,1.8,23.8%,68.4%,23.9%,74.5%,12.4%,26.5%,3.4%,11.5%,11.1%,2.3%,44.4%,-14,-20
4,Kimmer Coppejans,286,97,5.4%,2.5%,66.0%,64.6%,48.5%,14.2%,19.6%,5.5%,3.4%,116.1,121.7,114.9,93.2,95.6,89.0,4.0%,59.0%,3.2%,59.9%,42.3%,41.8%,48.4%,27.3%,40.5%,55.0%,39.0%,56.5%,18.3%,22.6%,37.2%,56,74.6%,50.6%,2.37,22.8%,12.4%,4.6,46.1%,50.0%,47.1%,56.8%,55.8%,10.4%,4.8,2.5,0.0%,-,12.5%,66.7%,10.9%,19.5%,8.1%,8.2%,28.3%,1.2%,25.0%,-30,-25
37,Fajing Sun,287,275,10.2%,2.0%,72.4%,77.5%,55.6%,N/A,N/A,N/A,N/A,N/A,N/A,N/A,N/A,N/A,N/A,2.0%,60.0%,2.1%,59.4%,36.8%,40.4%,N/A,N/A,N/A,N/A,N/A,N/A,N/A,N/A,N/A,N/A,N/A,N/A,N/A,N/A,N/A,N/A,N/A,N/A,N/A,N/A,N/A,N/A,N/A,N/A,N/A,N/A,N/A,N/A,N/A,N/A,N/A,N/A,N/A,N/A,N/A,N/A,N/A
5,Juan Carlos Prado Angelo,289,274,8.5%,6.4%,48.9%,73.9%,58.3%,13.0%,25.4%,8.1%,3.8%,N/A,N/A,N/A,N/A,N/A,N/A,2.4%,61.4%,2.6%,51.0%,41.5%,43.8%,51.9%,21.5%,36.4%,53.7%,27.6%,53.6%,11.3%,18.3%,49.7%,-3,77.0%,49.3%,2.07,7.8%,5.3%,5.2,50.7%,48.2%,50.7%,50.7%,54.9%,7.2%,4.5,-0.4,0.4%,100.0%,6.3%,71.2%,12.8%,17.7%,6.6%,6.2%,23.0%,1.0%,47.6%,-16,-24
1,Michael Geerts,290,212,7.3%,3.7%,56.0%,72.1%,54.2%,11.9%,21.4%,7.9%,3.9%,N/A,N/A,N/A,N/A,N/A,N/A,3.2%,64.8%,2.4%,58.6%,42.2%,39.2%,42.9%,17.4%,43.5%,47.4%,53.8%,40.0%,5.9%,11.8%,37.5%,-60,52.4%,40.9%,2.05,16.7%,0.0%,4.3,36.0%,28.6%,20.0%,50.0%,63.3%,42.6%,0.6,3.3,17.1%,85.7%,17.9%,60.0%,11.1%,20.0%,0.0%,4.8%,25.0%,1.4%,0.0%,-23,-42
2,Clement Chidekh,291,184,0.6%,3.8%,62.0%,70.4%,55.0%,18.1%,21.8%,8.4%,8.1%,N/A,N/A,N/A,N/A,N/A,N/A,3.7%,57.9%,9.2%,59.2%,37.5%,36.8%,52.5%,24.0%,40.5%,55.4%,58.2%,31.8%,10.8%,23.0%,48.5%,-13,68.8%,49.6%,2.24,12.1%,4.1%,4.3,46.7%,49.4%,50.9%,48.6%,39.6%,10.5%,0.0,3.7,1.6%,66.7%,15.1%,72.1%,14.1%,19.3%,0.0%,11.3%,34.1%,0.6%,50.0%,24,20
7,Remy Bertola,292,273,,,,,,N/A,N/A,N/A,N/A,N/A,N/A,N/A,N/A,N/A,N/A,0.4%,58.5%,0.4%,54.4%,44.2%,41.8%,N/A,N/A,N/A,N/A,N/A,N/A,N/A,N/A,N/A,N/A,N/A,N/A,N/A,N/A,N/A,N/A,N/A,N/A,N/A,N/A,N/A,N/A,N/A,N/A,N/A,N/A,N/A,N/A,N/A,N/A,N/A,N/A,N/A,N/A,N/A,N/A,N/A
8,Andrea Vavassori,292,128,5.8%,4.7%,61.5%,70.1%,48.2%,16.8%,15.2%,10.3%,2.4%,N/A,N/A,N/A,N/A,N/A,N/A,5.6%,57.0%,4.6%,58.9%,34.9%,37.9%,45.7%,33.1%,48.6%,49.1%,30.9%,56.7%,17.0%,28.3%,40.2%,35,72.3%,39.9%,2.16,13.3%,10.9%,3.8,48.2%,49.2%,35.9%,34.4%,62.8%,60.2%,1.4,-7.1,31.2%,66.9%,27.4%,64.9%,13.6%,15.0%,17.3%,7.1%,7.4%,1.4%,10.5%,-20,-9
1,Ivan Gakhov,304,142,5.1%,5.1%,54.2%,66.7%,47.2%,17.9%,18.4%,9.1%,4.3%,N/A,N/A,N/A,N/A,N/A,N/A,3.3%,57.2%,3.9%,57.7%,39.6%,43.1%,52.1%,26.6%,37.5%,51.1%,41.4%,17.1%,3.7%,14.8%,53.8%,-80,69.1%,59.7%,1.75,2.1%,9.1%,4.2,56.9%,46.9%,52.4%,61.1%,55.3%,24.3%,9.1,-1.0,2.4%,100.0%,14.2%,85.2%,13.2%,12.5%,5.3%,9.3%,26.3%,2.6%,12.5%,6,7
1,Francesco Maestrelli,297,149,13.0%,1.4%,72.5%,66.0%,47.4%,22.9%,21.0%,11.2%,9.1%,N/A,N/A,N/A,N/A,N/A,N/A,9.8%,58.5%,5.3%,76.3%,40.0%,44.7%,62.3%,21.7%,41.3%,61.1%,63.2%,51.9%,16.7%,23.3%,64.0%,49,79.5%,50.0%,2.04,28.6%,0.0%,5.1,53.4%,66.7%,61.8%,30.0%,47.2%,11.8%,-1.4,12.2,4.1%,100.0%,12.7%,65.0%,9.6%,7.7%,21.4%,11.9%,38.9%,2.1%,42.9%,-15,-21
16,Ricardas Berankis,297,50,5.3%,4.2%,57.4%,70.4%,51.1%,16.7%,18.2%,6.3%,3.6%,112.9,113.1,106.9,92.3,93.9,89.0,4.8%,64.2%,4.8%,63.3%,37.2%,38.0%,46.3%,31.3%,46.5%,48.8%,30.2%,37.4%,16.3%,22.8%,43.0%,44,58.2%,55.9%,2.33,20.9%,10.5%,3.4,46.6%,47.7%,53.0%,45.4%,47.7%,18.0%,8.1,1.3,0.5%,40.0%,11.7%,63.8%,18.1%,24.3%,17.6%,10.3%,21.8%,1.2%,18.2%,66,41
2,Aidan Mayo,289,269,N/A,N/A,N/A,N/A,N/A,8.9%,14.7%,4.3%,0.7%,N/A,N/A,N/A,N/A,N/A,N/A,5.7%,69.0%,10.0%,56.3%,34.2%,31.4%,51.4%,42.5%,50.6%,50.0%,41.7%,29.4%,15.3%,20.8%,52.5%,33,65.1%,44.2%,2.47,10.0%,2.0%,4.3,46.6%,49.3%,55.6%,53.1%,60.1%,17.6%,1.3,-2.6,0.6%,100.0%,7.3%,73.9%,8.2%,8.2%,16.7%,2.2%,12.5%,1.1%,33.3%,-98,-57
23,Martin Klizan,301,24,5.7%,4.5%,58.5%,68.9%,49.5%,16.0%,20.2%,7.7%,2.6%,108.9,110.6,103.8,88.2,92.2,89.5,3.4%,61.0%,5.0%,62.2%,39.0%,38.9%,52.4%,34.2%,47.6%,56.3%,26.8%,46.7%,13.8%,23.5%,47.1%,18,67.1%,52.0%,2.29,22.9%,4.3%,4.0,48.7%,54.2%,55.4%,47.4%,52.0%,9.4%,5.6,-0.5,4.9%,56.7%,8.6%,60.0%,13.5%,20.5%,4.3%,8.3%,13.8%,2.7%,45.7%,13,19
14,Jie Cui,300,280,11.9%,2.4%,59.5%,60.0%,47.1%,N/A,N/A,N/A,N/A,N/A,N/A,N/A,N/A,N/A,N/A,2.8%,62.4%,1.7%,61.4%,36.6%,43.7%,N/A,N/A,N/A,N/A,N/A,N/A,N/A,N/A,N/A,N/A,N/A,N/A,N/A,N/A,N/A,N/A,N/A,N/A,N/A,N/A,N/A,N/A,N/A,N/A,N/A,N/A,N/A,N/A,N/A,N/A,N/A,N/A,N/A,N/A,N/A,N/A,N/A
3,Nicolas Mejia,301,190,4.2%,3.3%,63.9%,64.8%,46.4%,11.9%,16.2%,5.9%,3.6%,N/A,N/A,N/A,N/A,N/A,N/A,2.2%,61.9%,2.2%,60.4%,42.0%,42.8%,55.1%,31.4%,41.4%,57.8%,43.5%,47.0%,16.7%,18.8%,51.2%,37,72.1%,38.7%,2.31,14.8%,2.9%,4.6,48.8%,52.8%,45.8%,41.0%,52.0%,21.2%,1.4,-3.7,1.9%,100.0%,8.1%,73.3%,8.4%,10.4%,2.9%,5.5%,9.7%,3.0%,50.0%,-79,-63
2,Genaro Alberto Olivieri,302,131,2.0%,2.3%,71.3%,65.7%,47.4%,11.2%,10.9%,8.9%,1.9%,N/A,N/A,N/A,N/A,N/A,N/A,0.7%,57.9%,0.5%,57.4%,44.4%,43.7%,52.3%,23.6%,34.5%,57.9%,24.4%,64.1%,29.3%,36.2%,34.1%,41,66.4%,44.3%,2.38,11.3%,7.1%,4.2,53.5%,44.4%,47.5%,43.9%,60.8%,27.7%,13.2,-4.2,0.0%,-,6.7%,60.0%,15.6%,14.6%,14.8%,2.2%,15.0%,1.3%,40.0%,-69,-54
4,Lorenzo Giustino,305,127,3.1%,4.4%,58.9%,59.6%,43.6%,12.9%,20.1%,4.9%,1.4%,N/A,N/A,N/A,N/A,N/A,N/A,5.6%,59.9%,3.8%,58.7%,36.7%,37.9%,49.5%,18.3%,29.3%,52.7%,70.5%,55.2%,14.0%,19.1%,43.7%,22,80.5%,43.5%,2.19,20.9%,6.9%,6.1,45.4%,51.3%,47.0%,43.9%,53.4%,8.4%,3.8,-1.4,0.2%,100.0%,14.3%,57.1%,10.3%,14.5%,1.6%,3.9%,17.7%,0.5%,7.7%,-78,-74
7,Stefano Travaglia,304,60,8.4%,4.0%,55.4%,72.0%,48.0%,14.7%,19.4%,6.0%,2.3%,114.4,119.5,110.0,91.6,98.4,86.6,7.8%,63.7%,5.9%,61.2%,40.7%,39.8%,53.5%,39.8%,53.7%,55.9%,56.3%,58.5%,15.1%,22.2%,51.3%,34,67.7%,51.2%,2.32,16.5%,3.7%,4.1,48.4%,58.6%,51.1%,50.0%,51.4%,24.3%,8.7,-3.2,0.2%,0.0%,7.3%,77.8%,15.3%,20.3%,11.3%,7.5%,16.7%,0.6%,41.7%,6,13
2,Seong Chan Hong,235,139,5.3%,2.8%,60.6%,66.6%,50.3%,10.1%,13.5%,4.0%,4.4%,N/A,N/A,N/A,N/A,N/A,N/A,4.2%,59.4%,3.0%,55.3%,37.3%,37.0%,46.2%,18.8%,27.5%,47.7%,62.2%,44.2%,14.3%,15.9%,44.4%,-33,70.5%,46.5%,2.32,6.3%,13.5%,5.2,46.4%,40.6%,62.9%,37.2%,57.7%,29.7%,-0.9,-1.5,3.6%,80.0%,15.4%,63.4%,4.2%,6.4%,0.0%,3.1%,6.7%,1.1%,50.0%,-148,-125
3,Daniel Dutra Da Silva,306,207,2.0%,5.9%,50.0%,61.8%,51.3%,12.7%,21.9%,8.5%,4.1%,N/A,N/A,N/A,N/A,N/A,N/A,2.2%,58.6%,1.8%,60.4%,36.6%,39.9%,46.8%,22.0%,31.0%,44.9%,31.0%,44.8%,15.2%,28.3%,48.7%,23,73.7%,50.3%,2.04,12.7%,3.0%,4.4,40.9%,48.7%,53.5%,52.1%,53.9%,13.3%,6.8,0.6,0.0%,-,9.0%,56.4%,13.1%,17.0%,7.9%,9.4%,18.5%,2.7%,18.2%,-25,-19
3,Nicolai Budkov Kjaer,307,287,13.6%,3.4%,71.2%,90.5%,29.4%,9.8%,21.1%,4.6%,2.5%,N/A,N/A,N/A,N/A,N/A,N/A,2.9%,65.4%,3.4%,64.0%,38.9%,43.3%,52.6%,35.5%,45.5%,48.7%,11.3%,39.7%,16.2%,26.5%,57.9%,5,79.5%,42.9%,2.23,17.9%,2.5%,4.6,57.8%,46.2%,36.5%,55.6%,49.7%,6.8%,1.8,-2.6,0.0%,-,8.5%,55.9%,10.7%,9.5%,50.0%,4.9%,18.6%,0.4%,0.0%,-56,-45
1,Christoph Negritu,307,297,N/A,N/A,N/A,N/A,N/A,13.2%,7.6%,6.4%,2.4%,N/A,N/A,N/A,N/A,N/A,N/A,5.7%,59.5%,4.6%,60.0%,39.9%,38.5%,50.0%,54.5%,63.6%,50.0%,69.6%,57.1%,33.3%,45.8%,50.0%,-79,72.4%,47.3%,2.18,35.0%,3.2%,3.9,60.0%,47.4%,45.5%,30.0%,50.5%,14.8%,5.8,4.3,0.0%,-,8.3%,58.3%,11.8%,15.8%,25.0%,9.0%,28.6%,0.5%,0.0%,-81,-26
1,Nicolas Alvarez Varona,312,219,7.5%,7.5%,64.3%,69.2%,32.1%,9.7%,31.1%,8.5%,1.1%,N/A,N/A,N/A,N/A,N/A,N/A,3.2%,54.0%,0.0%,42.6%,34.4%,39.3%,43.6%,13.8%,24.1%,44.0%,23.1%,56.3%,6.7%,6.7%,42.9%,-57,69.6%,43.6%,1.91,5.9%,4.5%,5.3,31.8%,50.0%,47.4%,35.7%,61.0%,8.7%,-1.1,-6.6,2.1%,0.0%,9.7%,60.0%,8.0%,5.9%,9.1%,2.9%,10.0%,4.7%,27.3%,-33,-32
3,Ryan Peniston,313,123,5.7%,4.0%,62.4%,70.1%,49.1%,11.1%,18.2%,6.2%,3.0%,109.3,112.3,105.9,84.3,87.8,86.4,2.2%,60.7%,2.2%,63.1%,40.3%,40.1%,44.0%,26.5%,34.7%,44.4%,57.1%,67.9%,17.6%,17.6%,42.9%,25,66.0%,36.4%,2.50,8.3%,22.2%,4.5,39.7%,52.2%,42.1%,25.0%,38.1%,9.3%,9.5,-4.5,0.0%,-,5.7%,57.1%,18.8%,24.0%,16.7%,2.0%,0.0%,1.3%,0.0%,-46,-22
1,Clement Tabur,357,202,N/A,N/A,N/A,N/A,N/A,12.5%,16.5%,9.1%,4.2%,N/A,N/A,N/A,N/A,N/A,N/A,2.0%,57.6%,1.4%,60.4%,41.3%,41.3%,49.3%,19.4%,26.9%,50.0%,65.6%,65.7%,8.7%,21.7%,47.6%,-30,60.7%,47.1%,2.33,5.6%,3.2%,4.9,41.5%,55.6%,48.0%,36.7%,60.2%,14.4%,1.6,5.9,3.3%,100.0%,13.1%,69.6%,7.4%,10.3%,10.0%,6.3%,12.5%,3.2%,36.4%,-43,-55
1,Ergi Kirkin,314,251,5.6%,5.6%,51.8%,63.7%,48.4%,14.9%,23.1%,4.9%,6.5%,N/A,N/A,N/A,N/A,N/A,N/A,2.6%,54.7%,1.8%,60.8%,44.2%,42.7%,46.3%,38.5%,46.2%,45.8%,27.8%,28.6%,6.3%,15.6%,46.7%,-53,82.0%,56.0%,2.43,0.0%,4.3%,5.2,61.3%,51.4%,50.0%,47.8%,43.4%,14.0%,1.7,-6.5,0.0%,-,6.7%,88.9%,4.8%,5.3%,0.0%,2.6%,0.0%,5.9%,38.9%,-68,-42
1,Charles Broom,320,235,4.4%,3.3%,69.4%,61.4%,48.2%,10.5%,16.2%,6.4%,1.2%,110.5,114.3,107.8,94.8,96.2,93.8,1.9%,57.0%,0.4%,63.1%,39.5%,41.5%,43.5%,33.9%,40.3%,43.9%,29.6%,31.4%,27.6%,31.0%,42.9%,19,67.3%,48.5%,2.58,82.9%,2.4%,3.5,46.8%,46.5%,35.7%,60.0%,48.6%,30.8%,-3.8,6.7,6.9%,83.3%,11.5%,50.0%,10.1%,14.3%,0.0%,9.6%,31.3%,0.4%,100.0%,-29,-17
6,Andrej Martin,321,93,2.9%,3.1%,63.8%,62.6%,49.0%,12.6%,16.9%,5.7%,2.4%,102.7,,,86.0,,,3.5%,59.5%,2.4%,58.6%,41.7%,42.7%,44.9%,22.2%,37.6%,49.4%,38.3%,65.8%,16.1%,19.4%,37.5%,40,76.2%,45.7%,2.19,12.4%,5.4%,4.7,48.5%,46.2%,40.7%,41.5%,59.4%,31.1%,1.2,-3.6,8.0%,60.7%,13.5%,72.4%,10.2%,12.6%,7.0%,5.9%,17.9%,1.1%,33.3%,-24,-22
1,Joel Schwaerzler,318,307,5.3%,1.8%,62.3%,57.7%,51.2%,14.2%,20.6%,8.0%,4.4%,N/A,N/A,N/A,N/A,N/A,N/A,9.4%,59.4%,7.1%,64.3%,36.7%,39.1%,48.8%,18.4%,36.8%,45.2%,46.2%,56.0%,42.9%,52.4%,58.3%,-10,70.5%,47.8%,2.67,22.6%,2.9%,3.5,45.9%,53.1%,31.6%,83.3%,52.0%,9.2%,6.6,-5.3,1.8%,100.0%,2.6%,100.0%,14.8%,21.7%,8.3%,10.3%,10.0%,0.0%,-,50,34
1,Luka Mikrut,317,317,0.0%,3.4%,35.6%,61.9%,52.6%,11.9%,27.8%,9.0%,3.3%,N/A,N/A,N/A,N/A,N/A,N/A,0.0%,54.8%,0.0%,57.1%,34.3%,34.4%,53.8%,14.3%,38.1%,55.6%,63.6%,60.0%,5.6%,13.9%,52.9%,-60,86.6%,37.9%,2.36,11.1%,0.0%,6.2,47.8%,37.5%,50.0%,42.3%,46.5%,7.3%,2.3,-1.1,3.4%,100.0%,13.5%,82.4%,13.5%,14.3%,9.1%,2.0%,28.6%,1.7%,50.0%,-37,-51
1,Matheus Pucinelli De Almeida,325,190,2.0%,1.3%,72.2%,60.6%,50.0%,15.0%,25.2%,12.5%,2.5%,N/A,N/A,N/A,N/A,N/A,N/A,0.0%,52.7%,0.8%,58.0%,35.0%,41.0%,47.6%,12.2%,24.5%,48.8%,42.9%,71.4%,9.1%,13.6%,45.0%,-33,69.2%,44.4%,2.29,0.0%,0.0%,5.2,41.1%,40.6%,58.8%,45.5%,65.3%,15.6%,-1.0,-0.6,4.1%,100.0%,16.5%,57.1%,8.7%,8.9%,0.0%,6.1%,50.0%,5.4%,26.7%,-1,-20
5,Gastao Elias,322,57,5.3%,3.9%,52.4%,69.7%,49.4%,13.1%,17.6%,7.7%,3.2%,115.1,118.4,111.3,90.3,83.5,87.5,5.2%,61.6%,3.7%,60.2%,39.6%,40.5%,52.1%,33.2%,45.5%,58.4%,61.0%,50.9%,15.9%,20.4%,46.2%,3,74.9%,46.4%,2.32,18.2%,0.8%,4.4,55.4%,45.5%,50.0%,54.3%,55.3%,21.3%,1.2,-0.1,0.3%,100.0%,10.0%,69.0%,10.9%,9.7%,12.0%,6.1%,24.4%,0.8%,27.3%,-12,-13
29,Benjamin Lock,333,309,5.0%,1.5%,66.4%,65.4%,52.9%,N/A,N/A,N/A,N/A,N/A,N/A,N/A,N/A,N/A,N/A,3.3%,63.2%,2.5%,63.8%,42.6%,39.6%,N/A,N/A,N/A,N/A,N/A,N/A,N/A,N/A,N/A,N/A,N/A,N/A,N/A,N/A,N/A,N/A,N/A,N/A,N/A,N/A,N/A,N/A,N/A,N/A,N/A,N/A,N/A,N/A,N/A,N/A,N/A,N/A,N/A,N/A,N/A,N/A,N/A
2,Mateus Alves,329,271,6.7%,2.7%,65.3%,63.3%,34.6%,13.8%,14.1%,7.3%,1.7%,N/A,N/A,N/A,N/A,N/A,N/A,5.9%,60.2%,6.6%,57.5%,33.0%,39.0%,46.2%,42.0%,52.1%,47.8%,49.1%,42.2%,14.0%,30.2%,43.2%,-12,67.9%,45.3%,2.28,7.2%,1.7%,4.1,52.0%,48.4%,42.9%,44.1%,58.9%,21.0%,11.5,-5.4,0.0%,-,6.3%,70.0%,16.2%,19.4%,11.4%,1.9%,10.0%,0.6%,33.3%,-41,-20
15,Nikolas Sanchez Izquierdo,361,238,2.5%,4.9%,64.2%,61.5%,27.6%,N/A,N/A,N/A,N/A,N/A,N/A,N/A,N/A,N/A,N/A,0.9%,56.7%,0.6%,61.5%,42.7%,49.0%,N/A,N/A,N/A,N/A,N/A,N/A,N/A,N/A,N/A,N/A,N/A,N/A,N/A,N/A,N/A,N/A,N/A,N/A,N/A,N/A,N/A,N/A,N/A,N/A,N/A,N/A,N/A,N/A,N/A,N/A,N/A,N/A,N/A,N/A,N/A,N/A,N/A
25,Jacopo Berrettini,339,310,2.7%,7.2%,60.4%,65.7%,36.4%,N/A,N/A,N/A,N/A,N/A,N/A,N/A,N/A,N/A,N/A,3.2%,59.7%,2.2%,59.1%,39.2%,45.3%,N/A,N/A,N/A,N/A,N/A,N/A,N/A,N/A,N/A,N/A,N/A,N/A,N/A,N/A,N/A,N/A,N/A,N/A,N/A,N/A,N/A,N/A,N/A,N/A,N/A,N/A,N/A,N/A,N/A,N/A,N/A,N/A,N/A,N/A,N/A,N/A,N/A
1,Matej Dodig,302,263,3.6%,6.0%,63.5%,70.8%,44.3%,11.8%,17.6%,11.1%,,N/A,N/A,N/A,N/A,N/A,N/A,2.9%,60.0%,2.9%,54.3%,23.1%,13.0%,50.9%,23.9%,45.7%,60.0%,52.4%,76.0%,10.0%,10.0%,33.3%,-26,65.3%,15.6%,2.22,8.8%,7.1%,3.9,45.8%,33.3%,50.0%,12.5%,54.9%,12.0%,2.7,-5.7,0.0%,-,8.4%,60.0%,17.3%,15.8%,0.0%,5.7%,33.3%,1.6%,33.3%,-30,-22
4,Giulio Zeppieri,324,110,6.9%,3.0%,60.2%,70.5%,51.4%,12.9%,19.8%,9.4%,1.3%,N/A,N/A,N/A,N/A,N/A,N/A,2.9%,61.3%,3.2%,61.6%,38.1%,34.0%,44.5%,32.9%,45.9%,46.3%,38.2%,65.2%,15.3%,24.1%,42.2%,33,66.9%,39.3%,2.25,20.4%,7.8%,3.8,47.9%,35.8%,48.3%,37.0%,56.8%,13.7%,1.5,-6.5,0.3%,0.0%,10.9%,62.7%,14.1%,22.1%,2.9%,4.1%,11.6%,2.0%,20.0%,3,14
3,Dino Prizmic,336,155,2.9%,3.7%,64.2%,64.8%,46.5%,9.7%,14.4%,6.9%,1.7%,N/A,N/A,N/A,N/A,N/A,N/A,4.2%,64.2%,1.2%,57.0%,43.8%,36.9%,48.7%,26.1%,38.2%,51.0%,60.6%,53.3%,12.9%,16.1%,44.4%,13,71.5%,51.2%,2.29,15.3%,5.6%,5.3,46.6%,48.9%,46.8%,50.9%,53.4%,13.2%,4.4,1.6,0.3%,0.0%,6.8%,59.1%,10.9%,13.1%,8.8%,4.4%,18.6%,0.9%,30.8%,-104,-92
1,Alexey Vatutin,340,136,1.2%,4.1%,62.0%,58.6%,45.7%,13.5%,19.4%,1.1%,0.4%,102.3,,,87.7,,,2.1%,58.1%,2.0%,57.0%,39.8%,40.5%,39.4%,0.0%,18.2%,50.0%,50.0%,30.0%,21.4%,21.4%,18.2%,88,51.3%,40.0%,2.17,9.1%,7.7%,4.1,29.3%,35.0%,55.6%,14.3%,50.0%,6.7%,7.1,-7.3,0.0%,-,11.7%,55.6%,10.4%,16.7%,0.0%,11.1%,33.3%,0.0%,-,-48,-75
4,Norbert Gombos,397,80,6.1%,4.5%,62.4%,70.0%,46.3%,13.4%,18.5%,4.4%,2.2%,114.0,119.5,107.6,95.5,94.5,93.5,6.3%,63.3%,6.8%,62.4%,38.8%,39.0%,54.4%,51.0%,63.2%,56.6%,40.0%,37.6%,15.5%,19.0%,52.1%,37,57.1%,42.1%,2.19,33.3%,5.2%,3.6,47.3%,50.0%,47.6%,50.0%,49.4%,6.5%,0.1,0.0,0.0%,-,5.8%,70.0%,13.5%,19.4%,14.3%,6.8%,24.1%,0.9%,14.3%,2,21
6,Dennis Novak,338,85,5.7%,3.3%,64.2%,67.6%,49.5%,14.7%,16.8%,6.6%,3.4%,114.1,115.4,113.1,101.7,103.2,98.8,5.9%,62.4%,4.7%,60.9%,36.3%,37.4%,49.4%,30.1%,44.4%,52.1%,48.6%,41.4%,15.1%,26.5%,45.4%,23,63.0%,48.3%,2.24,28.0%,11.0%,3.8,46.0%,43.8%,55.3%,51.9%,45.4%,19.0%,6.8,-2.8,3.8%,61.1%,11.4%,67.0%,15.9%,24.5%,17.4%,6.3%,15.7%,1.8%,29.6%,7,12
3,Rudolf Molleker,327,146,8.7%,3.8%,60.1%,68.5%,49.1%,12.3%,16.7%,3.2%,2.6%,N/A,N/A,N/A,N/A,N/A,N/A,6.7%,61.5%,5.3%,61.3%,33.8%,32.9%,53.8%,42.0%,47.3%,53.2%,29.0%,60.0%,25.7%,33.7%,54.7%,114,53.7%,49.3%,2.20,40.7%,2.1%,3.5,48.4%,51.8%,55.8%,44.7%,50.1%,12.8%,4.6,2.1,0.0%,-,8.3%,55.3%,10.6%,16.0%,14.3%,8.5%,14.9%,1.0%,37.5%,-35,17
2,Daniel Michalski,343,243,1.7%,2.6%,67.2%,64.1%,50.0%,13.6%,13.2%,8.5%,4.5%,N/A,N/A,N/A,N/A,N/A,N/A,1.0%,57.5%,1.3%,58.9%,42.1%,44.0%,49.1%,19.8%,34.9%,52.2%,28.2%,57.4%,10.0%,16.0%,44.4%,-16,85.6%,48.5%,2.13,11.6%,6.0%,5.4,51.3%,45.6%,60.0%,47.5%,52.6%,9.8%,4.6,-0.2,5.0%,85.7%,12.4%,65.6%,9.4%,16.1%,2.9%,2.2%,11.5%,2.2%,46.2%,-105,-105
1,Masamichi Imamura,342,331,N/A,N/A,N/A,N/A,N/A,12.0%,11.1%,6.6%,3.3%,N/A,N/A,N/A,N/A,N/A,N/A,3.1%,54.9%,2.3%,54.9%,37.4%,41.8%,50.0%,35.1%,48.6%,41.7%,63.2%,61.1%,14.3%,21.4%,66.7%,-79,42.1%,54.2%,2.08,41.7%,7.1%,3.3,39.4%,56.5%,71.4%,14.3%,52.8%,20.3%,11.7,3.3,2.1%,0.0%,9.3%,60.0%,13.2%,7.1%,0.0%,15.2%,0.0%,0.0%,-,7,-18
15,Robert Strombachs,364,334,3.8%,3.2%,61.1%,67.7%,44.3%,N/A,N/A,N/A,N/A,N/A,N/A,N/A,N/A,N/A,N/A,1.2%,57.6%,1.1%,59.5%,35.4%,39.1%,N/A,N/A,N/A,N/A,N/A,N/A,N/A,N/A,N/A,N/A,N/A,N/A,N/A,N/A,N/A,N/A,N/A,N/A,N/A,N/A,N/A,N/A,N/A,N/A,N/A,N/A,N/A,N/A,N/A,N/A,N/A,N/A,N/A,N/A,N/A,N/A,N/A
1,Alex Marti Pujolras,344,330,N/A,N/A,N/A,N/A,N/A,12.6%,34.2%,9.3%,1.9%,N/A,N/A,N/A,N/A,N/A,N/A,2.0%,48.0%,0.0%,45.4%,42.2%,42.7%,25.6%,17.9%,32.1%,34.8%,72.7%,58.8%,9.1%,13.6%,15.0%,-22,86.9%,47.2%,-,4.3%,10.0%,6.5,42.9%,55.6%,26.3%,25.0%,59.2%,9.4%,-0.5,-8.3,0.0%,-,17.9%,40.0%,8.5%,9.7%,5.6%,4.9%,28.6%,2.4%,25.0%,-58,-50
6,Franco Roncadelli,349,348,1.0%,2.4%,72.5%,57.7%,42.5%,N/A,N/A,N/A,N/A,N/A,N/A,N/A,N/A,N/A,N/A,1.9%,42.6%,2.0%,38.0%,28.6%,30.6%,N/A,N/A,N/A,N/A,N/A,N/A,N/A,N/A,N/A,N/A,N/A,N/A,N/A,N/A,N/A,N/A,N/A,N/A,N/A,N/A,N/A,N/A,N/A,N/A,N/A,N/A,N/A,N/A,N/A,N/A,N/A,N/A,N/A,N/A,N/A,N/A,N/A
5,Renzo Olivo,345,78,3.9%,5.9%,59.4%,66.2%,47.3%,9.7%,18.3%,6.9%,1.9%,106.1,109.6,102.4,82.6,86.8,81.4,3.8%,59.8%,2.3%,58.9%,39.3%,39.8%,50.2%,18.6%,31.8%,53.1%,32.4%,66.4%,11.6%,20.5%,44.4%,-13,75.1%,44.9%,2.16,6.3%,5.3%,4.8,47.1%,44.2%,41.3%,50.0%,59.0%,26.6%,0.5,-3.7,2.5%,77.8%,8.6%,66.1%,8.7%,12.5%,4.7%,4.2%,28.0%,2.5%,30.6%,-63,-50
1,Justin Engel,347,345,6.1%,2.0%,69.4%,71.6%,48.9%,10.4%,21.5%,7.4%,0.8%,N/A,N/A,N/A,N/A,N/A,N/A,10.3%,66.7%,0.0%,61.8%,29.4%,21.4%,51.0%,39.1%,47.8%,53.6%,54.2%,45.5%,11.5%,19.2%,47.8%,-23,56.5%,40.0%,2.67,32.1%,4.2%,3.9,48.8%,43.3%,58.3%,27.3%,55.3%,5.1%,4.2,-10.4,0.0%,-,6.7%,66.7%,12.5%,15.6%,0.0%,1.4%,0.0%,0.9%,50.0%,30,24
1,Manuel Guinard,310,134,5.5%,4.7%,61.4%,66.6%,45.9%,23.5%,18.4%,16.3%,7.6%,N/A,N/A,N/A,N/A,N/A,N/A,7.6%,62.1%,5.6%,63.8%,38.6%,39.1%,63.2%,20.7%,31.0%,56.5%,58.3%,88.2%,0.0%,20.0%,73.3%,-118,88.2%,64.4%,2.12,4.3%,0.0%,4.8,53.5%,70.0%,54.5%,78.6%,51.0%,10.8%,17.8,7.7,4.3%,50.0%,7.1%,85.7%,21.1%,53.3%,27.3%,8.6%,17.6%,1.4%,66.7%,8,1
1,Oleksandr Ovcharenko,323,296,,,,,,6.3%,23.8%,3.1%,1.6%,N/A,N/A,N/A,N/A,N/A,N/A,7.1%,47.6%,0.0%,59.5%,36.4%,29.0%,40.7%,35.2%,42.6%,42.9%,34.8%,29.0%,5.0%,5.0%,36.8%,-74,65.6%,38.1%,2.41,0.0%,0.0%,4.8,46.1%,34.6%,37.5%,52.0%,41.0%,4.0%,-9.7,-4.2,0.0%,-,5.6%,50.0%,3.2%,14.3%,0.0%,1.5%,0.0%,2.4%,28.6%,-112,-62
1,Nerman Fatic,352,191,6.6%,4.8%,60.3%,64.6%,55.6%,10.0%,13.1%,4.8%,5.6%,N/A,N/A,N/A,N/A,N/A,N/A,4.2%,64.3%,1.0%,58.3%,44.6%,44.6%,52.3%,23.1%,42.3%,65.0%,53.8%,53.8%,11.1%,22.2%,41.7%,-79,79.2%,55.7%,2.03,10.0%,0.0%,6.3,50.0%,53.3%,46.7%,62.1%,40.6%,19.1%,3.0,10.1,3.8%,100.0%,15.4%,70.0%,8.7%,16.7%,12.5%,10.3%,31.3%,2.2%,12.5%,-87,-90
42,Pedro Sakamoto,353,271,4.9%,4.9%,61.0%,56.0%,37.5%,N/A,N/A,N/A,N/A,N/A,N/A,N/A,N/A,N/A,N/A,3.9%,58.5%,1.2%,58.8%,40.1%,39.5%,N/A,N/A,N/A,N/A,N/A,N/A,N/A,N/A,N/A,N/A,N/A,N/A,N/A,N/A,N/A,N/A,N/A,N/A,N/A,N/A,N/A,N/A,N/A,N/A,N/A,N/A,N/A,N/A,N/A,N/A,N/A,N/A,N/A,N/A,N/A,N/A,N/A
6,Michael Mmoh,354,81,7.1%,4.6%,66.3%,68.5%,46.7%,12.6%,16.0%,4.6%,2.2%,114.8,119.6,110.6,96.0,97.4,97.6,5.8%,62.1%,4.3%,61.6%,37.6%,39.9%,52.8%,36.4%,45.2%,57.7%,47.1%,41.3%,25.5%,26.8%,44.1%,117,58.7%,48.6%,2.32,9.9%,5.4%,4.0,44.0%,53.1%,58.3%,50.0%,52.6%,11.5%,1.7,2.2,1.3%,83.3%,7.4%,71.2%,7.0%,7.8%,4.5%,5.4%,16.2%,0.9%,57.1%,-95,-57
1,Naoki Nakagawa,356,334,N/A,N/A,N/A,N/A,N/A,14.8%,18.5%,11.2%,3.1%,N/A,N/A,N/A,N/A,N/A,N/A,4.4%,61.5%,2.5%,62.3%,40.9%,40.7%,37.8%,38.5%,42.3%,43.8%,50.0%,41.7%,0.0%,9.5%,33.3%,-118,72.4%,50.0%,2.04,37.5%,11.1%,4.2,49.1%,36.4%,35.7%,50.0%,56.8%,8.9%,4.9,-4.9,0.0%,-,14.8%,75.0%,12.2%,12.5%,0.0%,3.4%,13.3%,0.5%,0.0%,-7,-1
26,Jiri Vesely,354,35,9.8%,4.8%,64.5%,72.6%,50.4%,16.0%,15.2%,6.0%,3.9%,120.2,125.7,117.6,102.0,105.6,102.5,7.3%,63.8%,9.2%,66.5%,36.8%,36.3%,53.6%,41.7%,56.7%,59.0%,35.2%,47.0%,22.1%,29.6%,45.7%,92,70.0%,48.1%,2.19,33.4%,3.4%,3.8,52.5%,50.9%,49.1%,50.8%,48.3%,12.5%,3.0,1.6,2.3%,65.6%,13.7%,71.1%,11.9%,18.3%,10.0%,9.4%,17.6%,1.8%,31.4%,-23,8
1,Nicholas David Ionel,355,184,0.0%,0.0%,80.5%,62.9%,52.9%,7.8%,14.6%,6.5%,1.1%,N/A,N/A,N/A,N/A,N/A,N/A,2.1%,62.1%,0.0%,60.4%,37.4%,43.7%,34.2%,20.7%,27.6%,30.4%,66.7%,52.9%,16.7%,22.2%,40.0%,25,82.4%,40.5%,2.54,0.0%,4.8%,5.7,48.8%,34.5%,28.6%,42.1%,63.6%,10.0%,0.7,-5.6,0.0%,-,4.9%,60.0%,7.1%,3.7%,0.0%,3.0%,25.0%,0.0%,-,-158,-122
2,George Loffhagen,356,333,6.3%,7.7%,59.0%,70.2%,40.7%,12.7%,16.9%,7.3%,1.2%,121.8,124.7,117.5,105.3,106.3,103.5,5.6%,62.7%,1.9%,58.6%,34.0%,40.8%,N/A,N/A,N/A,N/A,N/A,N/A,N/A,N/A,N/A,N/A,N/A,N/A,N/A,N/A,N/A,N/A,N/A,N/A,N/A,N/A,N/A,N/A,N/A,N/A,N/A,N/A,N/A,N/A,N/A,N/A,N/A,N/A,N/A,N/A,N/A,N/A,N/A
38,Maxime Cressy,360,31,17.0%,10.9%,60.2%,78.8%,52.0%,24.2%,15.9%,8.9%,5.5%,124.0,127.7,121.0,116.2,121.2,113.9,17.3%,70.6%,16.3%,68.4%,29.9%,32.0%,56.4%,51.1%,69.2%,58.5%,53.8%,61.0%,41.7%,59.0%,52.8%,222,57.6%,42.4%,1.56,21.7%,8.8%,2.6,50.5%,49.9%,31.1%,45.3%,45.5%,39.0%,-4.7,-3.3,83.0%,70.5%,39.8%,68.3%,10.8%,20.5%,12.5%,13.9%,29.6%,0.8%,29.7%,67,127
2,Cezar Cretu,358,288,9.2%,3.9%,60.7%,64.8%,51.9%,N/A,N/A,N/A,N/A,N/A,N/A,N/A,N/A,N/A,N/A,0.0%,61.6%,0.0%,53.8%,52.1%,47.6%,N/A,N/A,N/A,N/A,N/A,N/A,N/A,N/A,N/A,N/A,N/A,N/A,N/A,N/A,N/A,N/A,N/A,N/A,N/A,N/A,N/A,N/A,N/A,N/A,N/A,N/A,N/A,N/A,N/A,N/A,N/A,N/A,N/A,N/A,N/A,N/A,N/A
28,Marco Cecchinato,359,16,5.3%,3.2%,65.7%,67.7%,49.1%,16.0%,17.2%,6.7%,2.5%,109.8,113.0,105.8,95.1,100.1,95.0,5.1%,62.5%,3.9%,61.8%,38.8%,37.6%,53.1%,27.7%,43.3%,55.1%,39.8%,60.3%,15.6%,25.1%,48.7%,37,72.5%,46.2%,2.26,15.4%,6.5%,4.1,49.2%,52.5%,48.7%,47.2%,53.3%,24.9%,4.8,-0.3,2.8%,73.4%,10.4%,72.1%,14.8%,20.3%,11.8%,7.7%,24.6%,4.1%,37.8%,7,8
4,Nick Hardt,363,177,3.6%,4.9%,65.6%,62.1%,50.0%,12.3%,14.7%,7.0%,4.4%,N/A,N/A,N/A,N/A,N/A,N/A,1.1%,55.0%,1.0%,58.5%,46.9%,47.1%,50.5%,29.1%,37.6%,46.2%,37.0%,61.9%,9.5%,17.6%,58.2%,-30,79.3%,54.0%,2.40,15.4%,5.5%,4.7,54.3%,53.2%,50.0%,48.4%,51.2%,21.0%,5.5,1.1,4.1%,70.0%,10.3%,68.4%,11.1%,15.2%,11.1%,6.2%,23.6%,2.2%,16.7%,-93,-64
1,Philip Sekulic,351,225,4.3%,3.1%,63.8%,67.1%,45.2%,16.7%,19.7%,14.4%,0.6%,N/A,N/A,N/A,N/A,N/A,N/A,5.5%,52.7%,6.0%,62.0%,28.6%,38.6%,48.2%,23.3%,38.4%,51.8%,43.8%,58.5%,10.0%,13.3%,40.7%,-15,66.7%,41.9%,2.39,78.2%,0.0%,4.8,46.5%,47.3%,22.2%,57.7%,68.1%,19.2%,3.6,-3.6,8.1%,62.5%,16.7%,66.7%,11.9%,8.5%,17.4%,6.5%,33.3%,1.0%,0.0%,-14,-26
4,Saba Purtseladze,365,365,8.7%,1.7%,57.7%,71.5%,50.8%,N/A,N/A,N/A,N/A,N/A,N/A,N/A,N/A,N/A,N/A,0.0%,57.5%,0.0%,66.7%,32.6%,40.5%,N/A,N/A,N/A,N/A,N/A,N/A,N/A,N/A,N/A,N/A,N/A,N/A,N/A,N/A,N/A,N/A,N/A,N/A,N/A,N/A,N/A,N/A,N/A,N/A,N/A,N/A,N/A,N/A,N/A,N/A,N/A,N/A,N/A,N/A,N/A,N/A,N/A
1,Kaichi Uchida,369,147,7.5%,4.9%,53.2%,70.8%,52.8%,11.6%,21.3%,8.3%,1.5%,N/A,N/A,N/A,N/A,N/A,N/A,4.4%,59.6%,4.4%,59.4%,33.0%,34.5%,42.6%,33.3%,43.6%,46.2%,62.5%,60.9%,12.5%,15.0%,40.0%,10,50.7%,54.1%,2.55,19.2%,15.0%,3.9,37.4%,44.4%,50.0%,75.0%,46.7%,14.5%,-0.4,0.9,0.0%,-,5.8%,77.8%,10.3%,12.0%,0.0%,6.6%,27.3%,1.6%,25.0%,9,-7
1,Maxime Janvier,370,170,4.5%,1.2%,61.0%,66.7%,46.6%,13.6%,21.2%,2.0%,1.0%,113.9,,,88.2,,,5.9%,62.3%,4.5%,61.5%,36.2%,37.0%,65.4%,30.0%,50.0%,68.6%,28.6%,44.8%,10.5%,21.1%,58.8%,-26,75.0%,50.0%,2.23,5.9%,3.8%,4.0,44.7%,71.4%,58.8%,55.6%,54.4%,7.4%,13.6,4.5,0.0%,-,15.1%,77.3%,22.2%,23.2%,33.3%,4.6%,20.0%,0.8%,100.0%,41,42
9,Jason Kubler,372,63,7.0%,4.3%,62.1%,69.8%,49.0%,15.3%,16.6%,8.2%,3.9%,112.2,117.6,106.1,92.5,94.8,91.4,5.6%,63.7%,4.3%,61.1%,40.8%,40.9%,49.5%,30.5%,43.9%,52.6%,40.7%,48.4%,17.1%,25.1%,44.5%,47,72.9%,48.6%,2.27,21.0%,4.0%,4.6,50.5%,49.9%,47.8%,45.4%,47.8%,11.3%,6.7,0.6,2.1%,75.0%,10.8%,69.3%,13.8%,14.7%,7.0%,7.3%,26.6%,0.9%,39.3%,-39,-27
3,Federico Cina,371,371,4.5%,2.3%,72.9%,68.0%,44.4%,16.7%,17.4%,10.7%,5.6%,N/A,N/A,N/A,N/A,N/A,N/A,9.4%,47.2%,4.3%,55.3%,26.4%,22.2%,49.1%,22.5%,28.7%,54.8%,23.8%,65.8%,15.8%,22.8%,41.7%,42,54.5%,55.7%,2.40,33.9%,7.0%,3.7,40.4%,53.2%,51.7%,50.0%,54.6%,7.7%,8.1,0.0,1.4%,50.0%,14.1%,65.9%,14.1%,18.4%,0.0%,8.1%,22.7%,1.2%,40.0%,24,9
1,Mats Rosenkranz,375,336,N/A,N/A,N/A,N/A,N/A,15.5%,8.2%,4.5%,4.5%,N/A,N/A,N/A,N/A,N/A,N/A,2.9%,57.8%,3.1%,65.1%,39.2%,37.9%,69.6%,69.0%,72.4%,55.6%,54.5%,50.0%,22.2%,44.4%,78.6%,1,58.1%,61.1%,2.22,0.0%,0.0%,3.1,54.5%,76.5%,54.5%,60.0%,58.6%,26.4%,14.4,15.8,0.0%,-,7.3%,87.5%,18.9%,20.0%,50.0%,11.5%,50.0%,0.8%,100.0%,-20,23
4,Leandro Riedi,290,117,6.1%,4.7%,60.3%,68.7%,53.1%,13.7%,20.4%,9.8%,2.6%,N/A,N/A,N/A,N/A,N/A,N/A,5.0%,64.7%,7.6%,71.4%,23.0%,28.4%,54.0%,30.9%,46.4%,56.6%,40.4%,38.8%,21.7%,34.8%,48.6%,14,52.6%,42.8%,2.31,23.2%,4.0%,3.4,45.1%,44.4%,57.7%,53.3%,52.5%,11.0%,2.5,-5.7,2.0%,50.0%,12.0%,65.8%,17.1%,19.2%,8.3%,7.9%,22.5%,0.0%,-,54,48
11,Egor Gerasimov,376,65,9.3%,4.3%,64.7%,72.0%,47.7%,14.7%,17.3%,5.6%,2.9%,115.5,120.4,110.0,97.1,107.5,96.3,9.6%,65.0%,8.4%,62.6%,35.3%,35.4%,53.3%,34.8%,50.4%,58.2%,44.3%,57.8%,16.9%,24.0%,45.6%,44,65.2%,47.1%,2.17,28.2%,5.2%,4.1,49.4%,49.1%,48.9%,50.2%,49.0%,13.2%,2.5,0.2,11.3%,76.6%,15.4%,71.6%,9.7%,13.6%,17.3%,8.8%,20.9%,1.1%,21.6%,-20,-12
1,Govind Nanda,379,339,N/A,N/A,N/A,N/A,N/A,9.8%,16.1%,7.8%,1.0%,N/A,N/A,N/A,N/A,N/A,N/A,3.4%,60.5%,1.6%,63.6%,42.6%,40.6%,36.2%,25.6%,25.6%,34.5%,62.5%,17.4%,21.7%,21.7%,38.9%,-16,73.5%,38.9%,1.97,10.7%,5.0%,6.1,40.0%,37.5%,54.5%,44.4%,50.2%,11.3%,-4.6,-0.8,0.0%,-,12.5%,57.1%,3.2%,3.3%,0.0%,1.9%,7.1%,1.1%,0.0%,-137,-112
1,Kris Van Wyk,381,352,5.6%,3.1%,59.9%,66.0%,41.5%,15.7%,23.6%,11.1%,2.5%,N/A,N/A,N/A,N/A,N/A,N/A,N/A,N/A,N/A,N/A,N/A,N/A,27.6%,36.0%,52.0%,37.5%,61.5%,66.7%,27.8%,27.8%,15.4%,132,64.4%,37.9%,2.16,6.3%,6.3%,3.0,46.6%,21.4%,50.0%,0.0%,54.4%,21.3%,-10.0,-14.9,0.0%,-,5.4%,60.0%,10.5%,8.3%,25.0%,0.0%,0.0%,5.8%,50.0%,98,102
4,Michael Vrbensky,389,277,7.6%,0.0%,57.0%,66.7%,41.2%,N/A,N/A,N/A,N/A,N/A,N/A,N/A,N/A,N/A,N/A,2.1%,54.9%,3.8%,56.2%,33.3%,35.7%,N/A,N/A,N/A,N/A,N/A,N/A,N/A,N/A,N/A,N/A,N/A,N/A,N/A,N/A,N/A,N/A,N/A,N/A,N/A,N/A,N/A,N/A,N/A,N/A,N/A,N/A,N/A,N/A,N/A,N/A,N/A,N/A,N/A,N/A,N/A,N/A,N/A
3,Enzo Couacaud,395,151,8.9%,3.1%,58.2%,72.6%,52.0%,14.2%,12.3%,4.3%,3.2%,113.6,117.5,109.6,86.2,88.0,87.4,7.6%,62.3%,6.2%,60.7%,35.6%,39.3%,44.7%,29.4%,44.1%,51.7%,41.3%,42.1%,17.0%,17.0%,35.2%,51,70.5%,41.9%,2.02,15.3%,13.7%,4.6,47.5%,42.3%,42.2%,43.9%,48.0%,14.3%,-0.5,1.1,2.5%,71.4%,11.8%,64.2%,9.9%,16.7%,0.0%,6.5%,24.4%,1.0%,10.0%,-89,-67
14,Bernabe Zapata Miralles,392,37,2.6%,2.7%,65.7%,62.1%,47.9%,11.4%,15.0%,7.0%,3.1%,105.1,109.1,100.3,81.8,82.8,82.3,2.6%,58.4%,2.5%,58.6%,36.7%,38.3%,50.3%,21.3%,31.5%,52.5%,58.7%,54.1%,13.6%,19.5%,45.4%,21,70.9%,46.8%,2.36,11.6%,7.3%,4.7,47.0%,48.6%,51.6%,51.5%,50.6%,12.5%,4.6,2.0,0.0%,-,8.5%,62.5%,12.8%,17.0%,15.5%,6.7%,24.5%,1.2%,34.5%,-48,-51
120,Diego Schwartzman,402,8,2.5%,3.8%,63.3%,65.3%,49.9%,12.5%,17.1%,6.3%,3.8%,101.6,104.9,99.5,83.8,84.4,83.5,2.5%,59.5%,2.0%,59.3%,41.9%,41.9%,52.2%,21.4%,31.0%,54.6%,57.1%,39.4%,14.9%,20.1%,48.0%,28,72.1%,50.2%,2.39,9.4%,6.2%,5.0,47.0%,51.6%,53.9%,51.0%,49.7%,11.4%,3.0,1.9,0.6%,71.2%,8.7%,69.1%,8.9%,13.5%,5.8%,5.9%,25.2%,1.2%,37.9%,-67,-63
11,Facundo Bagnis,400,55,6.1%,4.0%,61.8%,67.0%,49.7%,14.6%,18.7%,8.1%,3.2%,110.6,115.4,107.4,94.4,96.0,95.3,3.3%,60.7%,6.6%,63.8%,38.3%,40.2%,54.2%,29.0%,46.3%,59.1%,26.5%,46.7%,18.0%,26.7%,47.2%,59,68.4%,46.4%,2.16,12.7%,4.0%,4.2,48.6%,51.5%,47.1%,49.1%,57.2%,13.4%,1.9,-2.8,6.8%,75.8%,13.4%,74.2%,10.8%,17.2%,5.2%,6.3%,8.6%,2.3%,32.9%,14,14
1,Henry Searle,404,389,9.7%,5.1%,58.5%,70.9%,43.8%,19.1%,18.2%,9.4%,4.4%,N/A,N/A,N/A,N/A,N/A,N/A,13.8%,67.7%,14.0%,59.6%,33.3%,24.1%,N/A,N/A,N/A,N/A,N/A,N/A,N/A,N/A,N/A,N/A,N/A,N/A,N/A,N/A,N/A,N/A,N/A,N/A,N/A,N/A,N/A,N/A,N/A,N/A,N/A,N/A,N/A,N/A,N/A,N/A,N/A,N/A,N/A,N/A,N/A,N/A,N/A
2,Raul Brancaccio,398,121,1.5%,9.0%,56.7%,63.2%,58.6%,17.2%,17.2%,11.1%,6.0%,N/A,N/A,N/A,N/A,N/A,N/A,3.1%,58.8%,1.8%,58.7%,37.3%,43.2%,55.9%,19.0%,31.6%,59.4%,55.6%,34.9%,21.6%,27.0%,48.3%,69,74.5%,61.0%,2.34,29.7%,9.5%,4.4,52.9%,55.2%,68.0%,69.0%,54.1%,5.3%,2.6,12.7,0.0%,-,9.6%,92.0%,11.9%,17.9%,4.8%,13.5%,63.6%,3.2%,50.0%,7,-3
18,Gonzalo Villanueva,406,268,4.3%,4.3%,62.9%,63.6%,53.8%,N/A,N/A,N/A,N/A,N/A,N/A,N/A,N/A,N/A,N/A,1.7%,57.7%,1.0%,58.7%,46.7%,40.5%,N/A,N/A,N/A,N/A,N/A,N/A,N/A,N/A,N/A,N/A,N/A,N/A,N/A,N/A,N/A,N/A,N/A,N/A,N/A,N/A,N/A,N/A,N/A,N/A,N/A,N/A,N/A,N/A,N/A,N/A,N/A,N/A,N/A,N/A,N/A,N/A,N/A
2,Joris De Loore,408,142,10.9%,3.0%,60.5%,75.4%,51.3%,11.9%,17.7%,7.1%,2.7%,N/A,N/A,N/A,N/A,N/A,N/A,8.8%,64.4%,8.8%,61.9%,33.7%,35.3%,45.9%,28.4%,41.2%,49.3%,43.1%,54.9%,18.2%,25.0%,38.9%,51,72.4%,50.8%,2.33,30.9%,3.5%,4.6,45.4%,51.2%,46.2%,47.7%,50.5%,9.6%,3.7,-2.0,4.8%,71.4%,13.4%,72.7%,11.0%,16.2%,21.4%,4.7%,15.0%,0.2%,100.0%,-54,-38
1,Kasidit Samrej,406,405,4.8%,6.7%,56.4%,67.0%,41.9%,12.0%,27.4%,7.4%,5.1%,N/A,N/A,N/A,N/A,N/A,N/A,0.0%,60.5%,1.9%,58.3%,36.6%,31.8%,46.0%,24.4%,33.3%,52.9%,40.5%,43.4%,23.7%,30.5%,35.6%,61,50.0%,28.8%,2.21,13.4%,13.2%,3.7,41.7%,44.1%,41.7%,50.0%,55.5%,23.6%,-5.5,-3.4,3.3%,80.0%,9.3%,70.8%,11.7%,8.8%,16.7%,10.9%,37.5%,6.6%,30.8%,95,55
1,Dan Added,444,240,N/A,N/A,N/A,N/A,N/A,17.0%,20.8%,10.7%,5.3%,N/A,N/A,N/A,N/A,N/A,N/A,4.8%,60.1%,2.7%,61.5%,39.0%,39.8%,51.6%,20.5%,34.1%,57.1%,64.7%,66.7%,14.7%,14.7%,44.8%,27,83.1%,37.5%,2.38,0.0%,0.0%,4.7,44.7%,48.9%,40.9%,56.3%,53.9%,16.9%,2.2,-5.8,1.3%,0.0%,15.1%,83.3%,14.5%,20.0%,7.1%,4.2%,0.0%,3.9%,33.3%,-5,-9
2,Franco Agamenone,411,108,1.5%,3.2%,66.4%,62.6%,50.7%,12.0%,16.0%,7.1%,4.7%,N/A,N/A,N/A,N/A,N/A,N/A,0.4%,56.2%,0.4%,52.6%,42.4%,41.4%,50.5%,25.4%,38.0%,54.7%,37.5%,48.7%,2.6%,12.8%,44.7%,-93,80.0%,47.7%,2.24,0.0%,10.3%,5.2,49.1%,46.2%,63.6%,40.6%,54.4%,18.2%,6.5,-1.4,2.7%,66.7%,14.2%,68.8%,8.2%,16.9%,0.0%,4.3%,12.5%,2.9%,28.6%,-72,-64
1,Stefano Napolitano,254,121,7.2%,2.5%,60.2%,68.9%,54.7%,14.2%,15.5%,7.8%,5.2%,N/A,N/A,N/A,N/A,N/A,N/A,6.5%,62.3%,4.2%,60.3%,37.3%,35.9%,68.6%,32.0%,56.0%,58.8%,45.5%,50.0%,33.3%,48.1%,77.8%,25,52.2%,58.3%,2.14,100.0%,0.0%,2.7,60.0%,61.1%,66.7%,0.0%,47.9%,16.3%,31.0,25.6,2.0%,100.0%,19.0%,68.4%,31.6%,25.0%,0.0%,26.1%,100.0%,0.0%,-,180,110
4,Borna Gojo,410,72,12.9%,4.1%,65.6%,74.5%,49.6%,18.3%,16.1%,7.7%,3.3%,119.1,123.5,110.9,93.2,99.3,95.0,9.1%,65.6%,7.9%,61.2%,34.4%,38.2%,44.1%,41.5%,54.7%,45.2%,57.5%,44.4%,11.7%,20.8%,42.6%,-8,57.2%,41.2%,2.31,41.9%,9.9%,3.7,44.3%,54.5%,35.7%,33.3%,56.1%,3.4%,-0.6,-1.4,1.9%,100.0%,10.1%,76.1%,15.7%,14.8%,30.8%,7.5%,32.4%,1.0%,42.9%,45,54
1,Pedro Araujo,413,390,N/A,N/A,N/A,N/A,N/A,13.5%,15.3%,7.5%,6.5%,N/A,N/A,N/A,N/A,N/A,N/A,0.0%,58.2%,0.0%,59.8%,42.9%,45.5%,52.8%,10.0%,16.0%,53.3%,8.3%,73.1%,20.0%,20.0%,50.0%,59,84.3%,74.4%,-,0.0%,0.0%,6.5,57.1%,44.4%,73.7%,75.0%,36.7%,10.7%,3.7,4.7,0.0%,-,12.5%,92.9%,7.9%,15.8%,0.0%,5.9%,36.4%,3.1%,30.0%,-114,-116
1,Ryan Seggerman,417,348,N/A,N/A,N/A,N/A,N/A,21.4%,26.5%,18.5%,1.9%,N/A,N/A,N/A,N/A,N/A,N/A,6.7%,70.0%,3.6%,60.7%,51.6%,46.4%,55.0%,34.5%,58.6%,57.9%,63.6%,61.1%,22.2%,40.7%,52.4%,25,74.6%,59.1%,-,0.0%,18.8%,3.8,62.1%,47.1%,54.5%,66.7%,63.3%,13.6%,7.2,-1.8,18.2%,80.0%,20.5%,75.0%,22.0%,12.5%,100.0%,8.3%,50.0%,1.1%,50.0%,93,127
1,Alastair Gray,415,237,6.3%,5.7%,59.6%,70.4%,43.7%,19.4%,15.7%,10.2%,7.3%,115.0,,,92.4,,,4.4%,62.6%,1.1%,63.5%,44.1%,38.8%,45.9%,38.6%,50.9%,57.1%,63.0%,46.7%,3.7%,11.1%,30.8%,-82,59.0%,45.8%,2.30,54.3%,4.5%,3.8,37.9%,53.8%,64.7%,37.5%,61.3%,64.8%,-8.0,6.8,11.9%,70.0%,18.6%,80.0%,6.7%,21.9%,0.0%,23.5%,33.3%,1.5%,50.0%,47,33
3,Zdenek Kolar,418,111,3.6%,4.7%,65.3%,68.5%,44.5%,13.4%,22.4%,8.4%,4.5%,N/A,N/A,N/A,N/A,N/A,N/A,4.9%,60.0%,4.9%,58.9%,39.4%,39.8%,49.0%,23.4%,36.4%,54.4%,26.8%,44.9%,11.8%,12.7%,40.2%,0,68.5%,50.9%,2.40,8.8%,0.0%,4.5,45.5%,44.2%,57.0%,50.7%,49.0%,12.5%,2.9,-5.2,0.6%,100.0%,6.8%,66.7%,10.8%,13.6%,3.6%,4.4%,20.4%,3.6%,45.7%,-9,-4
1,Evgeny Karlovskiy,421,211,12.6%,2.5%,69.7%,72.3%,52.8%,17.5%,17.9%,6.3%,5.8%,N/A,N/A,N/A,N/A,N/A,N/A,10.6%,64.2%,8.5%,61.9%,36.6%,34.3%,50.7%,41.0%,55.4%,53.1%,30.8%,50.0%,21.2%,27.3%,46.2%,47,72.1%,41.3%,2.44,14.6%,0.0%,4.3,60.0%,39.2%,42.3%,42.9%,45.1%,22.5%,6.1,-1.5,4.8%,80.0%,18.8%,61.9%,15.2%,28.2%,11.8%,6.8%,10.5%,0.3%,0.0%,-24,8
6,Daniil Glinka,422,390,5.9%,8.2%,56.5%,75.0%,51.4%,N/A,N/A,N/A,N/A,N/A,N/A,N/A,N/A,N/A,N/A,0.5%,53.8%,0.0%,51.4%,33.0%,44.3%,N/A,N/A,N/A,N/A,N/A,N/A,N/A,N/A,N/A,N/A,N/A,N/A,N/A,N/A,N/A,N/A,N/A,N/A,N/A,N/A,N/A,N/A,N/A,N/A,N/A,N/A,N/A,N/A,N/A,N/A,N/A,N/A,N/A,N/A,N/A,N/A,N/A
2,Adria Soriano Barrera,426,340,10.4%,6.7%,60.4%,75.8%,49.2%,N/A,N/A,N/A,N/A,N/A,N/A,N/A,N/A,N/A,N/A,0.0%,45.8%,0.0%,45.5%,22.7%,31.8%,N/A,N/A,N/A,N/A,N/A,N/A,N/A,N/A,N/A,N/A,N/A,N/A,N/A,N/A,N/A,N/A,N/A,N/A,N/A,N/A,N/A,N/A,N/A,N/A,N/A,N/A,N/A,N/A,N/A,N/A,N/A,N/A,N/A,N/A,N/A,N/A,N/A
4,Stefan Kozlov,391,103,3.7%,6.1%,63.1%,63.1%,44.0%,12.3%,16.6%,7.2%,4.0%,98.6,107.3,96.6,84.4,85.3,88.3,3.3%,56.9%,4.0%,58.8%,40.0%,41.5%,51.4%,27.8%,41.2%,50.0%,45.8%,55.0%,23.8%,27.4%,54.7%,102,71.3%,45.7%,2.33,23.4%,2.0%,4.0,55.3%,47.0%,38.6%,47.9%,58.3%,14.0%,4.5,0.3,0.7%,100.0%,10.4%,68.7%,11.0%,18.5%,5.3%,9.8%,27.8%,1.5%,46.7%,-37,-14
6,Marc Polmans,436,116,4.4%,4.0%,65.9%,65.2%,46.6%,12.4%,15.6%,4.2%,3.1%,N/A,N/A,N/A,N/A,N/A,N/A,4.8%,60.4%,3.6%,58.6%,35.4%,38.4%,46.7%,32.2%,41.6%,48.6%,47.9%,54.2%,17.3%,24.3%,43.1%,48,79.2%,47.3%,2.11,12.4%,3.8%,5.0,54.3%,47.1%,41.0%,50.0%,48.5%,25.1%,2.3,-0.2,4.3%,68.0%,12.0%,66.4%,8.0%,12.2%,2.6%,8.0%,33.0%,2.5%,35.9%,-74,-51
1,Arthur Fery,416,229,3.0%,1.5%,62.7%,59.5%,53.0%,14.5%,15.1%,7.7%,6.0%,114.7,120.6,114.2,93.7,97.7,97.0,2.9%,58.0%,3.1%,56.2%,39.5%,33.6%,41.6%,27.4%,46.8%,44.4%,62.5%,50.0%,17.9%,30.8%,37.5%,-79,58.6%,49.0%,2.21,4.5%,7.1%,3.4,48.4%,38.1%,41.7%,30.0%,46.7%,36.2%,0.0,12.1,48.0%,59.6%,35.6%,62.7%,12.0%,23.1%,0.0%,10.9%,28.6%,5.1%,20.0%,2,-11
5,Gianluca Mager,435,62,8.1%,3.8%,60.6%,71.3%,50.3%,16.1%,17.6%,5.9%,3.3%,120.2,125.7,112.8,102.2,102.2,101.7,7.2%,61.7%,6.8%,60.7%,36.8%,35.8%,48.5%,31.3%,48.2%,55.9%,50.0%,48.7%,13.4%,22.0%,35.5%,10,70.9%,47.8%,2.19,23.3%,7.6%,4.0,48.9%,46.4%,44.4%,52.3%,48.3%,11.5%,3.4,1.4,2.0%,75.0%,15.2%,67.4%,15.4%,19.4%,16.7%,8.4%,22.7%,3.3%,29.5%,8,10
1,Hiroki Moriya,440,143,2.6%,3.7%,61.8%,63.3%,46.1%,10.8%,17.7%,6.1%,5.3%,107.1,,,93.8,,,3.9%,58.1%,3.2%,57.5%,36.2%,37.8%,48.9%,25.8%,25.8%,47.8%,30.8%,11.1%,18.5%,22.2%,50.0%,59,63.8%,43.2%,2.15,8.7%,14.3%,4.1,33.3%,55.6%,52.9%,55.6%,57.7%,4.5%,-8.8,1.8,0.0%,-,5.9%,71.4%,6.5%,14.3%,0.0%,7.5%,0.0%,0.5%,0.0%,10,-10
2,Daniel Masur,444,176,6.1%,3.8%,68.6%,66.9%,46.3%,15.7%,17.1%,10.8%,2.8%,N/A,N/A,N/A,N/A,N/A,N/A,5.9%,57.6%,4.9%,60.5%,36.3%,36.9%,55.6%,33.8%,46.5%,57.4%,41.2%,37.8%,21.9%,34.4%,52.0%,89,48.7%,45.6%,2.35,27.7%,6.5%,2.8,49.1%,46.5%,45.5%,87.5%,64.4%,29.1%,11.2,9.8,1.8%,100.0%,9.4%,77.3%,17.6%,34.4%,23.1%,13.3%,33.3%,0.0%,-,40,17
1,Maximilian Neuchrist,460,182,N/A,N/A,N/A,N/A,N/A,17.0%,26.4%,12.8%,3.4%,N/A,N/A,N/A,N/A,N/A,N/A,6.8%,59.2%,4.2%,62.0%,30.8%,34.5%,48.6%,17.6%,25.0%,51.8%,43.8%,47.2%,5.3%,10.5%,38.9%,-79,80.6%,36.2%,2.30,14.3%,0.0%,5.9,49.2%,46.9%,42.9%,34.6%,55.6%,46.1%,-3.1,-2.1,0.0%,-,23.9%,68.4%,9.1%,4.1%,6.3%,3.9%,11.1%,0.5%,0.0%,-36,-37
1,Hernan Casanova,442,221,1.4%,2.9%,60.9%,64.3%,44.4%,6.7%,15.1%,5.8%,1.0%,N/A,N/A,N/A,N/A,N/A,N/A,0.1%,55.7%,0.5%,59.2%,48.0%,44.9%,42.9%,31.0%,40.5%,48.3%,38.1%,57.1%,20.0%,28.0%,35.0%,33,56.0%,28.6%,2.48,11.1%,28.6%,3.2,43.6%,29.2%,66.7%,50.0%,65.7%,31.9%,-2.4,-10.3,0.0%,-,8.4%,50.0%,11.6%,12.5%,11.1%,0.0%,0.0%,0.7%,100.0%,-23,-20
7,Yibing Wu,452,54,5.4%,2.7%,61.0%,67.8%,51.2%,16.6%,16.8%,10.0%,4.8%,113.5,116.7,110.0,91.6,94.1,92.0,5.8%,63.2%,4.6%,58.4%,33.7%,38.0%,55.3%,33.2%,46.0%,55.1%,40.5%,36.5%,19.6%,29.7%,55.7%,24,56.2%,52.4%,2.34,20.7%,7.8%,3.8,48.3%,49.7%,56.2%,60.0%,54.0%,14.5%,10.0,5.1,0.8%,33.3%,9.2%,68.1%,16.9%,24.4%,7.9%,11.1%,36.2%,1.1%,14.8%,40,24
102,Milos Raonic,453,3,19.8%,4.2%,62.8%,81.5%,55.1%,23.5%,16.3%,9.1%,2.9%,124.7,129.0,120.3,106.5,113.8,107.2,16.0%,72.3%,13.0%,70.8%,33.9%,34.4%,51.9%,52.9%,69.0%,58.1%,52.6%,51.4%,22.5%,35.4%,44.6%,83,63.7%,44.4%,2.09,36.6%,5.5%,3.2,51.9%,48.9%,40.7%,48.4%,57.4%,32.1%,5.2,-5.0,15.4%,68.5%,17.2%,67.6%,18.4%,21.6%,15.7%,9.6%,21.9%,0.4%,16.4%,58,85
3,Patrick Kypson,454,133,9.2%,2.2%,62.2%,69.9%,48.9%,13.6%,12.3%,6.1%,1.5%,N/A,N/A,N/A,N/A,N/A,N/A,6.0%,60.6%,8.9%,59.6%,35.8%,38.9%,48.4%,50.0%,60.2%,51.6%,63.3%,45.6%,17.9%,26.9%,45.3%,-5,64.5%,43.5%,2.23,44.4%,2.7%,3.9,55.5%,46.9%,35.0%,36.8%,53.4%,25.4%,5.1,-1.4,0.6%,100.0%,8.2%,61.8%,12.6%,18.3%,0.0%,3.4%,27.3%,1.1%,0.0%,-77,-30
1,Roberto Cid,455,211,3.6%,6.3%,55.0%,68.8%,45.3%,11.7%,19.3%,8.9%,2.2%,N/A,N/A,N/A,N/A,N/A,N/A,2.5%,55.8%,2.5%,59.8%,39.9%,40.4%,50.8%,24.5%,32.7%,51.4%,50.0%,69.0%,12.0%,24.0%,50.0%,0,82.4%,42.9%,2.08,10.8%,4.8%,4.8,59.7%,40.0%,40.0%,50.0%,59.2%,18.5%,0.3,-0.5,0.0%,-,9.7%,57.1%,10.8%,10.0%,13.6%,1.5%,12.5%,0.7%,50.0%,-56,-52
24,Sasi Kumar Mukund,458,229,3.8%,2.7%,60.4%,62.7%,40.3%,N/A,N/A,N/A,N/A,N/A,N/A,N/A,N/A,N/A,N/A,6.5%,59.4%,5.9%,59.1%,36.4%,34.5%,N/A,N/A,N/A,N/A,N/A,N/A,N/A,N/A,N/A,N/A,N/A,N/A,N/A,N/A,N/A,N/A,N/A,N/A,N/A,N/A,N/A,N/A,N/A,N/A,N/A,N/A,N/A,N/A,N/A,N/A,N/A,N/A,N/A,N/A,N/A,N/A,N/A
16,Evgeny Tyurnev,425,265,10.9%,5.4%,56.5%,67.3%,40.0%,N/A,N/A,N/A,N/A,N/A,N/A,N/A,N/A,N/A,N/A,4.5%,60.1%,4.2%,58.4%,43.8%,43.1%,N/A,N/A,N/A,N/A,N/A,N/A,N/A,N/A,N/A,N/A,N/A,N/A,N/A,N/A,N/A,N/A,N/A,N/A,N/A,N/A,N/A,N/A,N/A,N/A,N/A,N/A,N/A,N/A,N/A,N/A,N/A,N/A,N/A,N/A,N/A,N/A,N/A
2,Nicolas Kicker,464,78,2.9%,3.3%,62.9%,65.8%,51.0%,12.4%,16.5%,5.0%,1.9%,108.7,112.7,105.3,92.8,96.6,84.0,2.9%,60.5%,1.7%,61.6%,42.0%,40.2%,42.9%,26.9%,37.2%,42.1%,27.8%,59.5%,15.6%,18.8%,44.4%,31,73.2%,46.8%,2.52,10.5%,0.0%,4.3,44.6%,40.6%,50.0%,44.0%,47.7%,16.3%,-1.7,-2.8,0.0%,-,2.3%,50.0%,12.0%,14.3%,12.5%,4.3%,24.0%,1.6%,12.5%,-18,-8
2,Sergey Fomin,499,348,6.4%,3.2%,64.7%,63.5%,50.4%,11.5%,21.5%,9.3%,2.2%,N/A,N/A,N/A,N/A,N/A,N/A,1.6%,58.4%,2.1%,56.0%,41.1%,39.5%,45.5%,25.6%,38.4%,50.0%,50.0%,63.6%,11.9%,16.4%,40.7%,3,74.5%,39.5%,2.13,13.3%,7.7%,5.2,47.8%,47.5%,52.4%,35.4%,48.9%,10.6%,2.0,-2.1,0.0%,-,6.1%,47.4%,11.8%,13.8%,20.0%,4.4%,14.8%,0.6%,25.0%,-66,-63
1,Moez Echargui,468,271,7.1%,3.6%,62.5%,85.7%,52.4%,14.6%,14.6%,10.4%,3.9%,N/A,N/A,N/A,N/A,N/A,N/A,2.2%,50.4%,3.0%,52.1%,37.2%,40.2%,48.4%,30.2%,51.2%,60.0%,38.9%,24.0%,8.6%,11.4%,37.5%,-31,68.9%,48.4%,2.30,41.4%,6.9%,5.0,44.0%,46.5%,55.6%,50.0%,46.5%,12.2%,5.7,3.1,0.0%,-,10.5%,83.3%,10.9%,14.3%,14.3%,7.1%,16.0%,0.6%,0.0%,-78,-68
3,Nicola Kuhn,407,174,2.6%,3.7%,63.5%,64.1%,49.1%,13.2%,16.3%,6.6%,5.7%,N/A,N/A,N/A,N/A,N/A,N/A,3.6%,60.3%,3.4%,62.1%,37.0%,39.4%,55.2%,29.5%,41.0%,55.6%,60.3%,52.7%,15.8%,18.4%,54.7%,32,63.6%,44.6%,2.14,19.1%,2.6%,4.1,45.3%,47.7%,59.2%,55.6%,48.5%,6.0%,-2.3,3.1,2.1%,60.0%,15.9%,77.2%,8.8%,11.4%,20.0%,9.1%,28.9%,0.2%,0.0%,-14,-17
3,Laurent Lokoli,472,167,8.6%,5.0%,59.1%,69.6%,47.0%,18.1%,18.0%,11.1%,3.7%,118.6,122.3,114.3,87.3,90.8,86.0,3.8%,58.6%,3.6%,58.8%,38.7%,42.9%,48.6%,23.3%,43.4%,51.5%,42.9%,43.9%,10.9%,14.5%,42.9%,-21,62.0%,38.8%,2.20,14.1%,8.0%,4.1,42.7%,39.7%,50.0%,45.5%,55.1%,33.0%,4.9,-10.6,4.3%,62.5%,16.3%,56.9%,14.8%,21.0%,7.1%,5.5%,15.8%,5.4%,31.3%,28,26
11,Alex Rybakov,472,289,6.8%,1.9%,75.7%,57.7%,64.0%,N/A,N/A,N/A,N/A,N/A,N/A,N/A,N/A,N/A,N/A,2.5%,58.4%,2.2%,67.8%,40.5%,39.5%,N/A,N/A,N/A,N/A,N/A,N/A,N/A,N/A,N/A,N/A,N/A,N/A,N/A,N/A,N/A,N/A,N/A,N/A,N/A,N/A,N/A,N/A,N/A,N/A,N/A,N/A,N/A,N/A,N/A,N/A,N/A,N/A,N/A,N/A,N/A,N/A,N/A
5,Ajeet Rai,473,417,8.8%,6.0%,51.6%,67.7%,42.2%,N/A,N/A,N/A,N/A,N/A,N/A,N/A,N/A,N/A,N/A,3.1%,64.3%,0.0%,57.7%,30.9%,29.5%,N/A,N/A,N/A,N/A,N/A,N/A,N/A,N/A,N/A,N/A,N/A,N/A,N/A,N/A,N/A,N/A,N/A,N/A,N/A,N/A,N/A,N/A,N/A,N/A,N/A,N/A,N/A,N/A,N/A,N/A,N/A,N/A,N/A,N/A,N/A,N/A,N/A
1,Inaki Montes De La Torre,474,474,N/A,N/A,N/A,N/A,N/A,11.0%,18.3%,7.9%,4.0%,N/A,N/A,N/A,N/A,N/A,N/A,0.0%,63.3%,0.0%,57.7%,70.4%,50.0%,65.2%,12.0%,12.0%,72.7%,40.0%,33.3%,4.0%,4.0%,58.3%,-82,90.6%,62.5%,-,9.1%,0.0%,6.7,55.0%,69.2%,78.9%,45.8%,52.9%,25.0%,2.8,10.2,0.0%,-,5.5%,66.7%,4.3%,10.0%,0.0%,3.4%,0.0%,2.7%,11.1%,-150,-138
2,Oleksii Krutykh,539,160,4.3%,3.2%,56.2%,67.3%,46.8%,16.4%,21.6%,10.5%,3.8%,N/A,N/A,N/A,N/A,N/A,N/A,3.3%,60.8%,1.3%,58.5%,40.7%,44.6%,50.0%,46.7%,54.3%,49.0%,40.0%,57.4%,11.8%,15.3%,50.7%,4,75.1%,52.8%,2.36,34.7%,4.8%,4.5,53.9%,46.7%,56.6%,51.4%,49.0%,16.2%,11.7,-1.6,1.8%,66.7%,6.7%,64.0%,18.7%,22.8%,25.0%,4.2%,13.0%,1.1%,12.5%,-7,6
1,Blake Mott,476,220,9.7%,2.8%,67.4%,63.9%,42.6%,12.1%,21.3%,6.1%,4.1%,112.3,117.5,108.8,86.9,90.0,89.0,4.2%,58.6%,4.2%,58.4%,36.5%,36.4%,55.3%,12.3%,26.0%,59.4%,46.7%,44.2%,30.0%,30.0%,42.9%,137,68.6%,51.8%,2.20,41.3%,2.0%,4.5,49.2%,38.2%,58.6%,65.2%,55.5%,23.8%,3.5,4.4,2.8%,66.7%,16.2%,67.6%,9.3%,3.4%,0.0%,8.3%,26.7%,0.7%,0.0%,-46,-52
21,Hyeon Chung,478,19,4.8%,3.8%,62.4%,70.5%,50.6%,13.1%,15.8%,6.5%,3.2%,111.8,114.6,108.6,92.5,94.5,92.7,5.1%,64.9%,4.4%,62.0%,40.0%,40.6%,51.2%,28.5%,41.3%,52.9%,50.2%,37.1%,12.6%,18.2%,48.6%,5,67.2%,49.4%,2.40,19.1%,3.2%,4.4,48.3%,47.8%,53.7%,46.2%,48.6%,8.8%,3.0,1.2,0.1%,100.0%,7.9%,67.5%,11.3%,19.9%,14.5%,5.8%,19.9%,0.4%,62.5%,-51,-43
5,Ernesto Escobedo,475,67,8.1%,3.7%,57.6%,71.3%,52.9%,15.3%,15.4%,9.1%,3.0%,114.7,117.9,111.5,92.4,94.5,91.8,8.9%,65.7%,6.4%,63.6%,34.0%,35.3%,52.9%,32.1%,50.4%,58.4%,53.0%,56.9%,29.0%,34.8%,42.9%,129,70.2%,44.6%,2.26,60.9%,6.7%,3.6,50.0%,50.6%,58.3%,40.0%,52.7%,7.8%,6.1,4.5,0.5%,100.0%,10.0%,63.4%,17.4%,19.4%,19.4%,12.2%,41.7%,0.0%,-,11,20
1,Yusuke Takahashi,516,238,4.6%,2.3%,49.4%,65.1%,50.0%,17.6%,27.5%,7.8%,6.1%,N/A,N/A,N/A,N/A,N/A,N/A,3.0%,57.8%,2.9%,56.0%,36.4%,35.6%,59.6%,34.2%,47.4%,68.0%,38.1%,35.3%,15.6%,21.9%,51.9%,31,73.2%,41.5%,2.73,8.3%,0.0%,3.9,51.9%,63.3%,50.0%,50.0%,58.7%,6.7%,5.6,-3.0,0.0%,-,6.9%,77.8%,15.5%,26.1%,25.0%,6.7%,25.0%,0.0%,-,86,78
1,Aleksandre Bakshi,484,469,5.1%,6.1%,60.1%,68.1%,45.6%,16.9%,18.6%,12.6%,2.4%,N/A,N/A,N/A,N/A,N/A,N/A,3.8%,54.4%,1.3%,52.6%,36.6%,33.9%,47.8%,30.6%,50.0%,46.0%,61.8%,57.9%,13.6%,22.7%,52.6%,14,72.1%,43.5%,2.53,10.4%,8.7%,4.7,54.3%,41.2%,45.5%,40.9%,56.4%,8.9%,8.4,-1.5,0.0%,-,7.7%,64.3%,18.1%,34.2%,13.6%,5.9%,4.8%,0.8%,0.0%,-24,-16
5,Marvin Moeller,474,287,4.1%,4.1%,57.1%,53.6%,33.3%,N/A,N/A,N/A,N/A,N/A,N/A,N/A,N/A,N/A,N/A,1.9%,50.3%,0.0%,43.7%,33.3%,39.0%,N/A,N/A,N/A,N/A,N/A,N/A,N/A,N/A,N/A,N/A,N/A,N/A,N/A,N/A,N/A,N/A,N/A,N/A,N/A,N/A,N/A,N/A,N/A,N/A,N/A,N/A,N/A,N/A,N/A,N/A,N/A,N/A,N/A,N/A,N/A,N/A,N/A
1,Peter Bertran,484,461,,,,,,11.4%,32.9%,4.3%,4.3%,N/A,N/A,N/A,N/A,N/A,N/A,1.3%,57.1%,2.1%,52.8%,39.0%,39.0%,24.2%,24.0%,28.0%,31.6%,70.0%,53.3%,0.0%,0.0%,14.3%,-118,60.5%,34.8%,1.88,0.0%,6.3%,4.6,22.2%,37.0%,22.2%,28.6%,56.1%,24.6%,-15.6,-7.1,2.6%,100.0%,12.7%,40.0%,4.2%,0.0%,0.0%,0.0%,0.0%,2.0%,33.3%,18,-6
2,Giles Hussey,493,304,3.2%,4.8%,65.3%,77.8%,48.8%,N/A,N/A,N/A,N/A,N/A,N/A,N/A,N/A,N/A,N/A,0.0%,49.1%,0.0%,55.6%,32.6%,34.2%,N/A,N/A,N/A,N/A,N/A,N/A,N/A,N/A,N/A,N/A,N/A,N/A,N/A,N/A,N/A,N/A,N/A,N/A,N/A,N/A,N/A,N/A,N/A,N/A,N/A,N/A,N/A,N/A,N/A,N/A,N/A,N/A,N/A,N/A,N/A,N/A,N/A
3,Leo Borg,496,334,4.7%,4.5%,64.0%,67.2%,49.0%,15.3%,21.4%,10.5%,5.0%,N/A,N/A,N/A,N/A,N/A,N/A,3.5%,57.9%,2.0%,64.7%,25.5%,22.0%,53.0%,25.0%,42.9%,55.6%,62.5%,52.3%,11.9%,18.6%,50.0%,-5,62.1%,32.2%,2.32,25.4%,8.3%,3.7,38.5%,51.3%,55.6%,17.4%,45.3%,7.8%,13.4,-8.3,0.0%,-,6.4%,73.7%,21.7%,26.0%,25.0%,6.1%,16.7%,0.7%,33.3%,38,10
31,Kyle Edmund,491,14,7.4%,3.3%,59.6%,72.7%,51.8%,15.7%,16.0%,8.1%,3.0%,113.2,117.1,109.1,90.9,94.2,94.3,6.8%,64.6%,5.1%,64.0%,37.2%,38.0%,50.6%,35.8%,50.8%,54.4%,46.4%,49.0%,17.9%,26.7%,45.9%,43,64.0%,48.3%,2.31,23.5%,5.3%,3.8,48.0%,48.6%,50.1%,55.0%,53.9%,12.4%,7.3,-0.1,0.1%,33.3%,7.8%,70.5%,17.2%,23.0%,14.8%,9.0%,23.7%,0.4%,26.9%,17,19
1,Kiranpal Pannu,502,437,5.6%,5.6%,63.8%,70.4%,39.1%,17.1%,27.0%,8.4%,9.5%,N/A,N/A,N/A,N/A,N/A,N/A,6.3%,71.9%,0.0%,60.7%,22.2%,12.5%,63.6%,30.0%,45.0%,75.0%,43.8%,25.0%,0.0%,12.5%,43.8%,-118,54.9%,32.1%,-,3.8%,5.0%,4.1,36.4%,55.0%,53.3%,60.0%,47.6%,14.9%,3.0,-8.7,13.8%,75.0%,26.1%,58.6%,11.3%,26.7%,50.0%,8.0%,22.2%,3.0%,20.0%,0,21
6,Mirza Basic,505,74,7.1%,2.5%,59.1%,70.0%,51.8%,13.3%,16.2%,5.7%,2.8%,118.2,114.5,111.2,92.8,,97.0,7.3%,63.9%,6.7%,63.5%,34.9%,36.1%,50.0%,44.2%,54.7%,51.3%,66.0%,55.0%,16.1%,20.8%,48.4%,44,56.2%,53.2%,2.23,13.6%,4.2%,3.6,47.0%,53.6%,51.1%,52.8%,53.9%,28.7%,6.8,2.1,1.4%,71.4%,9.2%,64.7%,14.6%,17.5%,8.7%,8.9%,31.9%,2.1%,42.4%,-37,-3
1,Altug Celikbilek,494,154,8.3%,5.2%,58.3%,73.0%,48.5%,9.0%,27.9%,4.0%,4.0%,N/A,N/A,N/A,N/A,N/A,N/A,3.8%,63.7%,1.4%,59.4%,40.6%,44.0%,47.4%,32.0%,32.0%,58.8%,41.7%,53.8%,8.7%,13.0%,38.1%,-39,74.6%,40.9%,2.07,18.8%,0.0%,4.8,34.4%,33.3%,57.1%,70.6%,48.0%,16.2%,-6.5,-7.2,3.8%,0.0%,12.4%,64.3%,4.9%,4.5%,16.7%,4.2%,22.2%,1.3%,33.3%,-72,-35
9,Mohamed Safwat,512,130,5.4%,3.2%,62.3%,68.8%,48.7%,12.6%,23.9%,7.7%,1.1%,N/A,N/A,N/A,N/A,N/A,N/A,4.5%,61.8%,3.8%,59.0%,34.5%,33.7%,45.2%,33.9%,44.4%,48.8%,44.5%,41.5%,17.8%,23.0%,40.0%,8,66.4%,50.1%,2.14,14.6%,3.6%,4.2,50.4%,48.6%,48.6%,43.8%,57.7%,19.4%,2.2,-8.1,0.3%,50.0%,6.5%,63.0%,13.1%,18.0%,6.7%,2.8%,12.9%,2.1%,27.1%,7,18
3,Mathias Bourgue,514,140,4.2%,2.3%,65.2%,65.8%,44.4%,15.6%,19.0%,6.5%,4.3%,114.0,118.5,110.2,93.5,100.5,92.0,8.6%,62.1%,7.3%,59.3%,34.7%,36.8%,41.3%,35.5%,47.3%,43.7%,46.4%,55.6%,16.7%,30.0%,38.0%,49,66.9%,38.5%,2.24,11.3%,3.9%,3.7,46.0%,42.3%,37.8%,28.6%,50.3%,9.9%,2.9,-8.9,2.5%,50.0%,8.5%,56.7%,17.1%,17.7%,30.0%,6.8%,17.2%,2.1%,0.0%,23,34
1,Peter Fajta,517,477,N/A,N/A,N/A,N/A,N/A,15.9%,18.2%,6.4%,5.1%,N/A,N/A,N/A,N/A,N/A,N/A,15.4%,50.0%,0.0%,61.9%,13.6%,26.3%,44.1%,31.3%,43.8%,40.9%,78.6%,50.0%,7.7%,23.1%,50.0%,-45,75.6%,22.6%,-,18.2%,9.1%,3.6,49.1%,26.1%,22.2%,0.0%,51.3%,24.1%,-5.0,-1.1,0.0%,-,10.2%,44.4%,10.0%,0.0%,0.0%,10.0%,20.0%,3.4%,25.0%,-46,-20
1,Jose Pereira,518,232,N/A,N/A,N/A,N/A,N/A,6.5%,25.8%,1.8%,1.8%,N/A,N/A,N/A,N/A,N/A,N/A,3.8%,59.1%,2.1%,57.0%,35.2%,36.4%,38.8%,23.3%,27.9%,36.4%,52.6%,50.0%,11.1%,11.1%,43.8%,-13,73.3%,40.9%,2.15,3.0%,0.0%,6.2,44.1%,45.5%,60.0%,33.3%,53.9%,21.3%,-8.7,-1.2,0.0%,-,3.2%,25.0%,2.6%,3.1%,0.0%,2.8%,9.1%,0.6%,50.0%,-128,-100
6,Juan Alejandro Hernandez Serrano,522,462,2.7%,4.4%,61.0%,54.1%,40.8%,N/A,N/A,N/A,N/A,N/A,N/A,N/A,N/A,N/A,N/A,0.8%,56.6%,0.9%,58.8%,39.2%,35.2%,N/A,N/A,N/A,N/A,N/A,N/A,N/A,N/A,N/A,N/A,N/A,N/A,N/A,N/A,N/A,N/A,N/A,N/A,N/A,N/A,N/A,N/A,N/A,N/A,N/A,N/A,N/A,N/A,N/A,N/A,N/A,N/A,N/A,N/A,N/A,N/A,N/A
1,Kilian Feldbausch,523,409,N/A,N/A,N/A,N/A,N/A,17.0%,14.3%,10.1%,4.0%,N/A,N/A,N/A,N/A,N/A,N/A,3.7%,59.3%,16.0%,80.0%,43.3%,56.7%,54.8%,44.4%,52.8%,45.0%,22.2%,38.9%,21.4%,28.6%,72.7%,88,80.0%,58.3%,-,75.0%,0.0%,4.1,62.9%,57.1%,38.5%,66.7%,52.6%,23.1%,6.7,14.4,0.0%,-,4.5%,60.0%,14.1%,12.9%,0.0%,13.9%,26.3%,0.0%,-,-47,-25
15,Rigele Te,529,395,5.7%,3.8%,53.2%,65.5%,52.7%,N/A,N/A,N/A,N/A,N/A,N/A,N/A,N/A,N/A,N/A,7.1%,59.9%,5.5%,58.8%,31.5%,33.0%,N/A,N/A,N/A,N/A,N/A,N/A,N/A,N/A,N/A,N/A,N/A,N/A,N/A,N/A,N/A,N/A,N/A,N/A,N/A,N/A,N/A,N/A,N/A,N/A,N/A,N/A,N/A,N/A,N/A,N/A,N/A,N/A,N/A,N/A,N/A,N/A,N/A
9,David Jorda Sanchis,532,292,9.3%,1.6%,62.3%,64.9%,47.8%,N/A,N/A,N/A,N/A,N/A,N/A,N/A,N/A,N/A,N/A,5.1%,64.0%,2.8%,64.4%,38.8%,37.5%,N/A,N/A,N/A,N/A,N/A,N/A,N/A,N/A,N/A,N/A,N/A,N/A,N/A,N/A,N/A,N/A,N/A,N/A,N/A,N/A,N/A,N/A,N/A,N/A,N/A,N/A,N/A,N/A,N/A,N/A,N/A,N/A,N/A,N/A,N/A,N/A,N/A
11,Soon Woo Kwon,534,52,5.9%,3.9%,60.2%,69.9%,51.0%,14.6%,15.8%,7.1%,3.4%,111.3,114.4,108.2,91.4,90.4,91.3,6.4%,63.7%,5.5%,60.0%,37.3%,38.1%,52.5%,32.2%,49.7%,57.6%,44.3%,44.0%,14.6%,21.6%,45.7%,27,65.7%,50.1%,2.36,24.1%,6.5%,4.3,48.7%,51.8%,50.9%,48.2%,49.0%,13.9%,3.9,1.7,2.2%,94.7%,11.0%,70.9%,12.6%,21.3%,8.5%,6.7%,21.5%,2.4%,39.7%,-18,-8
5,Omni Kumar,541,348,4.7%,4.0%,53.8%,68.3%,50.0%,N/A,N/A,N/A,N/A,N/A,N/A,N/A,N/A,N/A,N/A,0.6%,58.0%,0.0%,59.1%,38.5%,36.4%,N/A,N/A,N/A,N/A,N/A,N/A,N/A,N/A,N/A,N/A,N/A,N/A,N/A,N/A,N/A,N/A,N/A,N/A,N/A,N/A,N/A,N/A,N/A,N/A,N/A,N/A,N/A,N/A,N/A,N/A,N/A,N/A,N/A,N/A,N/A,N/A,N/A
4,Ye Cong Mo,544,544,1.8%,5.3%,63.2%,72.2%,42.9%,N/A,N/A,N/A,N/A,N/A,N/A,N/A,N/A,N/A,N/A,3.1%,61.8%,0.0%,50.4%,41.2%,42.5%,N/A,N/A,N/A,N/A,N/A,N/A,N/A,N/A,N/A,N/A,N/A,N/A,N/A,N/A,N/A,N/A,N/A,N/A,N/A,N/A,N/A,N/A,N/A,N/A,N/A,N/A,N/A,N/A,N/A,N/A,N/A,N/A,N/A,N/A,N/A,N/A,N/A
1,Joao Domingues,554,150,1.8%,0.8%,69.5%,62.3%,46.4%,16.7%,18.2%,12.4%,5.7%,N/A,N/A,N/A,N/A,N/A,N/A,1.3%,54.8%,1.1%,57.5%,40.4%,40.8%,52.2%,19.2%,32.9%,55.9%,45.5%,57.5%,8.8%,14.7%,45.2%,-36,68.3%,39.1%,2.68,6.9%,3.4%,4.5,42.6%,41.2%,54.5%,52.9%,49.7%,31.3%,11.2,-8.9,0.0%,-,8.1%,82.4%,14.4%,15.0%,9.1%,6.2%,16.7%,3.4%,53.8%,-6,-29
4,Ramkumar Ramanathan,554,111,10.6%,5.6%,58.3%,73.8%,49.5%,16.8%,14.5%,8.8%,4.1%,N/A,N/A,N/A,N/A,N/A,N/A,8.6%,64.6%,7.9%,60.1%,33.9%,34.1%,50.9%,39.2%,55.7%,55.9%,48.4%,48.5%,17.4%,33.3%,45.6%,56,71.0%,36.5%,2.03,22.2%,24.3%,4.1,48.0%,45.0%,44.1%,45.6%,56.7%,55.0%,2.1,-11.3,50.3%,66.0%,33.8%,64.0%,10.5%,11.7%,7.5%,4.6%,14.3%,0.5%,40.0%,-39,-9
21,Vladyslav Orlov,564,350,5.5%,5.5%,47.3%,61.5%,51.7%,N/A,N/A,N/A,N/A,N/A,N/A,N/A,N/A,N/A,N/A,0.9%,59.1%,0.0%,60.3%,46.5%,41.6%,N/A,N/A,N/A,N/A,N/A,N/A,N/A,N/A,N/A,N/A,N/A,N/A,N/A,N/A,N/A,N/A,N/A,N/A,N/A,N/A,N/A,N/A,N/A,N/A,N/A,N/A,N/A,N/A,N/A,N/A,N/A,N/A,N/A,N/A,N/A,N/A,N/A
18,Denis Kudla,564,53,6.9%,4.1%,58.2%,69.6%,50.5%,15.2%,16.6%,6.1%,4.1%,114.5,118.0,110.1,92.8,96.4,93.5,6.2%,63.3%,5.3%,60.8%,38.4%,39.3%,50.5%,39.9%,50.0%,54.3%,38.9%,43.5%,16.4%,22.9%,46.2%,45,66.7%,47.1%,2.30,32.4%,4.9%,4.2,48.0%,49.4%,51.2%,48.5%,48.8%,21.3%,3.0,0.2,1.6%,82.4%,9.5%,66.7%,9.6%,13.7%,10.7%,8.8%,23.9%,1.1%,28.3%,-31,-14
1,Alex Barrena,567,378,N/A,N/A,N/A,N/A,N/A,6.3%,11.6%,5.7%,,N/A,N/A,N/A,N/A,N/A,N/A,0.0%,57.7%,4.0%,60.0%,20.0%,15.8%,45.9%,27.8%,36.1%,42.3%,42.1%,82.4%,21.4%,35.7%,54.5%,22,59.1%,23.1%,2.00,3.8%,0.0%,3.7,42.9%,34.8%,45.5%,20.0%,52.0%,4.9%,-3.6,-9.5,2.0%,0.0%,7.4%,42.9%,12.2%,12.0%,0.0%,2.6%,11.1%,3.1%,50.0%,-89,-63
53,Benoit Paire,576,18,10.1%,6.3%,52.0%,74.4%,45.2%,20.2%,20.9%,5.9%,6.1%,114.8,119.1,112.3,90.6,96.7,93.5,9.1%,62.1%,7.3%,60.0%,37.4%,39.1%,49.1%,44.8%,63.4%,56.9%,52.2%,60.4%,16.5%,27.4%,42.4%,38,66.5%,49.3%,2.20,23.6%,7.2%,3.4,49.0%,51.3%,46.0%,42.9%,49.7%,12.7%,-2.5,2.7,9.6%,68.2%,13.8%,69.4%,11.1%,17.0%,5.1%,14.9%,33.2%,4.1%,22.7%,60,72
4,Cem Ilkel,569,144,5.6%,3.3%,59.9%,65.8%,47.9%,16.9%,16.9%,10.0%,4.4%,111.2,112.0,107.2,91.5,87.9,88.5,6.2%,59.3%,5.7%,58.8%,35.1%,35.6%,59.7%,34.9%,48.5%,62.7%,42.2%,39.5%,11.4%,17.5%,56.4%,-4,67.5%,45.7%,2.12,40.9%,0.0%,4.4,51.8%,44.2%,62.3%,53.1%,61.1%,13.9%,7.7,3.9,1.5%,75.0%,11.6%,68.6%,12.3%,13.8%,5.7%,7.6%,15.8%,1.7%,33.3%,-46,-31
4,Steven Diez,580,134,2.2%,4.0%,62.8%,61.0%,46.6%,12.4%,16.5%,4.5%,2.6%,N/A,N/A,N/A,N/A,N/A,N/A,1.1%,57.9%,1.4%,57.0%,40.1%,40.7%,47.2%,28.1%,34.8%,55.5%,37.3%,44.2%,18.8%,21.3%,30.8%,65,69.7%,49.4%,2.25,5.5%,18.1%,3.9,46.7%,52.5%,51.0%,56.1%,47.4%,4.5%,7.7,-2.9,1.2%,100.0%,9.6%,75.5%,12.5%,13.7%,16.7%,7.6%,23.9%,1.7%,35.7%,-34,-30
1,Dane Sweeny,537,194,1.4%,5.5%,59.1%,64.2%,49.4%,5.4%,14.0%,3.4%,1.1%,N/A,N/A,N/A,N/A,N/A,N/A,0.8%,51.9%,0.8%,41.3%,29.3%,29.6%,52.8%,21.9%,28.1%,56.0%,44.4%,78.6%,15.4%,15.4%,45.5%,29,74.5%,25.7%,2.15,12.0%,0.0%,4.8,45.2%,40.0%,25.0%,38.5%,62.0%,17.6%,0.5,3.8,2.2%,0.0%,12.9%,41.7%,6.6%,13.0%,0.0%,10.5%,66.7%,0.6%,0.0%,-102,-91
3,Riccardo Bonadio,576,164,1.9%,3.3%,62.3%,67.9%,56.8%,9.6%,19.9%,5.2%,4.3%,N/A,N/A,N/A,N/A,N/A,N/A,2.7%,59.5%,4.5%,61.4%,40.1%,37.9%,49.7%,31.9%,43.8%,55.1%,53.8%,69.6%,21.6%,30.7%,42.0%,61,64.3%,43.8%,2.17,10.2%,5.8%,3.8,50.0%,42.7%,48.9%,51.6%,41.8%,14.6%,-1.1,-0.3,1.3%,66.7%,4.7%,81.8%,11.6%,9.1%,50.0%,10.0%,50.0%,0.4%,100.0%,-33,-18
1,Gilles Arnaud Bailly,581,468,1.6%,3.2%,66.8%,64.6%,50.8%,8.4%,13.0%,4.5%,3.6%,N/A,N/A,N/A,N/A,N/A,N/A,0.0%,54.2%,3.0%,60.6%,34.6%,41.7%,52.7%,17.6%,27.1%,57.1%,25.0%,20.4%,10.6%,17.0%,45.2%,-14,76.0%,47.4%,2.43,7.2%,8.7%,5.8,54.5%,44.1%,59.4%,37.5%,45.5%,7.1%,2.8,1.2,0.0%,-,13.0%,58.1%,4.3%,9.3%,0.0%,4.6%,13.8%,0.7%,75.0%,-144,-129
6,Alex Knaff,582,486,3.7%,6.1%,60.5%,68.0%,52.1%,N/A,N/A,N/A,N/A,N/A,N/A,N/A,N/A,N/A,N/A,10.5%,64.9%,1.8%,56.4%,42.1%,25.0%,N/A,N/A,N/A,N/A,N/A,N/A,N/A,N/A,N/A,N/A,N/A,N/A,N/A,N/A,N/A,N/A,N/A,N/A,N/A,N/A,N/A,N/A,N/A,N/A,N/A,N/A,N/A,N/A,N/A,N/A,N/A,N/A,N/A,N/A,N/A,N/A,N/A
2,Filip Peliwo,586,161,5.1%,6.3%,54.0%,67.8%,45.3%,7.7%,44.6%,5.4%,1.8%,N/A,N/A,N/A,N/A,N/A,N/A,4.6%,57.4%,4.2%,55.7%,37.6%,38.6%,24.0%,31.3%,31.3%,18.2%,25.0%,25.0%,0.0%,7.1%,28.6%,-118,53.1%,23.5%,2.07,9.1%,0.0%,4.3,17.6%,29.4%,66.7%,0.0%,64.0%,4.4%,-18.6,-11.6,0.0%,-,4.6%,0.0%,4.2%,7.7%,0.0%,3.0%,0.0%,0.0%,-,71,44
6,Eero Vasa,593,568,5.6%,3.8%,64.9%,61.2%,43.1%,N/A,N/A,N/A,N/A,N/A,N/A,N/A,N/A,N/A,N/A,0.0%,51.2%,0.0%,40.3%,27.0%,33.8%,N/A,N/A,N/A,N/A,N/A,N/A,N/A,N/A,N/A,N/A,N/A,N/A,N/A,N/A,N/A,N/A,N/A,N/A,N/A,N/A,N/A,N/A,N/A,N/A,N/A,N/A,N/A,N/A,N/A,N/A,N/A,N/A,N/A,N/A,N/A,N/A,N/A
1,Strong Kirchheimer,595,375,6.7%,3.0%,61.2%,58.5%,59.6%,6.0%,15.4%,3.7%,1.9%,N/A,N/A,N/A,N/A,N/A,N/A,3.1%,61.0%,1.8%,60.7%,38.6%,39.3%,40.9%,22.5%,27.5%,45.2%,47.4%,38.1%,18.8%,31.3%,30.8%,56,69.0%,45.0%,-,38.7%,11.1%,3.8,37.9%,52.9%,45.5%,33.3%,63.0%,12.5%,8.9,-10.8,0.0%,-,12.0%,28.6%,11.0%,17.2%,0.0%,3.8%,100.0%,0.6%,0.0%,-77,-86
2,Pablo Llamas Ruiz,615,131,2.9%,0.7%,67.6%,68.4%,51.5%,13.0%,14.9%,9.1%,3.7%,N/A,N/A,N/A,N/A,N/A,N/A,2.9%,56.9%,0.0%,50.0%,36.0%,31.8%,47.5%,25.6%,37.2%,53.1%,53.8%,53.2%,22.2%,26.7%,37.1%,-46,68.2%,38.6%,2.19,1.6%,14.3%,4.1,43.5%,45.8%,60.0%,39.1%,50.5%,24.8%,3.0,-8.1,7.8%,70.0%,14.2%,67.6%,10.3%,17.8%,16.7%,6.5%,21.1%,4.2%,41.2%,-45,-40
4,Elliot Benchetrit,618,198,4.9%,4.0%,55.5%,65.6%,46.1%,14.6%,24.4%,3.0%,2.0%,116.2,,,93.3,,,6.4%,59.8%,6.6%,59.8%,34.6%,32.8%,48.7%,37.3%,46.2%,50.5%,45.6%,46.8%,15.9%,25.2%,46.7%,26,69.2%,41.7%,2.14,31.3%,6.5%,3.8,46.9%,45.5%,45.8%,55.9%,50.1%,30.4%,-4.8,-1.3,2.4%,50.0%,9.6%,68.6%,10.2%,16.4%,11.1%,14.4%,26.1%,3.1%,40.0%,56,60
1,Evan Zhu,605,271,N/A,N/A,N/A,N/A,N/A,4.6%,33.0%,1.9%,2.9%,N/A,N/A,N/A,N/A,N/A,N/A,0.9%,55.9%,0.7%,58.4%,41.4%,39.0%,38.3%,19.5%,31.7%,45.5%,45.0%,38.1%,6.7%,6.7%,21.4%,-63,77.1%,43.2%,2.32,9.1%,10.5%,5.4,44.7%,37.9%,35.7%,36.8%,48.7%,8.8%,-7.5,1.2,0.0%,-,14.7%,62.5%,1.9%,6.7%,0.0%,11.1%,5.9%,0.8%,0.0%,-23,-22
1,Aristotelis Thanos,623,591,2.9%,6.8%,63.6%,70.2%,46.7%,6.9%,31.0%,3.8%,1.3%,N/A,N/A,N/A,N/A,N/A,N/A,3.8%,46.2%,4.3%,43.5%,30.0%,11.1%,35.9%,25.9%,29.6%,35.0%,42.9%,23.1%,5.0%,20.0%,36.8%,-68,44.7%,47.1%,2.36,21.1%,0.0%,3.2,35.8%,29.2%,42.9%,33.3%,50.5%,38.5%,-4.5,-13.8,2.1%,100.0%,14.9%,46.2%,10.3%,0.0%,33.3%,6.7%,50.0%,5.7%,0.0%,119,64
4,Yanki Erel,621,325,2.4%,8.5%,57.3%,78.7%,57.1%,N/A,N/A,N/A,N/A,N/A,N/A,N/A,N/A,N/A,N/A,0.0%,50.9%,0.0%,52.0%,37.1%,45.3%,N/A,N/A,N/A,N/A,N/A,N/A,N/A,N/A,N/A,N/A,N/A,N/A,N/A,N/A,N/A,N/A,N/A,N/A,N/A,N/A,N/A,N/A,N/A,N/A,N/A,N/A,N/A,N/A,N/A,N/A,N/A,N/A,N/A,N/A,N/A,N/A,N/A
1,Niels Visker,613,496,N/A,N/A,N/A,N/A,N/A,17.0%,28.6%,12.1%,3.0%,N/A,N/A,N/A,N/A,N/A,N/A,6.7%,56.7%,6.7%,43.3%,40.7%,20.0%,41.7%,25.7%,40.0%,46.2%,56.3%,52.6%,4.3%,8.7%,36.4%,-74,59.6%,45.2%,-,28.0%,14.3%,4.1,37.1%,42.9%,61.5%,33.3%,63.5%,81.8%,2.1,-27.3,8.9%,60.0%,16.1%,44.4%,14.3%,13.0%,0.0%,11.1%,0.0%,0.6%,0.0%,27,35
11,Liam Broady,628,93,4.5%,3.4%,60.7%,66.0%,48.7%,12.7%,16.0%,6.5%,3.8%,108.9,111.3,105.4,90.3,88.8,89.3,4.4%,59.7%,5.1%,59.3%,36.4%,37.9%,50.5%,22.1%,32.4%,53.3%,20.6%,65.8%,8.2%,11.8%,43.6%,-37,69.2%,45.0%,2.30,8.7%,5.6%,5.0,44.4%,47.8%,50.0%,49.5%,52.5%,16.3%,2.6,1.2,4.4%,60.0%,14.3%,62.1%,9.3%,16.9%,6.0%,5.9%,6.1%,1.0%,14.3%,-68,-62
2,Orlando Luz,629,272,4.8%,4.0%,58.9%,72.6%,52.9%,15.8%,26.4%,9.4%,4.3%,N/A,N/A,N/A,N/A,N/A,N/A,3.3%,60.1%,2.4%,60.8%,37.3%,39.8%,45.7%,26.8%,37.8%,51.7%,37.0%,47.2%,10.4%,15.6%,40.6%,-15,77.2%,35.2%,2.31,13.8%,8.5%,4.4,45.0%,43.7%,42.5%,37.0%,45.3%,15.4%,-4.3,-7.7,0.6%,100.0%,10.9%,63.6%,11.3%,9.4%,13.3%,5.0%,16.7%,3.0%,47.1%,-1,1
132,Nick Kyrgios,632,13,18.2%,4.2%,66.0%,77.5%,53.3%,21.0%,15.3%,7.8%,3.9%,121.2,126.5,116.5,101.7,112.8,98.5,17.9%,70.4%,12.8%,67.7%,32.5%,34.3%,51.5%,50.7%,63.2%,54.8%,43.5%,40.8%,24.1%,35.0%,46.6%,102,63.1%,44.2%,2.15,33.9%,4.9%,3.4,52.3%,48.2%,44.6%,46.3%,51.6%,12.8%,5.3,-0.4,7.3%,62.9%,9.7%,63.2%,16.5%,20.8%,14.4%,8.9%,18.9%,2.5%,32.1%,7,42
1,Conner Huertas Del Pino,633,520,,,,,,18.6%,31.7%,12.3%,6.7%,N/A,N/A,N/A,N/A,N/A,N/A,2.2%,57.2%,0.9%,54.9%,40.3%,39.6%,53.6%,12.3%,27.7%,52.6%,28.1%,63.6%,3.6%,7.1%,55.6%,-81,85.2%,52.0%,2.00,5.1%,2.0%,5.6,41.3%,68.0%,48.0%,51.5%,69.8%,19.0%,-1.2,6.9,5.3%,60.0%,22.4%,68.3%,9.3%,10.7%,0.0%,11.3%,33.3%,4.4%,40.0%,52,27
22,Yshai Oliel,617,305,3.6%,2.3%,63.2%,58.2%,44.4%,N/A,N/A,N/A,N/A,N/A,N/A,N/A,N/A,N/A,N/A,0.9%,61.8%,0.9%,65.2%,42.5%,46.9%,N/A,N/A,N/A,N/A,N/A,N/A,N/A,N/A,N/A,N/A,N/A,N/A,N/A,N/A,N/A,N/A,N/A,N/A,N/A,N/A,N/A,N/A,N/A,N/A,N/A,N/A,N/A,N/A,N/A,N/A,N/A,N/A,N/A,N/A,N/A,N/A,N/A
1,Tristan Lamasine,597,181,4.1%,3.4%,63.6%,63.8%,51.8%,13.4%,13.8%,9.8%,2.8%,N/A,N/A,N/A,N/A,N/A,N/A,4.7%,60.3%,4.6%,60.2%,36.1%,36.3%,60.4%,26.4%,49.1%,61.5%,47.4%,50.0%,33.3%,42.9%,57.1%,-10,63.1%,49.1%,2.21,66.7%,3.7%,3.2,52.8%,51.5%,50.0%,75.0%,54.4%,20.2%,11.1,3.6,0.0%,-,13.2%,66.7%,21.8%,25.0%,0.0%,13.8%,0.0%,1.0%,50.0%,66,51
1,Johan Nikles,650,256,0.7%,3.3%,63.3%,60.0%,45.5%,10.4%,15.7%,5.3%,5.3%,N/A,N/A,N/A,N/A,N/A,N/A,0.7%,56.5%,0.5%,56.2%,44.0%,46.3%,41.5%,18.6%,20.9%,45.7%,38.9%,68.0%,25.0%,25.0%,33.3%,-79,76.1%,41.2%,2.28,2.9%,15.4%,3.6,37.7%,45.2%,72.7%,75.0%,53.8%,3.6%,-7.1,-1.9,1.5%,100.0%,9.7%,76.9%,9.1%,10.5%,25.0%,8.9%,20.0%,1.1%,50.0%,-9,-22
10,Kenny De Schepper,647,62,10.2%,5.3%,66.8%,71.6%,48.5%,17.4%,16.6%,3.5%,2.3%,120.7,,,107.6,,,7.5%,63.3%,8.4%,64.5%,33.3%,34.8%,56.9%,51.0%,66.0%,55.1%,34.1%,51.8%,39.5%,47.4%,60.9%,212,62.3%,41.9%,2.09,18.8%,6.1%,3.0,54.0%,43.8%,43.8%,38.5%,47.8%,25.2%,2.6,4.3,9.4%,83.3%,15.6%,73.3%,20.4%,36.4%,0.0%,11.4%,30.8%,0.3%,100.0%,5,84
15,Alex Molcan,642,38,4.2%,3.1%,65.2%,66.5%,51.4%,14.3%,15.7%,7.9%,4.5%,107.1,110.0,103.4,88.7,90.0,89.3,2.1%,58.0%,5.2%,59.6%,37.0%,38.7%,52.0%,26.2%,39.6%,54.8%,25.0%,44.8%,14.4%,19.8%,47.4%,28,73.1%,45.0%,2.30,23.5%,4.9%,5.0,49.3%,46.3%,52.1%,45.8%,51.2%,17.9%,3.8,0.1,2.1%,66.7%,8.3%,63.2%,8.4%,15.0%,5.5%,6.6%,13.7%,2.6%,40.3%,-80,-71
7,Illya Marchenko,555,49,6.0%,5.1%,57.7%,70.5%,47.8%,16.7%,19.7%,8.4%,4.0%,116.8,121.3,113.1,94.6,98.3,92.3,7.1%,64.0%,5.5%,62.0%,36.9%,37.6%,46.3%,33.6%,42.7%,49.4%,43.8%,39.7%,22.0%,23.2%,42.8%,10,61.9%,46.4%,2.37,26.9%,7.6%,4.0,44.8%,41.5%,55.3%,58.3%,50.6%,20.0%,0.5,-2.4,0.0%,-,8.7%,70.4%,10.1%,20.3%,11.8%,7.2%,28.6%,1.5%,40.0%,10,6
15,Jonas Forejtek,624,217,7.6%,1.7%,63.0%,74.7%,40.9%,N/A,N/A,N/A,N/A,N/A,N/A,N/A,N/A,N/A,N/A,1.5%,65.0%,0.7%,62.7%,42.2%,41.7%,N/A,N/A,N/A,N/A,N/A,N/A,N/A,N/A,N/A,N/A,N/A,N/A,N/A,N/A,N/A,N/A,N/A,N/A,N/A,N/A,N/A,N/A,N/A,N/A,N/A,N/A,N/A,N/A,N/A,N/A,N/A,N/A,N/A,N/A,N/A,N/A,N/A
6,Aziz Ouakaa,651,634,2.7%,4.5%,54.5%,67.2%,52.9%,N/A,N/A,N/A,N/A,N/A,N/A,N/A,N/A,N/A,N/A,0.9%,53.9%,0.5%,47.0%,40.5%,40.9%,N/A,N/A,N/A,N/A,N/A,N/A,N/A,N/A,N/A,N/A,N/A,N/A,N/A,N/A,N/A,N/A,N/A,N/A,N/A,N/A,N/A,N/A,N/A,N/A,N/A,N/A,N/A,N/A,N/A,N/A,N/A,N/A,N/A,N/A,N/A,N/A,N/A
4,San Hui Sin,653,456,,,,,,N/A,N/A,N/A,N/A,N/A,N/A,N/A,N/A,N/A,N/A,0.0%,45.5%,0.0%,55.6%,37.8%,38.1%,N/A,N/A,N/A,N/A,N/A,N/A,N/A,N/A,N/A,N/A,N/A,N/A,N/A,N/A,N/A,N/A,N/A,N/A,N/A,N/A,N/A,N/A,N/A,N/A,N/A,N/A,N/A,N/A,N/A,N/A,N/A,N/A,N/A,N/A,N/A,N/A,N/A
16,Alexander Donski,660,525,13.1%,6.6%,54.1%,78.8%,25.0%,N/A,N/A,N/A,N/A,N/A,N/A,N/A,N/A,N/A,N/A,2.0%,59.2%,1.6%,60.4%,39.4%,42.1%,N/A,N/A,N/A,N/A,N/A,N/A,N/A,N/A,N/A,N/A,N/A,N/A,N/A,N/A,N/A,N/A,N/A,N/A,N/A,N/A,N/A,N/A,N/A,N/A,N/A,N/A,N/A,N/A,N/A,N/A,N/A,N/A,N/A,N/A,N/A,N/A,N/A
1,Sebastian Fanselow,659,273,2.0%,6.1%,55.1%,55.6%,27.3%,20.0%,10.6%,8.6%,7.1%,N/A,N/A,N/A,N/A,N/A,N/A,4.3%,58.9%,3.3%,59.0%,37.9%,35.3%,66.7%,47.8%,56.5%,66.7%,77.8%,50.0%,25.0%,33.3%,66.7%,102,72.9%,68.6%,2.14,66.7%,5.3%,3.2,66.0%,68.2%,55.6%,66.7%,44.6%,3.2%,19.1,22.0,0.0%,-,8.0%,85.7%,20.0%,9.1%,40.0%,17.6%,100.0%,0.0%,-,40,81
4,Thanapet Chanta,676,660,5.7%,10.0%,54.3%,73.7%,40.6%,N/A,N/A,N/A,N/A,N/A,N/A,N/A,N/A,N/A,N/A,0.0%,51.3%,0.0%,54.5%,39.7%,41.8%,N/A,N/A,N/A,N/A,N/A,N/A,N/A,N/A,N/A,N/A,N/A,N/A,N/A,N/A,N/A,N/A,N/A,N/A,N/A,N/A,N/A,N/A,N/A,N/A,N/A,N/A,N/A,N/A,N/A,N/A,N/A,N/A,N/A,N/A,N/A,N/A,N/A
1,Louis Wessels,671,267,4.7%,6.0%,69.3%,67.1%,42.4%,12.4%,12.4%,8.6%,0.7%,N/A,N/A,N/A,N/A,N/A,N/A,3.3%,58.8%,3.9%,59.2%,38.4%,36.0%,50.0%,38.7%,46.8%,52.6%,57.1%,41.2%,20.0%,28.0%,45.0%,72,64.1%,46.0%,2.48,50.0%,8.3%,3.2,49.1%,46.7%,41.7%,66.7%,52.0%,38.3%,13.0,-11.4,1.2%,100.0%,10.7%,72.2%,18.8%,27.3%,0.0%,2.6%,16.7%,0.0%,-,-45,-9
34,Ji Sung Nam,681,236,8.4%,5.6%,60.2%,69.5%,51.0%,N/A,N/A,N/A,N/A,N/A,N/A,N/A,N/A,N/A,N/A,2.6%,59.2%,2.2%,58.9%,40.9%,40.0%,N/A,N/A,N/A,N/A,N/A,N/A,N/A,N/A,N/A,N/A,N/A,N/A,N/A,N/A,N/A,N/A,N/A,N/A,N/A,N/A,N/A,N/A,N/A,N/A,N/A,N/A,N/A,N/A,N/A,N/A,N/A,N/A,N/A,N/A,N/A,N/A,N/A
19,Colin Sinclair,686,340,,,,,,N/A,N/A,N/A,N/A,N/A,N/A,N/A,N/A,N/A,N/A,5.9%,65.1%,3.6%,58.2%,39.2%,39.2%,N/A,N/A,N/A,N/A,N/A,N/A,N/A,N/A,N/A,N/A,N/A,N/A,N/A,N/A,N/A,N/A,N/A,N/A,N/A,N/A,N/A,N/A,N/A,N/A,N/A,N/A,N/A,N/A,N/A,N/A,N/A,N/A,N/A,N/A,N/A,N/A,N/A
1,Joshua Sheehy,690,678,N/A,N/A,N/A,N/A,N/A,21.7%,17.9%,9.8%,4.3%,N/A,N/A,N/A,N/A,N/A,N/A,14.8%,66.7%,15.4%,80.8%,42.9%,40.0%,51.7%,51.4%,68.6%,58.8%,12.5%,47.4%,33.3%,38.9%,41.7%,-79,66.0%,48.6%,-,5.9%,3.6%,3.2,59.7%,61.1%,27.3%,80.0%,58.7%,17.5%,3.3,-2.2,6.7%,66.7%,8.5%,66.7%,12.7%,41.2%,0.0%,13.6%,0.0%,2.2%,100.0%,29,63
9,Evgeny Donskoy,696,65,6.2%,2.9%,58.5%,70.0%,49.9%,14.4%,16.5%,7.7%,2.2%,110.2,115.0,108.9,87.3,91.7,87.2,6.4%,64.8%,5.3%,63.9%,36.0%,36.4%,53.8%,35.4%,49.5%,60.2%,52.1%,44.5%,16.5%,23.2%,45.5%,45,57.6%,52.6%,2.40,26.3%,5.8%,3.8,48.8%,52.0%,56.7%,44.0%,53.2%,13.7%,11.2,1.1,0.3%,50.0%,7.5%,77.2%,18.1%,25.8%,18.2%,5.8%,16.1%,0.5%,33.3%,-5,-2
2,Taha Baadi,697,697,1.2%,0.0%,65.9%,61.1%,50.0%,N/A,N/A,N/A,N/A,N/A,N/A,N/A,N/A,N/A,N/A,2.5%,50.6%,2.8%,62.0%,33.3%,41.0%,N/A,N/A,N/A,N/A,N/A,N/A,N/A,N/A,N/A,N/A,N/A,N/A,N/A,N/A,N/A,N/A,N/A,N/A,N/A,N/A,N/A,N/A,N/A,N/A,N/A,N/A,N/A,N/A,N/A,N/A,N/A,N/A,N/A,N/A,N/A,N/A,N/A
6,Tsung Hao Huang,699,521,,,,,,N/A,N/A,N/A,N/A,N/A,N/A,N/A,N/A,N/A,N/A,0.0%,58.4%,0.0%,62.3%,41.5%,42.7%,N/A,N/A,N/A,N/A,N/A,N/A,N/A,N/A,N/A,N/A,N/A,N/A,N/A,N/A,N/A,N/A,N/A,N/A,N/A,N/A,N/A,N/A,N/A,N/A,N/A,N/A,N/A,N/A,N/A,N/A,N/A,N/A,N/A,N/A,N/A,N/A,N/A
5,Gerald Melzer,710,68,5.1%,3.6%,64.4%,66.5%,49.0%,14.8%,19.3%,8.2%,4.7%,107.0,110.7,101.9,92.5,98.3,89.5,4.2%,62.5%,5.4%,63.2%,38.7%,40.6%,53.2%,27.7%,41.9%,57.9%,35.2%,59.3%,19.8%,28.6%,44.6%,11,66.8%,51.0%,2.26,6.7%,3.2%,4.4,51.2%,47.1%,53.2%,56.3%,59.1%,12.1%,6.8,1.9,6.2%,60.9%,13.6%,67.6%,12.6%,18.7%,3.2%,6.6%,12.5%,2.1%,48.1%,-19,-17
17,Nick Chappell,721,329,2.9%,0.7%,57.9%,65.4%,55.9%,N/A,N/A,N/A,N/A,N/A,N/A,N/A,N/A,N/A,N/A,1.7%,56.9%,1.5%,59.6%,35.4%,38.3%,N/A,N/A,N/A,N/A,N/A,N/A,N/A,N/A,N/A,N/A,N/A,N/A,N/A,N/A,N/A,N/A,N/A,N/A,N/A,N/A,N/A,N/A,N/A,N/A,N/A,N/A,N/A,N/A,N/A,N/A,N/A,N/A,N/A,N/A,N/A,N/A,N/A
5,Alan Fernando Rubio Fierros,709,687,6.0%,4.0%,57.6%,75.9%,45.3%,N/A,N/A,N/A,N/A,N/A,N/A,N/A,N/A,N/A,N/A,0.0%,57.1%,0.0%,48.6%,30.8%,40.9%,N/A,N/A,N/A,N/A,N/A,N/A,N/A,N/A,N/A,N/A,N/A,N/A,N/A,N/A,N/A,N/A,N/A,N/A,N/A,N/A,N/A,N/A,N/A,N/A,N/A,N/A,N/A,N/A,N/A,N/A,N/A,N/A,N/A,N/A,N/A,N/A,N/A
22,Wishaya Trongcharoenchaikul,718,395,10.3%,6.1%,56.1%,75.2%,49.0%,N/A,N/A,N/A,N/A,N/A,N/A,N/A,N/A,N/A,N/A,7.2%,59.8%,6.1%,62.9%,34.5%,34.1%,N/A,N/A,N/A,N/A,N/A,N/A,N/A,N/A,N/A,N/A,N/A,N/A,N/A,N/A,N/A,N/A,N/A,N/A,N/A,N/A,N/A,N/A,N/A,N/A,N/A,N/A,N/A,N/A,N/A,N/A,N/A,N/A,N/A,N/A,N/A,N/A,N/A
2,Antoine Bellier,672,168,7.5%,5.4%,61.2%,72.7%,43.6%,21.8%,5.3%,9.2%,5.9%,N/A,N/A,N/A,N/A,N/A,N/A,4.3%,60.6%,4.7%,62.3%,34.6%,34.5%,59.3%,51.0%,70.3%,65.8%,31.7%,51.1%,27.6%,50.0%,47.6%,124,50.7%,45.4%,1.74,33.3%,22.7%,2.3,49.9%,62.3%,37.5%,0.0%,45.5%,60.9%,11.5,12.2,94.0%,71.9%,42.3%,72.3%,30.0%,42.9%,100.0%,21.4%,33.3%,0.0%,-,34,92
1,Michael Zheng,731,520,N/A,N/A,N/A,N/A,N/A,12.5%,13.3%,6.7%,4.2%,N/A,N/A,N/A,N/A,N/A,N/A,2.9%,44.1%,6.1%,48.5%,40.6%,41.4%,27.1%,31.7%,41.5%,35.7%,33.3%,64.7%,20.0%,20.0%,15.0%,-21,72.1%,56.8%,2.35,28.6%,0.0%,5.1,49.2%,37.1%,60.0%,31.8%,47.6%,14.1%,9.5,-7.9,0.0%,-,8.6%,45.5%,11.0%,16.0%,9.1%,4.0%,20.0%,0.0%,-,-100,-76
1,Karlis Ozolins,732,677,,,,,,19.4%,13.9%,6.6%,2.2%,N/A,N/A,N/A,N/A,N/A,N/A,20.0%,86.7%,22.2%,63.0%,33.3%,37.5%,45.8%,64.3%,69.0%,46.7%,47.6%,38.1%,35.7%,35.7%,44.4%,22,70.6%,50.0%,2.10,0.0%,0.0%,3.3,60.6%,43.5%,28.6%,85.7%,54.7%,27.6%,3.8,1.2,17.8%,75.0%,17.6%,63.2%,14.0%,0.0%,0.0%,3.2%,0.0%,0.0%,-,-3,93
3,Akira Santillan,741,144,8.3%,4.3%,53.5%,69.9%,51.4%,14.8%,23.1%,8.3%,3.4%,N/A,N/A,N/A,N/A,N/A,N/A,7.4%,64.9%,7.0%,60.2%,35.7%,39.3%,49.7%,39.7%,51.6%,47.4%,49.1%,42.5%,23.2%,33.7%,52.1%,102,77.6%,43.9%,2.26,38.2%,0.0%,4.0,54.5%,50.5%,46.9%,37.1%,55.2%,43.9%,-2.4,0.8,0.9%,100.0%,11.3%,78.8%,11.9%,17.5%,8.3%,10.4%,22.6%,0.5%,0.0%,13,36
4,Federico Gaio,749,124,6.4%,5.9%,55.2%,70.1%,48.2%,18.2%,18.0%,11.8%,4.0%,N/A,N/A,N/A,N/A,N/A,N/A,6.6%,59.6%,4.9%,59.6%,35.4%,37.6%,48.1%,32.4%,45.6%,48.0%,40.7%,52.5%,15.5%,29.1%,48.3%,26,71.7%,49.2%,2.29,15.6%,4.9%,3.7,46.2%,47.8%,46.7%,62.5%,58.3%,52.2%,3.8,3.4,3.4%,90.0%,15.9%,67.0%,15.5%,21.2%,16.9%,11.1%,7.1%,4.4%,33.3%,29,32
1,Martin Damm,744,42,21.1%,3.0%,64.8%,76.7%,54.3%,14.3%,27.7%,10.0%,5.0%,N/A,N/A,N/A,N/A,N/A,N/A,0.0%,61.5%,4.0%,44.0%,21.2%,39.3%,44.4%,26.9%,46.2%,52.6%,16.7%,71.4%,19.0%,28.6%,35.3%,58,65.6%,37.5%,2.00,31.6%,26.7%,3.6,36.8%,57.7%,30.0%,25.0%,54.7%,17.8%,-4.9,-11.2,4.0%,50.0%,20.5%,69.6%,13.7%,26.9%,5.9%,2.8%,8.3%,1.9%,0.0%,100,79
2,Diego Fernandez Flores,739,652,1.6%,1.6%,62.3%,84.2%,60.9%,N/A,N/A,N/A,N/A,N/A,N/A,N/A,N/A,N/A,N/A,0.0%,50.0%,1.8%,61.8%,49.2%,41.1%,N/A,N/A,N/A,N/A,N/A,N/A,N/A,N/A,N/A,N/A,N/A,N/A,N/A,N/A,N/A,N/A,N/A,N/A,N/A,N/A,N/A,N/A,N/A,N/A,N/A,N/A,N/A,N/A,N/A,N/A,N/A,N/A,N/A,N/A,N/A,N/A,N/A
23,Mikael Ymer,757,50,3.0%,3.9%,67.4%,64.4%,48.3%,12.8%,16.5%,4.8%,3.7%,109.2,115.2,104.0,91.7,93.5,91.8,3.0%,60.1%,2.4%,59.0%,38.9%,40.3%,52.5%,23.3%,34.6%,54.8%,44.7%,41.5%,14.3%,18.3%,47.7%,26,71.5%,51.1%,2.37,12.5%,3.6%,5.1,47.8%,51.8%,52.6%,53.9%,46.5%,8.4%,1.6,5.0,1.0%,57.9%,9.5%,68.6%,9.0%,16.3%,6.2%,7.1%,24.3%,0.8%,34.8%,-76,-70
1,Martin Borisiouk,768,762,N/A,N/A,N/A,N/A,N/A,8.6%,19.0%,2.9%,2.9%,N/A,N/A,N/A,N/A,N/A,N/A,2.4%,52.0%,2.8%,63.9%,32.8%,34.0%,38.6%,34.2%,42.1%,48.0%,30.0%,38.9%,5.0%,5.0%,26.3%,-72,74.1%,32.5%,2.06,12.0%,9.5%,5.1,48.1%,24.1%,40.0%,44.4%,44.8%,13.9%,0.9,0.9,0.0%,-,11.2%,46.2%,10.2%,0.0%,20.0%,4.4%,11.1%,0.0%,-,-89,-60
4,Zura Tkemaladze,765,633,0.0%,4.1%,70.7%,54.8%,46.5%,N/A,N/A,N/A,N/A,N/A,N/A,N/A,N/A,N/A,N/A,0.0%,53.2%,0.0%,50.7%,36.2%,37.4%,N/A,N/A,N/A,N/A,N/A,N/A,N/A,N/A,N/A,N/A,N/A,N/A,N/A,N/A,N/A,N/A,N/A,N/A,N/A,N/A,N/A,N/A,N/A,N/A,N/A,N/A,N/A,N/A,N/A,N/A,N/A,N/A,N/A,N/A,N/A,N/A,N/A
1,Edoardo Lavagno,778,223,N/A,N/A,N/A,N/A,N/A,3.9%,20.2%,1.1%,1.6%,N/A,N/A,N/A,N/A,N/A,N/A,1.2%,48.2%,2.5%,56.3%,36.8%,35.3%,46.4%,24.4%,31.7%,46.8%,25.6%,58.1%,31.3%,34.4%,45.5%,51,53.5%,52.2%,2.32,6.5%,0.0%,3.5,45.1%,45.0%,72.2%,41.7%,59.4%,12.5%,-3.0,-2.1,0.0%,-,5.9%,83.3%,9.0%,11.8%,25.0%,6.7%,33.3%,0.0%,-,26,18
3,Siddharth Vishwakarma,781,585,,,,,,N/A,N/A,N/A,N/A,N/A,N/A,N/A,N/A,N/A,N/A,3.6%,67.5%,1.3%,62.8%,30.1%,25.4%,N/A,N/A,N/A,N/A,N/A,N/A,N/A,N/A,N/A,N/A,N/A,N/A,N/A,N/A,N/A,N/A,N/A,N/A,N/A,N/A,N/A,N/A,N/A,N/A,N/A,N/A,N/A,N/A,N/A,N/A,N/A,N/A,N/A,N/A,N/A,N/A,N/A
1,Ozan Baris,788,612,N/A,N/A,N/A,N/A,N/A,6.7%,25.0%,4.3%,,N/A,N/A,N/A,N/A,N/A,N/A,10.7%,42.9%,0.0%,50.0%,26.9%,29.2%,30.0%,32.1%,39.3%,31.6%,41.7%,56.3%,16.0%,16.0%,28.6%,-21,64.0%,40.6%,-,47.4%,18.2%,4.0,38.6%,39.3%,20.0%,44.4%,46.7%,18.0%,3.1,-16.4,9.8%,20.0%,12.5%,30.8%,6.8%,9.5%,0.0%,4.1%,14.3%,0.0%,-,-64,-39
4,Blaz Rola,789,78,5.6%,3.9%,63.9%,67.4%,49.1%,14.6%,25.1%,7.7%,3.0%,111.4,,,94.7,,,5.9%,62.7%,7.4%,64.1%,38.5%,39.6%,46.6%,28.9%,43.3%,49.3%,23.6%,50.5%,16.1%,21.4%,42.6%,43,72.2%,48.9%,2.08,24.8%,5.1%,4.3,49.5%,46.6%,49.3%,42.1%,56.4%,22.2%,3.7,-8.1,5.0%,40.0%,12.8%,58.1%,12.4%,16.0%,8.2%,2.9%,2.7%,1.4%,26.7%,12,8
35,Filip Krajinovic,797,26,5.8%,2.5%,64.0%,68.2%,50.9%,15.2%,15.7%,5.0%,4.7%,111.0,113.8,109.7,89.9,97.2,85.3,5.2%,62.7%,5.2%,61.9%,39.2%,40.5%,51.7%,30.0%,43.5%,53.9%,40.7%,51.8%,14.1%,22.7%,48.1%,17,62.5%,46.2%,2.33,20.6%,5.9%,4.0,47.0%,47.6%,52.2%,48.6%,47.2%,18.6%,0.6,1.7,4.3%,70.8%,12.6%,73.4%,9.7%,15.3%,8.9%,9.7%,29.1%,1.9%,41.3%,-23,-30
2,Miljan Zekic,799,188,5.0%,2.3%,66.2%,68.3%,50.0%,16.5%,22.0%,10.9%,5.1%,N/A,N/A,N/A,N/A,N/A,N/A,5.5%,60.7%,4.1%,62.2%,34.8%,35.6%,50.9%,18.6%,36.0%,57.1%,51.2%,46.7%,9.8%,9.8%,41.3%,-18,74.7%,42.0%,2.29,8.7%,2.2%,5.2,38.7%,44.9%,55.6%,59.1%,55.1%,13.1%,-2.1,-2.1,5.1%,42.9%,16.2%,68.1%,8.6%,18.8%,8.3%,6.6%,18.8%,2.2%,42.9%,-28,-39
2,Oliver Anderson,800,639,5.8%,1.9%,57.7%,73.3%,40.9%,N/A,N/A,N/A,N/A,N/A,N/A,N/A,N/A,N/A,N/A,4.8%,61.9%,7.7%,61.5%,28.0%,46.5%,N/A,N/A,N/A,N/A,N/A,N/A,N/A,N/A,N/A,N/A,N/A,N/A,N/A,N/A,N/A,N/A,N/A,N/A,N/A,N/A,N/A,N/A,N/A,N/A,N/A,N/A,N/A,N/A,N/A,N/A,N/A,N/A,N/A,N/A,N/A,N/A,N/A
4,Daniel Cukierman,809,339,2.7%,5.3%,62.2%,60.7%,44.4%,N/A,N/A,N/A,N/A,N/A,N/A,N/A,N/A,N/A,N/A,3.3%,54.9%,1.2%,54.2%,26.1%,38.8%,N/A,N/A,N/A,N/A,N/A,N/A,N/A,N/A,N/A,N/A,N/A,N/A,N/A,N/A,N/A,N/A,N/A,N/A,N/A,N/A,N/A,N/A,N/A,N/A,N/A,N/A,N/A,N/A,N/A,N/A,N/A,N/A,N/A,N/A,N/A,N/A,N/A
1,Ulises Blanch,810,236,8.2%,3.1%,54.7%,70.1%,54.2%,16.3%,20.2%,8.3%,3.4%,N/A,N/A,N/A,N/A,N/A,N/A,11.4%,63.7%,7.4%,63.9%,36.7%,33.0%,65.2%,57.1%,78.6%,66.7%,30.0%,33.3%,35.3%,41.2%,63.6%,196,77.4%,50.0%,2.22,8.3%,13.0%,3.5,54.9%,65.2%,50.0%,100.0%,60.5%,11.3%,8.2,24.1,0.0%,-,7.2%,62.5%,21.7%,29.2%,10.0%,27.3%,33.3%,0.6%,100.0%,65,113
2,Jesse Flores,816,759,6.1%,4.1%,61.2%,56.7%,47.4%,N/A,N/A,N/A,N/A,N/A,N/A,N/A,N/A,N/A,N/A,2.0%,72.0%,6.8%,79.5%,43.9%,53.1%,N/A,N/A,N/A,N/A,N/A,N/A,N/A,N/A,N/A,N/A,N/A,N/A,N/A,N/A,N/A,N/A,N/A,N/A,N/A,N/A,N/A,N/A,N/A,N/A,N/A,N/A,N/A,N/A,N/A,N/A,N/A,N/A,N/A,N/A,N/A,N/A,N/A
10,Oscar Otte,826,36,10.3%,5.2%,57.2%,75.5%,48.7%,16.5%,12.9%,7.0%,3.7%,113.3,119.2,106.2,86.3,90.8,84.1,10.4%,64.4%,9.1%,61.4%,36.4%,37.5%,51.3%,39.2%,51.2%,52.2%,55.2%,47.2%,21.2%,30.5%,50.0%,83,62.3%,43.9%,2.27,22.6%,4.4%,3.7,48.7%,46.6%,48.5%,44.7%,47.3%,19.3%,2.3,3.5,6.6%,70.0%,14.3%,65.4%,13.9%,17.9%,12.0%,10.3%,25.9%,2.3%,22.0%,-23,16
5,Alessandro Giannessi,829,84,4.0%,4.7%,65.4%,65.2%,48.6%,13.1%,18.1%,8.5%,1.8%,109.7,112.2,107.7,91.1,88.7,93.0,2.6%,59.1%,3.8%,61.2%,38.5%,40.7%,49.7%,21.6%,36.2%,52.4%,33.6%,58.8%,9.0%,13.9%,44.1%,-36,78.4%,41.8%,2.41,12.8%,5.8%,5.2,49.9%,44.1%,45.0%,41.7%,62.0%,30.8%,3.4,-3.2,1.9%,62.5%,10.7%,59.1%,8.8%,11.9%,6.8%,6.2%,5.2%,2.5%,26.5%,-63,-54
2,Nino Serdarusic,842,167,7.2%,3.7%,62.8%,73.9%,47.7%,18.1%,19.5%,12.4%,3.1%,N/A,N/A,N/A,N/A,N/A,N/A,7.5%,59.1%,4.9%,59.5%,36.3%,36.1%,57.1%,41.5%,58.5%,74.5%,45.2%,42.3%,6.6%,9.8%,40.4%,-53,67.6%,44.6%,2.23,20.0%,3.8%,4.0,50.8%,53.2%,45.2%,54.2%,64.6%,31.0%,7.4,-13.8,2.0%,100.0%,9.1%,85.2%,12.2%,21.9%,6.4%,1.3%,0.0%,2.0%,60.0%,-3,11
14,Juan Ignacio Londero,840,50,4.4%,3.5%,61.2%,67.8%,53.3%,14.0%,17.6%,5.9%,2.2%,112.0,114.3,107.3,92.9,100.2,105.0,3.4%,59.6%,2.9%,60.4%,38.5%,38.0%,50.7%,30.0%,45.1%,54.8%,38.2%,53.9%,17.8%,24.6%,45.2%,45,65.0%,51.9%,2.36,10.7%,7.2%,3.7,48.6%,48.7%,54.9%,48.4%,59.0%,13.5%,8.6,-1.0,0.0%,-,6.9%,66.2%,15.8%,18.1%,19.7%,9.4%,32.2%,2.1%,35.3%,43,32
5,Guido Andreozzi,798,70,4.8%,5.7%,60.6%,68.3%,46.2%,11.8%,18.1%,4.9%,1.8%,114.5,118.7,112.8,90.8,93.1,87.3,3.6%,61.7%,3.5%,61.1%,40.8%,40.7%,48.6%,27.5%,40.5%,52.9%,43.9%,61.4%,11.4%,20.9%,42.1%,-5,66.7%,50.8%,2.25,14.3%,6.3%,4.5,49.0%,45.3%,47.7%,49.6%,58.0%,13.2%,3.7,-2.9,0.0%,-,9.0%,67.9%,12.2%,14.1%,6.0%,4.2%,22.0%,0.5%,33.3%,-19,-15
3,Mert Naci Turker,847,836,,,,,,N/A,N/A,N/A,N/A,N/A,N/A,N/A,N/A,N/A,N/A,1.0%,52.4%,0.0%,53.1%,30.1%,36.1%,N/A,N/A,N/A,N/A,N/A,N/A,N/A,N/A,N/A,N/A,N/A,N/A,N/A,N/A,N/A,N/A,N/A,N/A,N/A,N/A,N/A,N/A,N/A,N/A,N/A,N/A,N/A,N/A,N/A,N/A,N/A,N/A,N/A,N/A,N/A,N/A,N/A
10,Kristjan Tamm,850,625,8.2%,4.3%,58.2%,71.9%,43.7%,N/A,N/A,N/A,N/A,N/A,N/A,N/A,N/A,N/A,N/A,2.2%,56.3%,2.7%,58.8%,40.0%,30.4%,N/A,N/A,N/A,N/A,N/A,N/A,N/A,N/A,N/A,N/A,N/A,N/A,N/A,N/A,N/A,N/A,N/A,N/A,N/A,N/A,N/A,N/A,N/A,N/A,N/A,N/A,N/A,N/A,N/A,N/A,N/A,N/A,N/A,N/A,N/A,N/A,N/A
14,Kuan Yi Lee,859,447,6.1%,3.0%,66.1%,69.3%,58.9%,N/A,N/A,N/A,N/A,N/A,N/A,N/A,N/A,N/A,N/A,3.4%,60.1%,4.2%,61.4%,43.6%,39.6%,N/A,N/A,N/A,N/A,N/A,N/A,N/A,N/A,N/A,N/A,N/A,N/A,N/A,N/A,N/A,N/A,N/A,N/A,N/A,N/A,N/A,N/A,N/A,N/A,N/A,N/A,N/A,N/A,N/A,N/A,N/A,N/A,N/A,N/A,N/A,N/A,N/A
3,Duck Hee Lee,862,130,4.4%,7.5%,52.4%,66.2%,48.6%,9.3%,23.2%,5.0%,2.1%,N/A,N/A,N/A,N/A,N/A,N/A,4.3%,57.9%,3.8%,56.4%,36.7%,37.8%,40.4%,36.0%,46.8%,42.3%,52.4%,31.3%,14.5%,18.4%,38.5%,26,52.5%,51.9%,2.63,43.7%,8.9%,3.7,42.9%,40.8%,51.5%,52.8%,57.9%,9.6%,-0.3,-6.9,0.0%,-,2.5%,60.0%,11.8%,13.9%,20.0%,3.3%,10.5%,0.6%,50.0%,18,22
4,Nikola Milojevic,868,125,3.9%,4.6%,59.6%,68.5%,46.7%,14.9%,20.8%,4.6%,3.2%,N/A,N/A,N/A,N/A,N/A,N/A,5.0%,59.1%,3.5%,59.5%,37.6%,40.0%,48.5%,29.0%,39.6%,48.1%,49.5%,55.9%,16.7%,29.4%,49.4%,44,78.2%,59.3%,2.02,14.3%,1.6%,4.8,53.8%,50.5%,55.6%,58.5%,47.0%,8.0%,5.6,0.0,0.0%,-,8.2%,74.1%,11.2%,12.0%,10.0%,7.4%,31.3%,1.4%,47.6%,-22,-12
1,Patrick Brady,871,728,N/A,N/A,N/A,N/A,N/A,5.2%,25.8%,3.4%,1.1%,N/A,N/A,N/A,N/A,N/A,N/A,3.7%,66.7%,0.0%,48.0%,16.7%,23.8%,45.7%,28.9%,34.2%,51.9%,50.0%,10.0%,27.3%,27.3%,25.0%,118,51.1%,34.8%,-,0.0%,6.7%,3.8,40.6%,43.8%,33.3%,37.5%,51.7%,10.1%,-9.5,-8.1,2.0%,0.0%,9.3%,44.4%,1.7%,0.0%,0.0%,2.2%,0.0%,1.4%,0.0%,-53,-52
2,Mees Rottgering,874,800,0.0%,2.9%,57.1%,57.5%,43.3%,9.2%,17.8%,6.8%,3.2%,N/A,N/A,N/A,N/A,N/A,N/A,1.0%,62.1%,2.1%,57.3%,26.4%,35.0%,52.7%,21.7%,35.0%,54.3%,16.7%,45.5%,21.7%,23.2%,50.0%,91,56.7%,46.4%,2.30,30.9%,3.8%,4.3,40.8%,53.8%,52.5%,57.1%,54.3%,11.5%,5.8,3.0,0.5%,100.0%,8.4%,74.2%,10.8%,15.4%,13.0%,7.7%,29.2%,0.5%,0.0%,-49,-54
2,Collin Altamirano,877,267,4.8%,3.6%,52.7%,69.3%,40.5%,7.4%,25.0%,,,,,,,,,5.3%,59.0%,5.1%,60.1%,35.0%,37.0%,N/A,N/A,N/A,N/A,N/A,N/A,N/A,N/A,N/A,N/A,N/A,N/A,N/A,N/A,N/A,N/A,N/A,N/A,N/A,N/A,N/A,N/A,N/A,N/A,N/A,N/A,N/A,N/A,N/A,N/A,N/A,N/A,N/A,N/A,N/A,N/A,N/A
16,Nam Hoang Ly,890,231,2.7%,2.7%,64.6%,63.8%,52.0%,N/A,N/A,N/A,N/A,N/A,N/A,N/A,N/A,N/A,N/A,3.3%,55.3%,1.4%,54.4%,36.6%,40.4%,N/A,N/A,N/A,N/A,N/A,N/A,N/A,N/A,N/A,N/A,N/A,N/A,N/A,N/A,N/A,N/A,N/A,N/A,N/A,N/A,N/A,N/A,N/A,N/A,N/A,N/A,N/A,N/A,N/A,N/A,N/A,N/A,N/A,N/A,N/A,N/A,N/A
55,Ivan Nedelko,891,235,1.0%,4.2%,51.0%,57.1%,36.2%,N/A,N/A,N/A,N/A,N/A,N/A,N/A,N/A,N/A,N/A,2.4%,57.2%,2.2%,57.5%,38.5%,38.0%,N/A,N/A,N/A,N/A,N/A,N/A,N/A,N/A,N/A,N/A,N/A,N/A,N/A,N/A,N/A,N/A,N/A,N/A,N/A,N/A,N/A,N/A,N/A,N/A,N/A,N/A,N/A,N/A,N/A,N/A,N/A,N/A,N/A,N/A,N/A,N/A,N/A
15,Mykyta Mashtakov,896,575,0.0%,1.6%,68.3%,51.2%,25.0%,N/A,N/A,N/A,N/A,N/A,N/A,N/A,N/A,N/A,N/A,0.2%,53.8%,0.0%,57.6%,43.6%,42.2%,N/A,N/A,N/A,N/A,N/A,N/A,N/A,N/A,N/A,N/A,N/A,N/A,N/A,N/A,N/A,N/A,N/A,N/A,N/A,N/A,N/A,N/A,N/A,N/A,N/A,N/A,N/A,N/A,N/A,N/A,N/A,N/A,N/A,N/A,N/A,N/A,N/A
1,Cooper Williams,914,847,N/A,N/A,N/A,N/A,N/A,11.9%,20.2%,6.1%,3.0%,N/A,N/A,N/A,N/A,N/A,N/A,N/A,N/A,N/A,N/A,N/A,N/A,30.4%,29.7%,35.1%,30.8%,57.1%,37.5%,4.8%,9.5%,30.0%,-70,63.3%,51.6%,-,19.2%,38.9%,4.9,39.3%,41.2%,46.2%,42.9%,46.1%,16.3%,4.2,-6.4,0.0%,-,5.4%,33.3%,11.3%,10.7%,0.0%,3.6%,18.2%,0.4%,100.0%,-98,-95
23,Thomas Fancutt,930,382,8.5%,1.7%,57.6%,67.6%,60.0%,N/A,N/A,N/A,N/A,N/A,N/A,N/A,N/A,N/A,N/A,6.8%,63.0%,3.8%,64.8%,36.7%,35.0%,N/A,N/A,N/A,N/A,N/A,N/A,N/A,N/A,N/A,N/A,N/A,N/A,N/A,N/A,N/A,N/A,N/A,N/A,N/A,N/A,N/A,N/A,N/A,N/A,N/A,N/A,N/A,N/A,N/A,N/A,N/A,N/A,N/A,N/A,N/A,N/A,N/A
228,Dominic Thiem,934,3,7.2%,3.5%,60.5%,73.5%,53.1%,16.6%,16.9%,8.1%,3.7%,113.0,121.0,107.2,94.6,98.4,95.3,7.6%,65.6%,5.3%,64.6%,37.9%,38.0%,53.3%,34.8%,50.1%,57.0%,48.6%,53.2%,16.4%,25.4%,48.0%,47,69.5%,48.2%,2.25,18.3%,4.9%,4.2,49.8%,52.2%,49.7%,51.3%,53.1%,33.7%,6.1,0.3,2.3%,71.0%,9.4%,71.5%,14.5%,19.0%,11.0%,9.9%,31.1%,1.5%,34.2%,-18,-9
1,Thai Son Kwiatkowski,938,181,7.7%,5.0%,60.0%,66.7%,47.7%,11.8%,12.7%,6.2%,2.2%,N/A,N/A,N/A,N/A,N/A,N/A,6.5%,62.1%,7.0%,61.4%,36.6%,37.0%,74.1%,47.5%,61.0%,77.4%,57.7%,39.4%,17.9%,25.0%,69.6%,59,66.2%,42.0%,2.08,13.3%,1.9%,3.6,52.9%,55.8%,36.8%,50.0%,63.7%,44.5%,8.1,2.9,4.8%,100.0%,5.8%,84.6%,11.9%,16.7%,40.0%,17.9%,20.0%,0.0%,-,-125,-65
1,Illia Biloborodko,897,652,2.8%,8.3%,44.4%,56.3%,20.0%,N/A,N/A,N/A,N/A,N/A,N/A,N/A,N/A,N/A,N/A,4.3%,59.6%,2.3%,58.1%,45.5%,45.2%,N/A,N/A,N/A,N/A,N/A,N/A,N/A,N/A,N/A,N/A,N/A,N/A,N/A,N/A,N/A,N/A,N/A,N/A,N/A,N/A,N/A,N/A,N/A,N/A,N/A,N/A,N/A,N/A,N/A,N/A,N/A,N/A,N/A,N/A,N/A,N/A,N/A
1,Daniil Ostapenkov,980,840,1.7%,8.0%,52.3%,59.3%,34.9%,22.6%,30.7%,13.7%,8.1%,N/A,N/A,N/A,N/A,N/A,N/A,5.1%,48.7%,2.6%,60.5%,50.0%,57.1%,47.2%,33.3%,53.8%,46.2%,66.7%,66.7%,12.9%,19.4%,48.1%,-2,76.7%,63.0%,1.98,26.9%,0.0%,4.5,59.5%,46.2%,56.3%,37.5%,45.8%,6.1%,5.0,2.9,1.4%,100.0%,7.3%,90.0%,13.1%,15.6%,100.0%,7.0%,21.1%,2.6%,42.9%,111,104
1,Patrick Kaukovalta,984,767,18.3%,0.0%,60.0%,75.0%,50.0%,15.9%,8.4%,6.4%,,N/A,N/A,N/A,N/A,N/A,N/A,16.1%,74.2%,17.2%,55.2%,8.0%,4.5%,38.2%,61.1%,75.0%,35.7%,50.0%,55.6%,16.7%,29.2%,40.0%,-79,23.4%,18.2%,2.18,0.0%,16.7%,2.1,41.4%,27.8%,50.0%,-,47.5%,47.6%,-25.0,-40.9,60.0%,63.3%,31.8%,58.8%,9.1%,0.0%,0.0%,0.0%,0.0%,2.5%,0.0%,30,51
1,Aldin Setkic,986,165,4.3%,6.5%,65.1%,55.6%,46.9%,20.9%,18.0%,8.7%,3.9%,N/A,N/A,N/A,N/A,N/A,N/A,6.5%,60.5%,6.3%,59.3%,33.4%,34.8%,44.1%,56.3%,68.8%,57.1%,56.5%,48.0%,23.5%,29.4%,23.1%,65,50.7%,41.2%,2.37,42.9%,7.4%,2.7,48.6%,45.0%,50.0%,16.7%,40.6%,22.8%,7.3,-9.8,1.7%,0.0%,8.6%,66.7%,25.7%,33.3%,0.0%,4.9%,0.0%,0.8%,0.0%,60,121
1,Isaac Becroft,997,845,1.9%,3.8%,66.0%,62.9%,55.6%,N/A,N/A,N/A,N/A,N/A,N/A,N/A,N/A,N/A,N/A,0.0%,55.0%,0.0%,36.8%,25.0%,32.0%,N/A,N/A,N/A,N/A,N/A,N/A,N/A,N/A,N/A,N/A,N/A,N/A,N/A,N/A,N/A,N/A,N/A,N/A,N/A,N/A,N/A,N/A,N/A,N/A,N/A,N/A,N/A,N/A,N/A,N/A,N/A,N/A,N/A,N/A,N/A,N/A,N/A
4,Blaise Bicknell,998,306,3.6%,5.4%,64.9%,68.2%,51.5%,N/A,N/A,N/A,N/A,N/A,N/A,N/A,N/A,N/A,N/A,0.0%,53.1%,0.0%,43.3%,20.0%,30.0%,N/A,N/A,N/A,N/A,N/A,N/A,N/A,N/A,N/A,N/A,N/A,N/A,N/A,N/A,N/A,N/A,N/A,N/A,N/A,N/A,N/A,N/A,N/A,N/A,N/A,N/A,N/A,N/A,N/A,N/A,N/A,N/A,N/A,N/A,N/A,N/A,N/A
1,Dylan Dietrich,1005,971,N/A,N/A,N/A,N/A,N/A,29.6%,30.6%,14.0%,8.6%,N/A,N/A,N/A,N/A,N/A,N/A,23.1%,69.2%,13.6%,81.8%,41.9%,44.8%,65.4%,51.9%,63.0%,53.8%,72.7%,50.0%,27.8%,38.9%,76.9%,137,76.7%,52.2%,-,7.7%,0.0%,3.7,53.3%,65.5%,46.7%,100.0%,51.6%,6.8%,12.2,-6.1,0.0%,-,8.3%,88.9%,27.6%,43.8%,50.0%,6.6%,42.9%,1.1%,50.0%,108,162
14,Adrian Bodmer,1030,455,5.0%,3.0%,54.5%,67.0%,53.8%,N/A,N/A,N/A,N/A,N/A,N/A,N/A,N/A,N/A,N/A,4.7%,54.0%,3.4%,57.6%,39.5%,36.2%,N/A,N/A,N/A,N/A,N/A,N/A,N/A,N/A,N/A,N/A,N/A,N/A,N/A,N/A,N/A,N/A,N/A,N/A,N/A,N/A,N/A,N/A,N/A,N/A,N/A,N/A,N/A,N/A,N/A,N/A,N/A,N/A,N/A,N/A,N/A,N/A,N/A
5,Antoine Hoang,1010,98,3.4%,5.2%,67.4%,64.2%,47.1%,15.9%,19.2%,4.6%,4.9%,110.7,110.2,109.7,96.8,93.3,91.3,3.3%,62.5%,3.3%,60.9%,40.1%,41.3%,40.1%,32.0%,41.3%,36.8%,50.6%,37.6%,16.7%,19.4%,46.7%,41,64.8%,48.4%,2.42,26.5%,1.3%,3.6,47.6%,39.2%,56.6%,37.5%,59.3%,6.7%,-7.7,1.5,0.4%,0.0%,12.8%,69.8%,8.1%,12.5%,10.5%,14.9%,26.8%,1.4%,40.0%,98,81
14,Vishnu Vardhan,1032,262,9.1%,4.8%,59.1%,71.8%,36.8%,N/A,N/A,N/A,N/A,N/A,N/A,N/A,N/A,N/A,N/A,9.4%,59.3%,9.1%,59.9%,28.0%,25.5%,N/A,N/A,N/A,N/A,N/A,N/A,N/A,N/A,N/A,N/A,N/A,N/A,N/A,N/A,N/A,N/A,N/A,N/A,N/A,N/A,N/A,N/A,N/A,N/A,N/A,N/A,N/A,N/A,N/A,N/A,N/A,N/A,N/A,N/A,N/A,N/A,N/A
1,Fitriadi M Rifqi,1037,530,6.7%,3.8%,62.5%,75.4%,64.1%,13.8%,3.2%,9.9%,4.4%,N/A,N/A,N/A,N/A,N/A,N/A,N/A,N/A,N/A,N/A,N/A,N/A,60.0%,19.4%,19.4%,65.5%,66.7%,52.4%,0.0%,9.1%,45.5%,-118,87.2%,61.0%,2.38,13.8%,0.0%,6.4,54.8%,62.5%,76.5%,59.1%,65.1%,30.7%,12.7,1.7,2.1%,100.0%,10.6%,70.0%,8.1%,15.8%,0.0%,6.4%,20.0%,0.0%,-,-173,-162
2,Demetris Azoides,1039,946,,,,,,N/A,N/A,N/A,N/A,N/A,N/A,N/A,N/A,N/A,N/A,0.0%,57.9%,0.0%,54.8%,36.4%,35.6%,N/A,N/A,N/A,N/A,N/A,N/A,N/A,N/A,N/A,N/A,N/A,N/A,N/A,N/A,N/A,N/A,N/A,N/A,N/A,N/A,N/A,N/A,N/A,N/A,N/A,N/A,N/A,N/A,N/A,N/A,N/A,N/A,N/A,N/A,N/A,N/A,N/A
21,Tennys Sandgren,740,41,10.2%,3.2%,60.9%,73.1%,48.4%,13.4%,14.5%,3.9%,2.2%,114.3,119.4,109.6,92.9,97.2,95.6,9.0%,65.1%,6.4%,62.6%,38.1%,38.0%,51.0%,39.6%,50.0%,54.3%,56.8%,51.1%,17.6%,22.1%,46.3%,34,67.2%,45.8%,2.26,38.1%,3.9%,4.2,50.5%,50.4%,48.8%,46.1%,53.2%,22.6%,3.4,1.1,0.8%,71.4%,10.5%,68.2%,10.2%,16.0%,7.9%,8.2%,25.8%,0.8%,18.5%,-50,-23
2,Justin Barki,1050,657,6.5%,3.7%,60.7%,75.4%,45.2%,N/A,N/A,N/A,N/A,N/A,N/A,N/A,N/A,N/A,N/A,3.1%,59.4%,1.8%,57.9%,28.1%,25.0%,N/A,N/A,N/A,N/A,N/A,N/A,N/A,N/A,N/A,N/A,N/A,N/A,N/A,N/A,N/A,N/A,N/A,N/A,N/A,N/A,N/A,N/A,N/A,N/A,N/A,N/A,N/A,N/A,N/A,N/A,N/A,N/A,N/A,N/A,N/A,N/A,N/A
1,Evan Furness,1061,197,1.4%,4.3%,53.6%,71.6%,43.8%,14.9%,9.0%,8.3%,4.1%,N/A,N/A,N/A,N/A,N/A,N/A,2.6%,60.5%,3.0%,58.7%,39.3%,41.0%,50.0%,53.7%,58.5%,63.2%,27.8%,34.8%,31.6%,36.8%,30.8%,-3,68.5%,56.0%,2.67,47.4%,11.8%,3.4,60.2%,60.0%,22.2%,57.1%,67.0%,50.8%,13.4,16.0,0.0%,-,6.0%,87.5%,18.6%,28.0%,0.0%,23.5%,33.3%,1.1%,50.0%,-55,-3
42,Yunseong Chung,975,233,6.5%,0.6%,66.9%,66.0%,49.0%,N/A,N/A,N/A,N/A,N/A,N/A,N/A,N/A,N/A,N/A,4.6%,61.7%,4.3%,61.4%,38.2%,39.5%,N/A,N/A,N/A,N/A,N/A,N/A,N/A,N/A,N/A,N/A,N/A,N/A,N/A,N/A,N/A,N/A,N/A,N/A,N/A,N/A,N/A,N/A,N/A,N/A,N/A,N/A,N/A,N/A,N/A,N/A,N/A,N/A,N/A,N/A,N/A,N/A,N/A
10,Ignacio Carou,1083,581,0.0%,8.9%,60.7%,55.9%,27.3%,N/A,N/A,N/A,N/A,N/A,N/A,N/A,N/A,N/A,N/A,0.3%,47.4%,0.0%,50.3%,40.6%,43.7%,N/A,N/A,N/A,N/A,N/A,N/A,N/A,N/A,N/A,N/A,N/A,N/A,N/A,N/A,N/A,N/A,N/A,N/A,N/A,N/A,N/A,N/A,N/A,N/A,N/A,N/A,N/A,N/A,N/A,N/A,N/A,N/A,N/A,N/A,N/A,N/A,N/A
9,Gabriel Donev,1088,782,,,,,,N/A,N/A,N/A,N/A,N/A,N/A,N/A,N/A,N/A,N/A,2.1%,54.4%,0.0%,54.2%,41.3%,40.7%,N/A,N/A,N/A,N/A,N/A,N/A,N/A,N/A,N/A,N/A,N/A,N/A,N/A,N/A,N/A,N/A,N/A,N/A,N/A,N/A,N/A,N/A,N/A,N/A,N/A,N/A,N/A,N/A,N/A,N/A,N/A,N/A,N/A,N/A,N/A,N/A,N/A
17,Ricardo Rodriguez,1100,282,3.0%,2.6%,66.4%,67.2%,48.3%,N/A,N/A,N/A,N/A,N/A,N/A,N/A,N/A,N/A,N/A,3.1%,59.4%,1.0%,58.0%,34.2%,36.8%,N/A,N/A,N/A,N/A,N/A,N/A,N/A,N/A,N/A,N/A,N/A,N/A,N/A,N/A,N/A,N/A,N/A,N/A,N/A,N/A,N/A,N/A,N/A,N/A,N/A,N/A,N/A,N/A,N/A,N/A,N/A,N/A,N/A,N/A,N/A,N/A,N/A
1,Mate Valkusz,1107,204,2.9%,4.7%,65.2%,64.6%,47.0%,13.5%,18.7%,9.9%,2.6%,N/A,N/A,N/A,N/A,N/A,N/A,1.7%,55.7%,2.1%,58.5%,42.3%,43.8%,52.2%,32.2%,52.5%,55.0%,59.4%,70.4%,22.9%,42.9%,48.1%,65,48.8%,47.6%,1.96,5.3%,6.7%,2.7,41.2%,46.7%,66.7%,55.6%,51.9%,12.5%,-0.6,5.4,3.0%,100.0%,7.3%,92.9%,15.2%,13.3%,25.0%,14.0%,0.0%,2.7%,80.0%,80,85
7,Henri Laaksonen,1110,84,7.1%,4.7%,58.8%,70.4%,48.6%,15.8%,19.1%,6.6%,1.5%,113.7,118.2,109.4,88.0,95.9,94.6,6.8%,62.5%,5.3%,61.1%,38.7%,38.9%,44.6%,31.6%,42.3%,48.8%,43.4%,52.3%,17.6%,25.2%,37.8%,-42,63.6%,52.5%,2.28,19.4%,4.2%,4.3,49.1%,46.6%,57.6%,42.0%,56.3%,42.5%,-0.7,1.1,0.3%,0.0%,7.7%,66.7%,12.6%,17.3%,9.7%,8.6%,28.3%,1.2%,53.3%,26,8
3,Luke Saville,1119,152,5.7%,5.1%,60.3%,64.7%,49.6%,13.1%,17.8%,6.1%,2.2%,115.0,,,100.3,,,7.0%,60.9%,4.3%,58.7%,33.5%,36.4%,46.2%,51.2%,65.1%,52.4%,50.0%,37.0%,19.0%,27.0%,41.2%,49,63.9%,43.5%,2.40,24.4%,6.5%,3.6,50.8%,47.5%,44.8%,27.3%,54.2%,34.3%,0.2,-4.7,13.5%,65.0%,19.7%,63.9%,11.5%,13.6%,0.0%,3.1%,10.0%,0.0%,-,18,74
7,Jirat Navasirisomboon,1137,816,2.2%,4.4%,69.3%,64.6%,49.7%,N/A,N/A,N/A,N/A,N/A,N/A,N/A,N/A,N/A,N/A,0.0%,39.7%,2.8%,57.5%,35.5%,17.5%,N/A,N/A,N/A,N/A,N/A,N/A,N/A,N/A,N/A,N/A,N/A,N/A,N/A,N/A,N/A,N/A,N/A,N/A,N/A,N/A,N/A,N/A,N/A,N/A,N/A,N/A,N/A,N/A,N/A,N/A,N/A,N/A,N/A,N/A,N/A,N/A,N/A
1,Makoto Ochi,1160,343,N/A,N/A,N/A,N/A,N/A,11.7%,21.4%,5.4%,5.4%,N/A,N/A,N/A,N/A,N/A,N/A,1.1%,59.3%,1.5%,58.6%,38.1%,41.3%,38.8%,36.1%,61.1%,47.8%,20.0%,87.5%,13.3%,16.7%,30.8%,15,26.5%,22.2%,2.37,56.5%,85.7%,2.4,38.8%,21.4%,66.7%,0.0%,57.1%,15.2%,-10.0,0.0,0.0%,-,5.8%,66.7%,20.0%,0.0%,0.0%,20.0%,0.0%,2.6%,50.0%,224,111
29,Artem Dubrivnyy,1174,394,2.9%,1.5%,63.2%,46.5%,48.0%,N/A,N/A,N/A,N/A,N/A,N/A,N/A,N/A,N/A,N/A,2.8%,61.6%,0.8%,59.9%,41.0%,40.7%,N/A,N/A,N/A,N/A,N/A,N/A,N/A,N/A,N/A,N/A,N/A,N/A,N/A,N/A,N/A,N/A,N/A,N/A,N/A,N/A,N/A,N/A,N/A,N/A,N/A,N/A,N/A,N/A,N/A,N/A,N/A,N/A,N/A,N/A,N/A,N/A,N/A
2,Yassine Dlimi,1181,548,0.0%,9.9%,56.8%,67.4%,50.0%,N/A,N/A,N/A,N/A,N/A,N/A,N/A,N/A,N/A,N/A,0.0%,50.0%,0.0%,44.4%,43.3%,33.3%,N/A,N/A,N/A,N/A,N/A,N/A,N/A,N/A,N/A,N/A,N/A,N/A,N/A,N/A,N/A,N/A,N/A,N/A,N/A,N/A,N/A,N/A,N/A,N/A,N/A,N/A,N/A,N/A,N/A,N/A,N/A,N/A,N/A,N/A,N/A,N/A,N/A
1,Younes Lalami Laaroussi,1196,915,2.9%,8.7%,60.1%,63.5%,31.9%,13.5%,21.9%,9.6%,2.4%,N/A,N/A,N/A,N/A,N/A,N/A,0.9%,52.7%,1.0%,48.6%,31.3%,36.9%,36.4%,39.3%,57.1%,35.3%,40.0%,55.6%,15.8%,26.3%,37.5%,19,63.6%,42.9%,2.07,0.0%,12.5%,2.9,42.2%,45.8%,25.0%,-,53.9%,9.8%,-22.7,-8.3,22.0%,45.5%,20.8%,55.0%,7.1%,0.0%,25.0%,13.6%,33.3%,3.4%,66.7%,53,79
56,Robin Haase,1208,33,8.1%,3.4%,59.4%,71.9%,49.5%,15.9%,14.8%,7.4%,3.4%,115.3,120.2,113.1,94.8,101.4,96.6,7.5%,63.7%,5.5%,62.4%,36.6%,36.8%,51.3%,38.3%,51.6%,55.2%,45.4%,51.8%,16.5%,25.5%,46.8%,45,69.5%,44.6%,2.20,29.8%,5.5%,4.1,50.5%,47.1%,45.9%,47.1%,53.7%,35.9%,5.5,-3.9,4.0%,66.9%,10.6%,71.8%,12.4%,15.5%,12.2%,8.3%,25.6%,2.4%,30.9%,-46,-20
13,Teymuraz Gabashvili,1211,43,5.7%,5.0%,57.3%,70.1%,48.4%,16.2%,18.4%,9.3%,3.9%,110.4,,,89.1,,,4.8%,62.4%,4.1%,61.1%,38.1%,39.6%,51.2%,29.3%,42.1%,52.5%,47.8%,39.8%,16.9%,23.4%,49.7%,49,68.9%,49.2%,2.26,17.9%,4.2%,4.2,46.3%,52.4%,48.9%,49.1%,47.4%,10.3%,5.5,-2.3,0.1%,100.0%,9.8%,66.5%,13.9%,19.5%,12.0%,6.6%,20.0%,0.4%,54.5%,-6,-11
6,Alberto Lim,1214,1123,5.6%,5.9%,62.1%,64.4%,54.2%,N/A,N/A,N/A,N/A,N/A,N/A,N/A,N/A,N/A,N/A,5.7%,71.4%,3.4%,65.5%,20.6%,25.8%,N/A,N/A,N/A,N/A,N/A,N/A,N/A,N/A,N/A,N/A,N/A,N/A,N/A,N/A,N/A,N/A,N/A,N/A,N/A,N/A,N/A,N/A,N/A,N/A,N/A,N/A,N/A,N/A,N/A,N/A,N/A,N/A,N/A,N/A,N/A,N/A,N/A
1,Gabriel Decamps,1217,262,N/A,N/A,N/A,N/A,N/A,12.8%,14.7%,2.3%,4.5%,N/A,N/A,N/A,N/A,N/A,N/A,10.0%,50.0%,6.3%,60.9%,36.7%,38.0%,47.1%,37.7%,49.1%,45.5%,42.3%,33.3%,14.3%,19.0%,50.0%,14,59.0%,54.3%,2.09,57.6%,3.6%,4.3,44.0%,45.2%,59.1%,47.4%,47.3%,15.9%,-0.9,6.3,0.0%,-,10.9%,58.8%,5.9%,11.1%,0.0%,12.5%,30.0%,0.4%,0.0%,-96,-46
1,Kacper Zuk,1221,162,5.9%,3.9%,61.2%,70.3%,45.3%,20.0%,12.8%,12.2%,5.2%,N/A,N/A,N/A,N/A,N/A,N/A,3.8%,63.3%,2.1%,63.3%,41.6%,46.8%,57.1%,28.6%,40.0%,56.0%,23.5%,72.2%,19.0%,33.3%,58.8%,58,73.8%,60.4%,2.49,16.0%,0.0%,3.8,51.4%,54.5%,58.3%,75.0%,50.8%,19.1%,17.3,3.6,1.8%,100.0%,14.4%,88.9%,22.1%,26.1%,12.5%,7.3%,28.6%,2.2%,75.0%,15,13
6,Cedrik Marcel Stebe,1250,71,4.8%,3.8%,61.5%,65.0%,46.8%,12.0%,19.0%,4.1%,1.5%,107.9,112.3,110.6,88.3,88.0,92.0,2.6%,57.4%,3.1%,59.6%,40.1%,40.8%,47.5%,20.9%,33.3%,49.2%,41.1%,55.1%,11.8%,17.3%,44.6%,2,72.3%,46.6%,2.24,14.1%,3.4%,5.5,46.3%,49.7%,37.5%,51.2%,53.4%,11.2%,1.5,-0.9,0.5%,100.0%,11.4%,59.5%,8.7%,11.1%,5.8%,4.2%,9.1%,1.0%,33.3%,-59,-61
1,Arklon Huertas Del Pino,1257,453,,,,,,6.0%,13.7%,2.8%,2.8%,N/A,N/A,N/A,N/A,N/A,N/A,3.6%,52.5%,3.1%,50.0%,37.3%,43.3%,48.0%,21.6%,29.7%,58.6%,40.0%,35.3%,8.0%,8.0%,41.3%,-49,88.4%,46.4%,2.25,0.0%,3.6%,5.6,58.7%,32.0%,52.0%,48.5%,43.7%,52.4%,1.6,-3.5,0.0%,-,9.8%,55.6%,2.6%,0.0%,0.0%,5.0%,15.0%,3.4%,21.4%,-139,-138
23,Vasek Pospisil,1258,25,11.7%,4.3%,58.2%,76.1%,50.1%,18.5%,17.2%,8.7%,2.7%,120.2,123.1,116.0,100.7,104.7,96.0,10.0%,66.6%,9.1%,64.8%,33.9%,34.3%,51.6%,46.3%,63.0%,57.1%,42.3%,48.6%,21.8%,31.1%,45.9%,62,56.1%,49.6%,2.13,29.7%,7.5%,3.3,49.8%,49.8%,48.6%,46.2%,56.4%,32.4%,4.3,-4.4,10.5%,80.0%,14.6%,71.2%,17.1%,24.3%,9.3%,4.7%,20.0%,0.9%,40.5%,50,64
4,Thomas Yaka Kofi Setodji,1260,794,8.6%,4.1%,63.6%,77.1%,47.5%,N/A,N/A,N/A,N/A,N/A,N/A,N/A,N/A,N/A,N/A,0.0%,63.0%,0.0%,57.8%,36.1%,23.5%,N/A,N/A,N/A,N/A,N/A,N/A,N/A,N/A,N/A,N/A,N/A,N/A,N/A,N/A,N/A,N/A,N/A,N/A,N/A,N/A,N/A,N/A,N/A,N/A,N/A,N/A,N/A,N/A,N/A,N/A,N/A,N/A,N/A,N/A,N/A,N/A,N/A
46,Karim Mohamed Maamoun,1283,225,2.8%,6.3%,57.7%,61.7%,41.8%,13.4%,24.6%,8.9%,4.1%,N/A,N/A,N/A,N/A,N/A,N/A,2.7%,60.3%,3.0%,60.8%,39.9%,40.4%,51.2%,24.2%,37.4%,54.6%,39.4%,45.4%,12.9%,19.4%,45.9%,8,67.4%,49.7%,1.97,12.6%,3.3%,4.4,46.9%,48.8%,54.3%,48.7%,48.6%,14.9%,4.2,-2.4,0.2%,83.3%,6.7%,60.5%,13.1%,14.7%,6.9%,5.7%,28.0%,2.2%,37.7%,-9,-10
4,Fred Simonsson,1289,633,3.7%,9.3%,51.4%,63.6%,46.2%,N/A,N/A,N/A,N/A,N/A,N/A,N/A,N/A,N/A,N/A,3.6%,60.9%,1.6%,56.0%,37.3%,29.9%,N/A,N/A,N/A,N/A,N/A,N/A,N/A,N/A,N/A,N/A,N/A,N/A,N/A,N/A,N/A,N/A,N/A,N/A,N/A,N/A,N/A,N/A,N/A,N/A,N/A,N/A,N/A,N/A,N/A,N/A,N/A,N/A,N/A,N/A,N/A,N/A,N/A
2,Alexander Zgirovsky,1290,588,1.9%,3.7%,72.2%,43.6%,46.7%,N/A,N/A,N/A,N/A,N/A,N/A,N/A,N/A,N/A,N/A,2.8%,49.3%,1.5%,51.5%,41.9%,39.4%,N/A,N/A,N/A,N/A,N/A,N/A,N/A,N/A,N/A,N/A,N/A,N/A,N/A,N/A,N/A,N/A,N/A,N/A,N/A,N/A,N/A,N/A,N/A,N/A,N/A,N/A,N/A,N/A,N/A,N/A,N/A,N/A,N/A,N/A,N/A,N/A,N/A
1,Jonathan Eysseric,1311,202,2.3%,7.1%,51.0%,65.6%,38.2%,N/A,N/A,N/A,N/A,N/A,N/A,N/A,N/A,N/A,N/A,5.1%,56.4%,5.3%,57.5%,36.3%,36.8%,64.3%,25.6%,51.3%,72.4%,13.3%,70.8%,15.6%,15.6%,55.6%,39,74.4%,41.0%,2.39,46.4%,0.0%,5.0,44.9%,52.6%,52.6%,52.4%,47.6%,18.5%,0.4,-3.6,4.3%,33.3%,17.3%,77.8%,6.9%,16.7%,0.0%,6.3%,11.8%,0.3%,0.0%,-22,-26
1,Lucas Miedler,1313,201,5.3%,0.7%,64.2%,64.9%,54.6%,5.4%,18.9%,3.0%,,N/A,N/A,N/A,N/A,N/A,N/A,4.3%,61.4%,5.4%,61.2%,35.9%,37.5%,24.0%,28.6%,35.7%,25.0%,43.8%,58.3%,16.7%,16.7%,20.0%,4,70.3%,34.6%,2.08,10.0%,10.0%,4.7,34.9%,40.0%,20.0%,27.3%,47.5%,71.2%,-11.8,-5.3,8.6%,33.3%,12.2%,22.2%,4.4%,7.7%,50.0%,6.7%,0.0%,0.7%,0.0%,-105,-68
2,Lucas Catarina,1316,341,2.5%,6.5%,55.1%,61.3%,44.3%,11.4%,24.3%,7.0%,3.7%,N/A,N/A,N/A,N/A,N/A,N/A,2.5%,60.1%,2.2%,58.8%,39.1%,39.3%,51.2%,26.9%,38.7%,52.9%,62.5%,60.4%,11.9%,14.9%,49.2%,-1,80.3%,38.9%,2.32,0.0%,1.9%,5.6,50.3%,47.1%,37.0%,41.7%,48.9%,8.5%,4.6,-1.6,0.0%,-,10.2%,51.5%,10.9%,17.3%,14.3%,4.3%,15.4%,1.4%,18.2%,-55,-43
1,Aleksandre Metreveli,1318,264,4.1%,5.1%,55.7%,60.9%,45.1%,13.1%,21.6%,9.3%,2.7%,N/A,N/A,N/A,N/A,N/A,N/A,4.7%,56.1%,1.0%,53.6%,27.2%,30.1%,51.3%,22.0%,46.0%,56.4%,40.9%,53.6%,17.8%,24.4%,45.9%,58,55.3%,40.5%,2.33,23.1%,12.5%,3.6,39.6%,45.7%,50.0%,50.0%,52.4%,20.9%,9.0,3.1,10.5%,70.0%,16.5%,69.0%,16.3%,15.4%,33.3%,12.1%,66.7%,2.6%,0.0%,58,12
1,Carlos Gimeno Valero,1321,259,0.0%,2.4%,80.5%,51.5%,37.5%,8.9%,27.8%,8.1%,1.4%,N/A,N/A,N/A,N/A,N/A,N/A,0.0%,52.2%,0.0%,44.4%,13.6%,18.8%,45.9%,6.1%,9.1%,48.4%,0.0%,35.3%,14.3%,14.3%,33.3%,19,73.7%,21.4%,2.57,0.0%,16.7%,5.9,18.2%,43.8%,42.9%,43.8%,62.5%,6.4%,-2.8,-6.3,0.0%,-,7.6%,16.7%,8.3%,9.1%,11.1%,1.6%,0.0%,0.5%,100.0%,-70,-86
1,Petros Tsitsipas,1323,727,5.6%,4.4%,57.1%,62.5%,49.1%,17.7%,16.7%,12.5%,3.8%,N/A,N/A,N/A,N/A,N/A,N/A,2.9%,58.9%,1.3%,57.9%,26.9%,29.5%,47.2%,25.0%,50.0%,51.9%,46.7%,52.4%,25.0%,41.7%,33.3%,88,40.9%,38.9%,2.35,13.0%,7.1%,2.7,40.5%,38.5%,33.3%,0.0%,61.4%,28.1%,0.0,-13.0,14.3%,71.4%,16.7%,75.0%,18.4%,40.0%,0.0%,6.7%,0.0%,7.2%,66.7%,100,58
2,Gleb Sakharov,1331,153,7.2%,3.4%,60.0%,70.4%,40.6%,15.4%,22.2%,7.5%,4.7%,N/A,N/A,N/A,N/A,N/A,N/A,5.2%,60.9%,6.2%,60.8%,36.8%,36.0%,54.2%,24.7%,40.3%,53.4%,60.0%,40.5%,16.7%,23.3%,56.0%,-30,74.4%,34.5%,2.41,27.6%,1.9%,4.3,43.0%,44.1%,56.0%,50.0%,53.1%,15.2%,4.3,-5.3,1.0%,0.0%,6.7%,80.0%,14.8%,26.0%,11.8%,6.5%,45.5%,0.7%,33.3%,18,1
2,Mousa Alkotop,1364,1111,,,,,,N/A,N/A,N/A,N/A,N/A,N/A,N/A,N/A,N/A,N/A,0.0%,54.2%,0.0%,53.2%,38.2%,38.1%,N/A,N/A,N/A,N/A,N/A,N/A,N/A,N/A,N/A,N/A,N/A,N/A,N/A,N/A,N/A,N/A,N/A,N/A,N/A,N/A,N/A,N/A,N/A,N/A,N/A,N/A,N/A,N/A,N/A,N/A,N/A,N/A,N/A,N/A,N/A,N/A,N/A
15,Markos Kalovelonis,1384,445,,,,,,N/A,N/A,N/A,N/A,N/A,N/A,N/A,N/A,N/A,N/A,4.3%,60.1%,2.6%,57.6%,35.5%,36.3%,N/A,N/A,N/A,N/A,N/A,N/A,N/A,N/A,N/A,N/A,N/A,N/A,N/A,N/A,N/A,N/A,N/A,N/A,N/A,N/A,N/A,N/A,N/A,N/A,N/A,N/A,N/A,N/A,N/A,N/A,N/A,N/A,N/A,N/A,N/A,N/A,N/A
3,Emilio Gomez,1428,90,4.6%,3.5%,61.5%,69.4%,45.1%,12.7%,13.5%,5.6%,0.7%,N/A,N/A,N/A,N/A,N/A,N/A,4.4%,60.5%,3.4%,59.5%,36.9%,37.6%,49.5%,34.5%,45.8%,60.0%,48.1%,47.2%,27.7%,31.5%,37.2%,19,62.7%,41.0%,2.31,15.7%,14.0%,3.8,49.5%,41.1%,47.7%,45.2%,55.3%,18.2%,8.8,0.3,0.0%,-,6.7%,64.1%,15.5%,24.4%,11.1%,4.6%,12.5%,0.2%,0.0%,-52,-36
1,Osgar Ohoisin,1429,732,20.4%,7.4%,53.7%,82.8%,48.0%,N/A,N/A,N/A,N/A,N/A,N/A,N/A,N/A,N/A,N/A,0.0%,73.7%,0.0%,52.8%,22.6%,19.2%,N/A,N/A,N/A,N/A,N/A,N/A,N/A,N/A,N/A,N/A,N/A,N/A,N/A,N/A,N/A,N/A,N/A,N/A,N/A,N/A,N/A,N/A,N/A,N/A,N/A,N/A,N/A,N/A,N/A,N/A,N/A,N/A,N/A,N/A,N/A,N/A,N/A
1,Martins Rocens,1445,1318,9.8%,24.4%,53.7%,68.2%,15.8%,N/A,N/A,N/A,N/A,N/A,N/A,N/A,N/A,N/A,N/A,0.0%,63.0%,0.0%,44.0%,25.0%,36.0%,N/A,N/A,N/A,N/A,N/A,N/A,N/A,N/A,N/A,N/A,N/A,N/A,N/A,N/A,N/A,N/A,N/A,N/A,N/A,N/A,N/A,N/A,N/A,N/A,N/A,N/A,N/A,N/A,N/A,N/A,N/A,N/A,N/A,N/A,N/A,N/A,N/A
1,Sekou Bangoura,1445,213,8.3%,10.0%,66.7%,85.0%,50.0%,16.3%,17.1%,5.5%,2.8%,N/A,N/A,N/A,N/A,N/A,N/A,3.7%,62.1%,3.8%,61.8%,39.5%,37.4%,46.2%,35.1%,51.4%,54.2%,56.3%,23.8%,37.5%,45.8%,33.3%,37,68.3%,29.3%,2.49,13.6%,10.0%,3.2,48.3%,23.8%,50.0%,20.0%,50.3%,6.9%,-3.9,-3.8,3.5%,50.0%,7.3%,33.3%,15.8%,0.0%,0.0%,5.1%,33.3%,0.0%,-,-5,-9
1,Evan King,1471,185,1.8%,3.5%,62.9%,63.5%,55.1%,5.8%,13.8%,4.2%,1.6%,N/A,N/A,N/A,N/A,N/A,N/A,4.0%,60.8%,4.4%,60.6%,33.3%,35.2%,56.3%,31.7%,43.3%,58.5%,54.2%,44.4%,11.4%,15.9%,53.8%,-13,46.6%,40.0%,2.27,46.3%,3.8%,3.2,46.2%,48.1%,66.7%,66.7%,65.3%,33.7%,2.7,2.5,1.0%,0.0%,7.1%,75.0%,11.9%,9.3%,7.4%,17.9%,20.0%,0.4%,0.0%,5,-6
2,Johan Sebastien Tatlot,1471,226,N/A,N/A,N/A,N/A,N/A,8.8%,28.3%,6.3%,1.9%,N/A,N/A,N/A,N/A,N/A,N/A,3.1%,55.7%,4.8%,55.0%,41.0%,40.1%,44.6%,26.2%,33.3%,50.0%,48.8%,67.4%,18.8%,22.9%,35.9%,44,69.4%,45.9%,2.15,9.7%,1.7%,4.5,46.3%,49.2%,41.9%,38.1%,57.0%,9.5%,1.0,-8.7,0.0%,-,4.9%,53.3%,8.7%,18.6%,0.0%,2.3%,8.7%,0.3%,0.0%,-41,-18
26,Skander Mansouri,1471,238,5.6%,5.6%,64.0%,68.4%,39.1%,N/A,N/A,N/A,N/A,N/A,N/A,N/A,N/A,N/A,N/A,10.4%,61.7%,7.9%,62.9%,40.1%,39.0%,N/A,N/A,N/A,N/A,N/A,N/A,N/A,N/A,N/A,N/A,N/A,N/A,N/A,N/A,N/A,N/A,N/A,N/A,N/A,N/A,N/A,N/A,N/A,N/A,N/A,N/A,N/A,N/A,N/A,N/A,N/A,N/A,N/A,N/A,N/A,N/A,N/A
1,Daniel Cox,1476,206,5.7%,6.0%,62.2%,62.4%,48.7%,12.9%,12.6%,6.7%,2.7%,105.7,,,86.0,,,5.8%,57.8%,3.3%,56.7%,34.0%,34.5%,54.8%,32.1%,42.9%,47.4%,23.1%,33.3%,7.7%,7.7%,66.7%,-49,69.2%,66.7%,2.15,26.3%,0.0%,3.5,69.6%,45.5%,50.0%,25.0%,59.7%,13.8%,11.6,-4.0,0.0%,-,1.0%,0.0%,11.3%,8.7%,0.0%,6.7%,33.3%,0.0%,-,-87,-57
5,Salvatore Caruso,1485,76,4.1%,3.4%,59.6%,65.3%,49.1%,11.9%,16.8%,3.4%,1.6%,109.5,117.1,108.5,91.0,90.8,92.5,3.4%,58.6%,3.3%,59.4%,37.9%,37.3%,51.5%,19.7%,28.6%,55.9%,45.0%,59.3%,13.4%,16.8%,43.7%,18,69.6%,49.6%,2.31,5.0%,9.6%,5.0,44.6%,51.4%,52.9%,52.3%,52.7%,9.8%,3.4,0.5,0.0%,-,9.5%,69.4%,9.0%,16.1%,4.4%,3.8%,26.5%,0.9%,46.7%,-73,-72
1,David Perez Sanz,1496,216,N/A,N/A,N/A,N/A,N/A,10.4%,22.1%,2.9%,7.4%,N/A,N/A,N/A,N/A,N/A,N/A,5.6%,58.8%,4.4%,53.7%,33.6%,33.3%,50.0%,22.2%,44.4%,57.1%,50.0%,46.7%,8.3%,8.3%,36.4%,-49,50.0%,11.8%,2.03,19.0%,25.0%,3.3,32.7%,20.0%,40.0%,60.0%,34.7%,4.7%,-1.6,-4.1,0.0%,-,9.1%,71.4%,19.2%,23.1%,66.7%,10.6%,60.0%,0.0%,-,-14,-9
12,Sarp Agabigun,1497,815,,,,,,N/A,N/A,N/A,N/A,N/A,N/A,N/A,N/A,N/A,N/A,3.8%,53.4%,1.2%,43.2%,33.0%,35.0%,N/A,N/A,N/A,N/A,N/A,N/A,N/A,N/A,N/A,N/A,N/A,N/A,N/A,N/A,N/A,N/A,N/A,N/A,N/A,N/A,N/A,N/A,N/A,N/A,N/A,N/A,N/A,N/A,N/A,N/A,N/A,N/A,N/A,N/A,N/A,N/A,N/A
4,Anthony Susanto,1569,1413,2.7%,6.6%,61.9%,57.1%,38.4%,N/A,N/A,N/A,N/A,N/A,N/A,N/A,N/A,N/A,N/A,0.0%,47.6%,0.0%,20.0%,39.1%,22.2%,N/A,N/A,N/A,N/A,N/A,N/A,N/A,N/A,N/A,N/A,N/A,N/A,N/A,N/A,N/A,N/A,N/A,N/A,N/A,N/A,N/A,N/A,N/A,N/A,N/A,N/A,N/A,N/A,N/A,N/A,N/A,N/A,N/A,N/A,N/A,N/A,N/A
2,Fernando Romboli,1587,236,1.9%,5.7%,54.7%,58.6%,45.8%,6.7%,24.9%,3.6%,2.0%,N/A,N/A,N/A,N/A,N/A,N/A,2.6%,55.1%,4.9%,56.4%,32.4%,33.5%,34.8%,40.3%,46.8%,43.2%,29.4%,50.0%,21.6%,24.3%,24.1%,61,71.1%,45.7%,2.21,13.5%,9.6%,3.8,42.3%,45.7%,21.1%,66.7%,50.7%,36.7%,1.0,-12.6,34.6%,62.2%,24.0%,64.8%,5.8%,4.0%,8.3%,4.8%,11.1%,2.1%,14.3%,-35,24
19,Guillermo Olaso,1587,167,3.4%,5.0%,57.0%,65.1%,46.9%,N/A,N/A,N/A,N/A,N/A,N/A,N/A,N/A,N/A,N/A,2.8%,54.4%,2.8%,56.9%,35.8%,35.8%,N/A,N/A,N/A,N/A,N/A,N/A,N/A,N/A,N/A,N/A,N/A,N/A,N/A,N/A,N/A,N/A,N/A,N/A,N/A,N/A,N/A,N/A,N/A,N/A,N/A,N/A,N/A,N/A,N/A,N/A,N/A,N/A,N/A,N/A,N/A,N/A,N/A
1,Hunter Reese,1587,954,N/A,N/A,N/A,N/A,N/A,8.8%,17.5%,3.9%,5.3%,N/A,N/A,N/A,N/A,N/A,N/A,0.0%,39.1%,0.0%,42.9%,35.0%,16.7%,27.8%,14.8%,18.5%,30.4%,43.8%,54.5%,18.8%,25.0%,23.1%,-79,57.9%,45.5%,2.10,8.7%,25.0%,4.1,35.6%,17.4%,50.0%,66.7%,45.7%,4.3%,-4.8,3.2,0.0%,-,7.3%,50.0%,4.2%,12.5%,0.0%,10.2%,22.2%,0.0%,-,-51,-64
10,Inigo Cervantes Huegun,1587,56,8.4%,5.5%,51.0%,71.3%,47.5%,15.5%,19.6%,6.7%,5.0%,110.5,114.4,105.7,88.9,95.3,92.0,6.8%,61.3%,6.6%,61.3%,38.1%,38.6%,49.5%,41.4%,53.6%,54.7%,51.9%,37.4%,15.3%,19.7%,45.5%,32,75.8%,46.3%,2.28,25.6%,5.8%,4.5,50.3%,45.3%,53.1%,49.7%,49.8%,9.2%,1.8,-2.2,1.6%,63.6%,7.9%,71.4%,7.0%,11.4%,5.0%,6.4%,26.7%,2.2%,29.2%,-55,-35
10,Kevin King,1587,162,7.0%,8.2%,60.2%,67.0%,39.7%,15.2%,16.8%,8.0%,3.9%,N/A,N/A,N/A,N/A,N/A,N/A,6.1%,59.5%,9.2%,63.5%,36.9%,35.9%,50.9%,40.5%,58.7%,55.9%,37.3%,55.2%,20.2%,33.2%,42.7%,51,66.9%,45.6%,2.07,24.4%,7.4%,3.5,50.3%,49.9%,41.5%,39.4%,55.9%,15.0%,4.5,1.8,23.5%,70.1%,18.8%,68.0%,15.5%,25.4%,8.4%,10.7%,24.3%,0.3%,40.0%,-2,42
15,Matija Pecotic,1587,206,8.2%,7.5%,61.6%,73.3%,48.2%,N/A,N/A,N/A,N/A,N/A,N/A,N/A,N/A,N/A,N/A,2.9%,61.1%,4.0%,63.3%,43.3%,40.2%,N/A,N/A,N/A,N/A,N/A,N/A,N/A,N/A,N/A,N/A,N/A,N/A,N/A,N/A,N/A,N/A,N/A,N/A,N/A,N/A,N/A,N/A,N/A,N/A,N/A,N/A,N/A,N/A,N/A,N/A,N/A,N/A,N/A,N/A,N/A,N/A,N/A
1,Yaraslav Shyla,1587,306,7.1%,2.9%,66.5%,73.7%,46.7%,18.4%,32.7%,5.9%,5.9%,N/A,N/A,N/A,N/A,N/A,N/A,5.5%,56.1%,3.6%,56.9%,28.8%,29.7%,33.3%,46.7%,63.3%,43.8%,35.7%,37.5%,6.7%,6.7%,21.4%,-60,55.1%,40.7%,2.28,0.0%,8.0%,2.7,40.6%,30.4%,66.7%,33.3%,51.4%,13.2%,-23.2,-13.3,6.7%,100.0%,6.1%,83.3%,7.1%,12.5%,0.0%,12.9%,40.0%,3.7%,50.0%,152,148
1,Raul Garcia,1609,1248,,,,,,N/A,N/A,N/A,N/A,N/A,N/A,N/A,N/A,N/A,N/A,0.0%,57.9%,0.0%,62.5%,23.5%,38.6%,N/A,N/A,N/A,N/A,N/A,N/A,N/A,N/A,N/A,N/A,N/A,N/A,N/A,N/A,N/A,N/A,N/A,N/A,N/A,N/A,N/A,N/A,N/A,N/A,N/A,N/A,N/A,N/A,N/A,N/A,N/A,N/A,N/A,N/A,N/A,N/A,N/A
1,Sho Katayama,1609,489,N/A,N/A,N/A,N/A,N/A,14.1%,5.1%,5.7%,5.7%,N/A,N/A,N/A,N/A,N/A,N/A,1.9%,62.6%,0.8%,61.9%,43.5%,35.4%,65.4%,50.0%,62.5%,62.5%,73.3%,11.8%,28.6%,28.6%,70.0%,-79,64.2%,52.9%,2.28,18.8%,5.9%,2.9,62.0%,52.6%,83.3%,33.3%,53.8%,8.2%,20.9,12.8,0.0%,-,4.0%,100.0%,23.7%,57.1%,0.0%,18.5%,25.0%,0.0%,-,13,40
13,Ilya Ivashka,1636,40,7.0%,3.9%,61.6%,71.3%,48.8%,12.9%,16.2%,6.7%,2.8%,114.3,116.4,110.8,88.9,91.5,90.3,7.4%,64.0%,6.1%,61.8%,38.5%,39.5%,49.6%,29.0%,40.7%,55.3%,49.5%,46.1%,17.2%,22.0%,41.5%,50,62.7%,47.8%,2.28,10.5%,5.8%,4.3,49.4%,48.2%,49.3%,46.0%,54.1%,10.6%,1.1,1.6,3.0%,63.6%,11.9%,71.7%,9.9%,16.5%,10.7%,6.7%,18.6%,0.8%,19.4%,-32,-24
5,Mehluli Don Ayanda Sibanda,1659,750,4.5%,11.4%,50.0%,36.4%,31.8%,N/A,N/A,N/A,N/A,N/A,N/A,N/A,N/A,N/A,N/A,1.7%,59.9%,0.7%,48.7%,42.4%,36.3%,N/A,N/A,N/A,N/A,N/A,N/A,N/A,N/A,N/A,N/A,N/A,N/A,N/A,N/A,N/A,N/A,N/A,N/A,N/A,N/A,N/A,N/A,N/A,N/A,N/A,N/A,N/A,N/A,N/A,N/A,N/A,N/A,N/A,N/A,N/A,N/A,N/A
10,Tatsuma Ito,1694,60,5.2%,4.2%,58.3%,67.6%,49.4%,13.3%,20.0%,4.1%,1.9%,110.4,,,90.3,,,5.4%,63.2%,4.3%,61.5%,38.0%,38.9%,57.1%,27.5%,47.5%,62.1%,42.9%,30.8%,13.0%,26.1%,50.0%,14,71.9%,61.0%,2.22,72.4%,0.0%,4.2,60.9%,48.5%,50.0%,55.6%,50.5%,13.3%,2.5,0.6,9.7%,100.0%,10.7%,100.0%,11.2%,28.6%,0.0%,6.1%,18.8%,0.5%,100.0%,-6,-14
26,Gerardo Lopez Villasenor,1782,505,5.5%,4.6%,59.1%,69.3%,49.4%,N/A,N/A,N/A,N/A,N/A,N/A,N/A,N/A,N/A,N/A,4.0%,62.7%,2.3%,62.9%,38.0%,41.7%,N/A,N/A,N/A,N/A,N/A,N/A,N/A,N/A,N/A,N/A,N/A,N/A,N/A,N/A,N/A,N/A,N/A,N/A,N/A,N/A,N/A,N/A,N/A,N/A,N/A,N/A,N/A,N/A,N/A,N/A,N/A,N/A,N/A,N/A,N/A,N/A,N/A
1,Gian Marco Moroni,1782,159,4.1%,4.8%,66.4%,66.7%,50.5%,15.2%,17.9%,8.2%,6.4%,N/A,N/A,N/A,N/A,N/A,N/A,2.7%,58.0%,2.2%,59.3%,40.4%,41.0%,57.7%,12.2%,18.4%,58.1%,65.0%,65.5%,25.0%,25.0%,55.6%,37,88.0%,22.7%,2.20,0.0%,0.0%,5.7,45.8%,33.3%,43.5%,52.9%,45.6%,11.4%,3.9,-1.6,0.0%,-,10.7%,66.7%,7.8%,3.3%,33.3%,7.1%,25.0%,0.7%,0.0%,-83,-83
3,Cesar Ramirez,1871,391,2.9%,4.3%,72.7%,50.5%,31.6%,N/A,N/A,N/A,N/A,N/A,N/A,N/A,N/A,N/A,N/A,3.8%,56.6%,4.2%,58.3%,34.0%,32.6%,N/A,N/A,N/A,N/A,N/A,N/A,N/A,N/A,N/A,N/A,N/A,N/A,N/A,N/A,N/A,N/A,N/A,N/A,N/A,N/A,N/A,N/A,N/A,N/A,N/A,N/A,N/A,N/A,N/A,N/A,N/A,N/A,N/A,N/A,N/A,N/A,N/A
1,Darian King,1871,106,2.4%,3.4%,65.3%,62.7%,49.2%,9.6%,17.3%,6.3%,1.7%,109.6,111.5,108.4,90.3,94.7,,2.6%,58.7%,2.6%,55.8%,40.2%,40.1%,34.3%,30.0%,32.5%,42.9%,64.7%,47.8%,30.0%,30.0%,0.0%,102,71.2%,45.2%,2.47,3.6%,0.0%,4.9,36.7%,50.0%,60.0%,31.6%,51.5%,7.8%,-4.3,-4.8,0.0%,-,6.1%,42.9%,3.9%,2.7%,0.0%,1.2%,8.3%,0.8%,50.0%,-122,-87
2,Hillel Rousseau,1871,1386,,,,,,N/A,N/A,N/A,N/A,N/A,N/A,N/A,N/A,N/A,N/A,1.0%,57.8%,0.0%,62.9%,31.3%,36.8%,N/A,N/A,N/A,N/A,N/A,N/A,N/A,N/A,N/A,N/A,N/A,N/A,N/A,N/A,N/A,N/A,N/A,N/A,N/A,N/A,N/A,N/A,N/A,N/A,N/A,N/A,N/A,N/A,N/A,N/A,N/A,N/A,N/A,N/A,N/A,N/A,N/A
6,Hong Chung,1871,507,1.2%,6.0%,68.7%,71.9%,53.8%,N/A,N/A,N/A,N/A,N/A,N/A,N/A,N/A,N/A,N/A,1.0%,59.2%,1.6%,45.8%,26.8%,37.3%,N/A,N/A,N/A,N/A,N/A,N/A,N/A,N/A,N/A,N/A,N/A,N/A,N/A,N/A,N/A,N/A,N/A,N/A,N/A,N/A,N/A,N/A,N/A,N/A,N/A,N/A,N/A,N/A,N/A,N/A,N/A,N/A,N/A,N/A,N/A,N/A,N/A
5,Marsel Ilhan,1871,77,7.4%,2.6%,61.5%,69.2%,48.5%,12.9%,16.7%,8.4%,2.2%,115.9,,,92.0,,,5.8%,61.7%,3.8%,60.7%,38.3%,38.9%,42.5%,36.6%,42.3%,51.1%,66.7%,44.7%,4.5%,11.4%,33.3%,-69,67.0%,50.7%,2.38,17.8%,5.9%,4.5,49.6%,46.8%,47.8%,34.6%,58.7%,31.0%,-3.1,-1.7,0.0%,-,8.2%,72.2%,8.9%,10.4%,13.8%,2.5%,0.0%,0.0%,-,-4,-13
1,Thijs Boogaard,1871,1663,N/A,N/A,N/A,N/A,N/A,13.2%,21.9%,6.9%,5.9%,N/A,N/A,N/A,N/A,N/A,N/A,N/A,N/A,N/A,N/A,N/A,N/A,47.9%,32.4%,44.1%,69.6%,47.4%,60.0%,13.8%,17.2%,28.0%,15,60.8%,35.5%,2.30,21.7%,15.8%,3.9,37.7%,47.8%,62.5%,40.0%,45.6%,4.1%,3.2,3.2,0.0%,-,15.3%,61.1%,13.9%,25.0%,14.3%,18.2%,11.1%,0.0%,-,3,34
15,Manuel Sanchez,1957,455,5.4%,7.9%,59.5%,68.6%,48.2%,N/A,N/A,N/A,N/A,N/A,N/A,N/A,N/A,N/A,N/A,7.5%,61.4%,7.5%,60.4%,33.8%,29.7%,N/A,N/A,N/A,N/A,N/A,N/A,N/A,N/A,N/A,N/A,N/A,N/A,N/A,N/A,N/A,N/A,N/A,N/A,N/A,N/A,N/A,N/A,N/A,N/A,N/A,N/A,N/A,N/A,N/A,N/A,N/A,N/A,N/A,N/A,N/A,N/A,N/A
2,Zhe Li,1957,193,4.6%,1.9%,65.9%,62.6%,50.0%,11.7%,20.3%,8.2%,3.9%,N/A,N/A,N/A,N/A,N/A,N/A,2.6%,60.2%,3.3%,59.6%,35.4%,35.9%,47.9%,24.2%,37.9%,54.2%,33.3%,40.0%,13.5%,19.2%,37.8%,12,61.8%,44.0%,2.04,10.1%,4.0%,3.8,46.1%,52.5%,26.7%,42.9%,50.5%,9.1%,7.5,-5.3,1.3%,50.0%,11.4%,60.6%,14.5%,22.7%,0.0%,7.9%,36.8%,0.2%,100.0%,-6,-6
4,Courtney John Lock,2067,1214,0.7%,5.1%,67.4%,36.6%,26.7%,N/A,N/A,N/A,N/A,N/A,N/A,N/A,N/A,N/A,N/A,0.0%,50.0%,0.0%,55.7%,44.2%,37.0%,N/A,N/A,N/A,N/A,N/A,N/A,N/A,N/A,N/A,N/A,N/A,N/A,N/A,N/A,N/A,N/A,N/A,N/A,N/A,N/A,N/A,N/A,N/A,N/A,N/A,N/A,N/A,N/A,N/A,N/A,N/A,N/A,N/A,N/A,N/A,N/A,N/A
5,Mikal Oliver Statham,2067,711,,,,,,N/A,N/A,N/A,N/A,N/A,N/A,N/A,N/A,N/A,N/A,1.4%,54.3%,0.0%,58.0%,30.8%,35.2%,N/A,N/A,N/A,N/A,N/A,N/A,N/A,N/A,N/A,N/A,N/A,N/A,N/A,N/A,N/A,N/A,N/A,N/A,N/A,N/A,N/A,N/A,N/A,N/A,N/A,N/A,N/A,N/A,N/A,N/A,N/A,N/A,N/A,N/A,N/A,N/A,N/A
3,Lukas Hellum Lilleengen,2119,1089,5.6%,2.8%,63.9%,78.3%,61.5%,N/A,N/A,N/A,N/A,N/A,N/A,N/A,N/A,N/A,N/A,0.0%,41.0%,0.0%,46.6%,29.8%,38.3%,N/A,N/A,N/A,N/A,N/A,N/A,N/A,N/A,N/A,N/A,N/A,N/A,N/A,N/A,N/A,N/A,N/A,N/A,N/A,N/A,N/A,N/A,N/A,N/A,N/A,N/A,N/A,N/A,N/A,N/A,N/A,N/A,N/A,N/A,N/A,N/A,N/A
