median_matches,player_name,current_rank,peak_rank,tour-years_A%,tour-years_DF%,tour-years_1stIn,tour-years_1st%,tour-years_2nd%,winners-errors_Wnr/Pt,winners-errors_UFE/Pt,winners-errors_FH Wnr/Pt,winners-errors_BH Wnr/Pt,serve-speed_1st Avg,serve-speed_1st T Avg,serve-speed_1st Wide Avg,serve-speed_2nd Avg,serve-speed_2nd T Avg,serve-speed_2nd Wide Avg,pbp-stats_Deuce A%,pbp-stats_Deuce SPW%,pbp-stats_Ad A%,pbp-stats_Ad SPW%,pbp-stats_Deuce RPW%,pbp-stats_Ad RPW%,mcp-serve_Percent of points won when return was put in play,mcp-serve_1st: Unret%,mcp-serve_Percent of first serve points won on either the serve or second shot,mcp-serve_Percentage of first serve points won when return was put in play,mcp-serve_D Wide%,mcp-serve_A Wide%,mcp-serve_2nd: Unret%,mcp-serve_Percent of second serve points won on either the serve or second shot,mcp-serve_Percentage of second serve points won when return was put in play,mcp-serve_2ndAgg,mcp-return_RiP%,mcp-return_Percent of points won when return was put in play,mcp-return_Return Depth Index (higher = deeper),mcp-return_Slice/chip returns as a percentage of all in-play first-serve returns,mcp-return_Return winners (and induced forced errors) as a percentage of second-serve return points,mcp-rally_RallyLen,mcp-rally_1-3 W%,mcp-rally_4-6 W%,mcp-rally_7-9 W%,mcp-rally_10+ W%,mcp-rally_FH/GS,mcp-rally_BH Slice%,mcp-rally_FHP/100,mcp-rally_BHP/100,mcp-tactics_SnV Freq,mcp-tactics_SnV W%,mcp-tactics_Net Freq,mcp-tactics_Net W%,mcp-tactics_FH: Wnr%,mcp-tactics_Winners (and induced forced errors) per (topspin) down-the-line forehand,mcp-tactics_IO Wnr%,mcp-tactics_BH: Wnr%,mcp-tactics_Winners (and induced forced errors) per (topspin) down-the-line backhand,mcp-tactics_Drop: Freq,mcp-tactics_Winners (and induced forced errors) per (baseline) dropshot,mcp-tactics_RallyAgg,mcp-tactics_ReturnAgg
453,Aryna Sabalenka,1,1,6.7%,6.6%,60.8%,69.4%,47.7%,20.0%,19.1%,11.0%,6.9%,106.6,110.6,104.7,90.8,96.2,92.8,6.0%,60.7%,6.0%,59.7%,44.2%,45.7%,50.9%,33.9%,50.7%,53.7%,42.3%,55.1%,20.5%,33.5%,46.5%,76,69.1%,56.6%,2.51,19.2%,8.1%,3.2,51.7%,55.2%,52.3%,55.8%,50.4%,11.2%,12.2,7.9,0.6%,64.4%,8.5%,71.7%,22.4%,30.8%,26.9%,17.0%,37.3%,1.4%,40.4%,123,114
314,Iga Swiatek,2,1,3.5%,3.4%,63.1%,67.9%,52.8%,17.1%,17.9%,9.2%,6.0%,101.4,103.3,96.5,81.1,82.0,80.9,3.6%,62.5%,3.0%,62.2%,47.6%,49.4%,52.9%,28.1%,40.6%,55.4%,10.8%,54.9%,18.1%,26.5%,48.6%,7,72.5%,59.3%,2.46,9.8%,8.5%,3.9,54.1%,55.7%,57.9%,59.4%,50.8%,4.8%,10.8,8.6,0.1%,70.6%,6.6%,74.8%,18.3%,27.7%,22.2%,13.0%,29.3%,0.6%,33.5%,51,45
118,Jessica Pegula,3,3,3.7%,3.7%,59.9%,65.9%,49.5%,13.5%,16.6%,6.6%,4.7%,99.2,101.6,92.4,81.1,83.2,79.8,3.8%,57.8%,2.3%,55.8%,44.1%,45.4%,47.1%,27.4%,38.0%,51.9%,15.0%,35.7%,18.1%,22.0%,40.1%,9,70.4%,54.7%,2.55,13.1%,14.2%,4.0,51.1%,50.2%,51.1%,49.3%,49.5%,16.8%,7.1,5.7,0.0%,50.0%,7.7%,64.2%,13.6%,23.4%,14.8%,10.1%,26.5%,1.5%,32.5%,-15,-6
142,Coco Gauff,4,2,5.7%,7.6%,60.8%,68.6%,45.0%,14.0%,19.0%,6.1%,5.0%,105.3,109.6,99.5,86.3,86.1,87.8,5.5%,59.1%,4.9%,58.6%,43.3%,45.4%,50.1%,31.7%,43.2%,53.6%,29.2%,20.6%,20.1%,25.3%,44.2%,67,75.6%,52.5%,2.43,15.8%,6.5%,4.2,51.8%,51.4%,50.5%,51.7%,56.5%,7.9%,2.2,6.3,0.4%,60.6%,8.9%,67.7%,9.7%,14.6%,9.8%,12.0%,27.5%,1.1%,33.4%,-17,11
118,Madison Keys,5,5,7.2%,3.4%,63.5%,68.5%,48.3%,19.6%,21.3%,10.2%,4.6%,104.1,107.4,99.1,80.3,82.0,83.1,7.1%,61.5%,6.3%,61.9%,43.1%,43.8%,46.7%,35.0%,47.8%,49.8%,34.6%,61.1%,17.3%,26.2%,41.9%,-4,68.3%,54.8%,2.41,16.9%,8.2%,3.5,51.3%,50.1%,49.2%,52.2%,51.7%,10.1%,8.5,-00,0.1%,60.0%,7.2%,66.8%,18.5%,30.8%,22.7%,11.4%,26.3%,0.8%,30.1%,106,94
75,Jasmine Paolini,6,4,1.5%,2.9%,67.1%,60.3%,47.1%,13.3%,17.5%,8.2%,4.1%,96.4,100.1,93.5,79.6,81.6,81.8,1.2%,54.8%,0.9%,54.4%,45.3%,45.4%,47.7%,21.5%,31.8%,50.4%,17.6%,52.6%,16.3%,20.8%,42.0%,-8,74.1%,53.7%,2.53,8.4%,11.6%,4.2,49.2%,50.0%,55.0%,50.2%,53.7%,7.1%,6.4,3.6,0.3%,71.4%,8.0%,70.2%,14.5%,22.1%,8.9%,9.0%,28.1%,0.9%,35.2%,6,-3
56,Mirra Andreeva,7,6,4.3%,3.9%,62.9%,65.3%,49.2%,15.7%,18.4%,7.2%,7.1%,101.4,105.3,92.7,81.0,80.6,84.1,5.5%,58.0%,3.2%,57.3%,46.7%,44.3%,49.2%,25.9%,35.5%,51.9%,11.6%,41.8%,15.7%,20.9%,45.1%,24,77.1%,54.0%,2.48,14.3%,8.8%,4.6,52.1%,51.1%,50.8%,52.7%,48.6%,9.3%,5.2,4.7,0.0%,100.0%,7.0%,65.4%,10.7%,13.9%,13.9%,10.6%,24.4%,1.9%,44.1%,-34,-21
80,Qinwen Zheng,8,5,9.3%,6.1%,52.4%,74.4%,45.8%,17.2%,18.9%,9.2%,4.4%,105.3,107.0,103.1,83.8,85.9,85.4,9.4%,59.9%,8.2%,58.0%,43.3%,44.3%,46.4%,40.5%,54.3%,54.7%,28.0%,49.0%,17.7%,23.9%,38.9%,53,71.3%,55.3%,2.39,24.0%,14.0%,3.8,50.9%,51.5%,51.0%,51.7%,55.5%,7.4%,7.6,3.1,0.5%,70.8%,6.5%,70.3%,15.3%,21.8%,14.4%,9.6%,25.6%,1.2%,45.6%,27,47
81,Paula Badosa,9,2,5.6%,6.6%,60.7%,67.7%,46.2%,14.3%,15.8%,6.9%,4.0%,102.2,106.6,96.1,88.8,89.9,88.9,4.3%,59.1%,3.7%,56.4%,43.9%,45.5%,48.3%,29.7%,40.9%,51.0%,44.4%,57.1%,18.3%,26.0%,43.7%,54,74.6%,50.2%,2.44,13.7%,10.1%,4.1,51.7%,49.3%,47.0%,47.2%,51.2%,7.0%,7.3,3.7,0.0%,-,5.6%,68.5%,13.7%,21.0%,18.0%,9.7%,27.8%,0.4%,36.0%,-41,-11
142,Elena Rybakina,10,3,8.5%,4.2%,58.2%,71.5%,49.1%,18.1%,18.4%,8.5%,5.2%,109.3,112.3,106.0,89.7,93.2,88.5,7.7%,61.1%,6.5%,60.7%,44.2%,44.4%,48.6%,38.7%,53.5%,52.6%,13.4%,58.1%,17.8%,26.8%,44.0%,19,70.5%,53.0%,2.43,22.8%,10.8%,3.5,53.2%,50.7%,49.1%,52.1%,52.5%,6.6%,7.3,5.1,0.1%,66.7%,7.9%,67.1%,17.6%,29.1%,11.3%,12.7%,31.8%,0.7%,43.2%,60,68
45,Emma Navarro,11,8,1.9%,3.5%,63.9%,62.0%,47.5%,13.5%,16.8%,8.0%,5.4%,96.2,98.4,93.6,78.4,78.6,79.6,1.6%,55.9%,1.8%,55.9%,46.0%,44.8%,48.4%,22.2%,31.8%,51.5%,23.1%,45.4%,14.5%,20.3%,42.6%,4,73.4%,53.1%,2.49,8.5%,10.5%,4.5,49.4%,53.7%,48.6%,50.5%,53.1%,15.7%,6.5,4.6,0.0%,-,6.9%,67.2%,11.6%,17.8%,16.8%,10.1%,29.7%,1.2%,37.0%,-30,-30
91,Karolina Muchova,12,8,5.2%,3.2%,62.8%,66.5%,49.6%,16.7%,18.4%,8.8%,4.5%,100.5,103.8,97.2,82.9,86.4,83.7,3.5%,59.5%,3.3%,58.2%,44.9%,44.5%,49.2%,27.7%,40.7%,51.7%,34.9%,44.7%,16.0%,21.4%,45.4%,-7,73.5%,50.9%,2.41,14.0%,7.5%,4.0,50.6%,51.3%,51.7%,48.0%,49.9%,29.6%,4.6,1.0,5.7%,69.2%,14.6%,68.0%,14.6%,23.4%,15.2%,9.3%,24.4%,2.5%,36.5%,24,23
28,Diana Shnaider,13,12,2.9%,3.9%,63.2%,63.8%,49.5%,15.6%,17.3%,10.3%,4.6%,94.4,96.0,94.6,80.4,79.6,82.0,3.1%,57.3%,3.0%,60.9%,42.6%,45.3%,48.7%,25.2%,37.7%,51.1%,15.4%,50.1%,17.0%,25.9%,44.6%,14,70.9%,52.4%,2.57,10.5%,9.9%,3.8,50.8%,49.4%,55.1%,52.8%,49.4%,12.5%,12.0,2.9,0.1%,0.0%,6.3%,71.9%,20.6%,27.4%,16.3%,9.3%,17.7%,1.0%,35.5%,31,24
119,Daria Kasatkina,14,8,2.1%,5.7%,67.9%,60.4%,42.8%,11.4%,17.5%,7.2%,3.4%,89.6,93.1,88.0,75.3,77.9,76.5,2.0%,55.2%,1.9%,54.1%,46.7%,47.5%,45.7%,19.6%,26.5%,47.8%,34.7%,51.2%,17.6%,20.9%,40.0%,45,80.4%,51.2%,2.51,5.9%,9.3%,4.9,49.8%,47.5%,50.0%,49.3%,53.1%,17.0%,4.6,2.2,0.0%,50.0%,5.1%,69.4%,10.3%,14.7%,12.0%,6.7%,20.8%,0.6%,31.4%,-76,-60
67,Barbora Krejcikova,15,2,4.8%,5.8%,61.0%,67.6%,46.5%,15.5%,19.0%,7.8%,3.7%,100.1,102.6,96.6,87.3,89.8,87.2,3.8%,59.8%,2.9%,57.4%,45.3%,46.7%,48.8%,30.9%,43.8%,51.4%,19.6%,45.8%,18.9%,26.5%,44.3%,66,68.8%,53.4%,2.52,14.4%,7.9%,3.6,49.5%,51.8%,49.4%,52.5%,50.1%,16.0%,7.5,3.3,0.7%,65.6%,7.0%,70.4%,17.6%,25.1%,12.6%,11.4%,33.8%,1.2%,44.6%,48,52
67,Amanda Anisimova,16,16,3.1%,5.2%,65.0%,63.2%,47.5%,16.5%,20.7%,8.1%,6.0%,97.2,101.1,96.9,86.1,91.8,89.1,2.3%,56.5%,1.9%,57.7%,45.7%,46.1%,47.2%,24.7%,39.0%,49.6%,36.8%,45.6%,20.0%,29.5%,42.4%,72,66.0%,56.8%,2.44,12.7%,9.4%,3.4,49.1%,51.9%,51.8%,51.3%,51.7%,7.3%,8.6,8.0,0.1%,50.0%,5.7%,65.9%,18.6%,28.4%,23.1%,16.6%,32.6%,1.3%,28.1%,123,96
44,Beatriz Haddad Maia,17,10,3.1%,4.9%,66.8%,64.4%,46.6%,13.6%,19.3%,8.9%,4.0%,99.8,102.6,93.8,82.2,82.5,81.2,2.0%,57.3%,2.4%,58.6%,43.3%,44.5%,47.8%,22.9%,33.7%,49.7%,22.5%,60.2%,17.0%,21.7%,43.5%,51,71.9%,51.9%,2.37,12.2%,6.1%,4.5,50.4%,48.8%,48.2%,45.4%,57.6%,8.2%,4.3,-0.9,1.5%,60.8%,9.3%,64.2%,10.2%,17.2%,6.1%,6.0%,17.3%,0.9%,45.6%,-22,-16
219,Elina Svitolina,18,3,4.2%,3.9%,61.3%,65.4%,46.4%,13.8%,16.6%,7.1%,4.2%,98.1,101.4,95.9,77.0,80.0,77.7,4.1%,58.2%,3.2%,57.6%,44.9%,45.9%,48.3%,27.4%,39.0%,52.7%,12.0%,30.7%,14.9%,18.5%,41.8%,14,77.3%,51.4%,2.43,15.7%,10.9%,4.6,52.4%,51.2%,48.1%,48.5%,51.7%,8.7%,4.2,2.9,0.5%,70.0%,7.7%,65.3%,10.2%,20.6%,15.7%,7.7%,25.6%,0.6%,31.4%,-57,-42
54,Liudmila Samsonova,19,12,7.5%,6.2%,55.0%,70.2%,47.6%,17.7%,21.0%,10.5%,3.6%,105.7,111.1,102.4,90.3,92.3,86.3,7.2%,60.2%,4.0%,58.5%,41.1%,42.6%,48.2%,38.9%,56.0%,52.0%,12.5%,45.7%,21.8%,33.7%,44.1%,56,66.6%,53.9%,2.44,24.7%,11.4%,3.2,50.1%,53.6%,47.1%,54.7%,57.5%,5.8%,8.8,2.9,0.6%,71.4%,6.0%,68.2%,22.2%,32.7%,24.3%,12.2%,26.4%,1.0%,49.5%,136,127
79,Donna Vekic,20,17,5.2%,6.7%,55.9%,67.8%,45.1%,16.3%,18.8%,8.3%,4.5%,105.5,108.0,103.8,87.1,89.9,87.7,5.2%,59.3%,3.9%,56.3%,42.8%,43.6%,46.5%,34.2%,48.0%,51.5%,45.9%,25.4%,19.1%,27.1%,40.3%,67,69.5%,50.9%,2.44,19.7%,11.4%,3.6,49.7%,48.9%,46.1%,49.2%,54.6%,8.6%,6.5,0.2,0.0%,-,6.2%,65.9%,16.9%,27.4%,22.3%,8.3%,20.9%,2.6%,36.9%,28,45
40,Clara Tauson,21,21,6.4%,4.9%,58.9%,67.4%,46.3%,17.2%,18.7%,8.7%,5.2%,98.8,102.0,94.9,84.5,86.6,81.4,5.2%,59.5%,3.4%,57.3%,43.4%,46.3%,47.9%,31.1%,44.5%,51.4%,15.5%,51.5%,15.0%,21.6%,43.3%,24,73.5%,53.3%,2.40,16.7%,13.0%,3.8,51.8%,50.4%,50.2%,51.5%,50.2%,19.3%,8.7,3.6,0.1%,33.3%,7.8%,64.6%,17.6%,23.8%,21.9%,10.5%,26.1%,2.2%,41.0%,31,35
75,Ekaterina Alexandrova,22,15,7.1%,7.6%,57.8%,69.2%,44.1%,17.1%,20.8%,8.4%,5.2%,104.3,106.3,102.7,87.4,91.8,87.4,6.3%,57.2%,5.9%,57.4%,44.7%,45.1%,47.1%,34.4%,48.2%,51.0%,25.5%,36.5%,17.3%,24.7%,41.8%,45,67.4%,56.2%,2.46,18.1%,11.5%,3.6,49.3%,50.8%,51.4%,53.4%,48.4%,5.0%,8.6,4.8,0.0%,100.0%,4.5%,71.0%,17.7%,24.9%,21.1%,11.7%,23.4%,0.6%,38.1%,62,74
73,Yulia Putintseva,23,20,1.9%,3.3%,68.5%,60.5%,46.8%,12.0%,17.0%,5.5%,4.7%,88.8,92.0,87.8,76.9,78.9,78.2,1.7%,55.6%,1.5%,54.2%,44.2%,44.5%,45.7%,19.8%,29.2%,47.8%,28.5%,53.1%,15.6%,19.2%,41.1%,19,75.1%,50.7%,2.54,9.0%,9.7%,4.9,48.5%,48.4%,47.9%,46.5%,47.9%,24.2%,1.9,2.6,0.1%,71.4%,5.0%,67.2%,8.5%,7.7%,1.4%,7.3%,22.9%,4.0%,32.5%,-69,-62
100,Jelena Ostapenko,24,5,4.4%,8.1%,56.1%,65.2%,43.5%,20.1%,23.0%,11.1%,7.7%,97.4,100.6,93.1,76.8,78.9,82.8,5.0%,55.2%,2.7%,54.2%,46.1%,47.6%,46.2%,27.3%,42.8%,50.4%,41.0%,54.2%,20.2%,29.0%,40.3%,75,65.3%,60.8%,2.50,13.9%,18.8%,3.2,45.8%,57.3%,56.9%,58.9%,50.1%,5.9%,12.4,7.3,0.0%,100.0%,5.4%,77.8%,23.1%,34.6%,16.1%,16.9%,32.9%,1.0%,33.9%,182,143
64,Marta Kostyuk,25,16,4.1%,7.7%,59.7%,64.3%,43.6%,15.4%,19.8%,8.5%,5.1%,100.0,104.1,96.7,82.9,85.0,83.6,3.8%,56.5%,3.2%,55.0%,46.4%,44.2%,48.9%,27.5%,38.8%,52.1%,47.2%,18.3%,18.1%,22.8%,43.6%,50,73.9%,52.5%,2.46,10.2%,9.1%,4.0,50.3%,50.0%,48.9%,53.8%,53.6%,10.8%,4.9,2.3,0.3%,61.5%,9.6%,70.5%,12.4%,21.6%,17.8%,8.8%,25.9%,1.4%,29.1%,-4,17
57,Leylah Fernandez,26,13,3.2%,6.1%,63.5%,64.7%,47.4%,15.8%,15.7%,8.1%,5.8%,94.9,98.0,91.6,86.0,86.6,86.5,1.9%,54.9%,3.3%,58.5%,42.3%,43.5%,50.8%,23.9%,36.9%,53.1%,16.8%,33.6%,15.7%,22.4%,46.3%,34,74.0%,51.3%,2.44,13.9%,6.3%,4.1,49.2%,51.1%,52.2%,48.8%,53.6%,16.1%,8.1,4.4,0.3%,45.5%,9.8%,66.8%,14.6%,21.1%,12.4%,11.3%,21.2%,1.6%,43.7%,3,5
93,Ons Jabeur,27,2,5.2%,3.9%,54.8%,67.6%,47.6%,17.9%,20.5%,9.1%,5.0%,98.2,102.3,92.6,78.1,80.6,79.4,5.0%,58.1%,4.2%,56.5%,44.5%,44.2%,45.3%,33.5%,45.3%,50.0%,21.9%,47.7%,15.5%,21.5%,40.4%,-7,74.2%,51.6%,2.50,18.8%,14.6%,3.7,49.3%,50.3%,52.1%,51.0%,51.1%,30.9%,5.9,2.5,0.1%,66.7%,7.1%,70.6%,17.3%,23.8%,17.0%,10.8%,19.9%,5.2%,29.2%,74,65
25,Magdalena Frech,28,22,3.2%,3.0%,62.3%,61.8%,44.7%,11.4%,15.5%,5.5%,4.6%,98.0,100.5,94.5,76.7,78.1,80.6,2.1%,55.8%,1.7%,53.6%,45.7%,46.3%,44.0%,23.4%,33.2%,46.6%,29.0%,34.5%,17.7%,21.0%,39.5%,-18,75.5%,47.4%,2.45,10.9%,10.6%,4.9,51.3%,45.9%,43.0%,42.7%,49.9%,22.0%,2.4,2.0,0.0%,-,5.5%,61.8%,8.4%,11.9%,8.8%,7.1%,17.8%,1.7%,29.4%,-83,-71
96,Elise Mertens,29,12,5.0%,6.9%,59.2%,66.4%,45.2%,14.2%,17.3%,6.0%,5.1%,100.3,105.0,97.5,82.6,88.7,82.3,3.6%,57.9%,3.8%,56.5%,46.1%,47.9%,47.5%,27.6%,36.5%,50.9%,26.8%,43.2%,16.1%,20.9%,42.2%,37,75.4%,51.5%,2.48,12.7%,8.2%,4.3,50.8%,48.4%,50.4%,49.1%,48.6%,12.5%,3.7,5.2,0.0%,100.0%,7.7%,69.6%,10.3%,15.8%,9.2%,10.8%,27.6%,1.0%,29.5%,-38,-16
62,Magda Linette,30,19,4.1%,3.7%,63.4%,63.6%,46.9%,14.4%,17.8%,7.2%,4.9%,95.7,100.7,93.9,80.3,83.9,82.2,3.4%,57.3%,2.5%,56.3%,42.2%,43.5%,45.9%,26.7%,37.9%,49.7%,20.3%,47.9%,16.9%,22.0%,40.1%,-17,72.4%,48.8%,2.47,12.8%,12.7%,4.2,49.7%,48.0%,48.1%,46.4%,49.3%,7.0%,3.3,1.4,0.1%,100.0%,7.3%,73.6%,12.3%,20.7%,9.1%,8.9%,25.0%,0.8%,33.3%,-9,-7
34,Anna Kalinskaya,31,11,2.2%,5.4%,64.4%,62.4%,46.9%,13.0%,17.3%,7.2%,5.3%,97.3,99.0,95.8,87.2,88.8,86.4,2.3%,57.1%,1.3%,56.4%,44.3%,45.7%,47.7%,23.7%,35.3%,49.5%,15.2%,64.0%,18.8%,26.3%,43.5%,45,72.5%,51.2%,2.48,10.2%,8.0%,4.0,48.4%,50.9%,50.3%,50.1%,51.5%,7.7%,8.1,3.7,0.1%,100.0%,6.1%,67.0%,15.5%,23.9%,31.6%,11.5%,35.8%,1.1%,34.8%,-3,2
74,Danielle Collins,32,7,4.9%,6.0%,57.0%,67.2%,47.3%,18.3%,19.4%,7.8%,6.8%,99.3,103.9,97.2,86.2,89.8,87.0,4.1%,57.1%,3.2%,56.5%,44.8%,45.4%,48.6%,29.4%,44.3%,52.6%,38.1%,41.1%,20.1%,27.7%,43.2%,62,66.4%,57.1%,2.51,15.1%,13.1%,3.4,49.9%,52.1%,51.3%,51.7%,50.1%,5.9%,9.7,7.3,0.0%,-,6.8%,69.6%,18.4%,23.8%,20.2%,16.2%,29.7%,1.2%,30.9%,89,83
39,Linda Noskova,33,25,6.0%,5.9%,60.6%,68.7%,47.1%,17.5%,18.7%,9.2%,6.9%,100.0,102.7,97.0,86.7,87.2,88.8,6.0%,61.0%,4.3%,56.9%,37.5%,40.1%,47.7%,32.1%,49.0%,53.1%,33.7%,48.5%,21.7%,30.4%,39.2%,73,67.8%,51.0%,2.40,15.6%,11.2%,3.4,49.5%,47.3%,51.5%,47.0%,50.1%,11.4%,6.9,5.2,0.2%,100.0%,6.5%,71.4%,17.5%,29.2%,19.4%,14.4%,31.2%,3.3%,35.6%,65,72
106,Sofia Kenin,34,4,2.4%,4.8%,67.2%,64.0%,47.0%,15.0%,19.2%,6.2%,6.1%,93.8,95.6,91.6,85.3,87.4,85.0,2.0%,57.7%,1.8%,57.4%,42.6%,44.5%,50.0%,23.2%,35.2%,52.1%,6.0%,59.3%,17.4%,24.8%,45.2%,50,66.1%,54.0%,2.49,14.5%,7.1%,3.8,47.7%,51.9%,54.4%,51.4%,49.7%,13.7%,7.0,6.2,0.0%,-,5.6%,69.8%,14.6%,27.0%,15.5%,13.5%,33.1%,2.6%,39.9%,48,36
21,Ashlyn Krueger,35,34,4.7%,6.5%,63.6%,64.2%,44.6%,16.2%,21.3%,7.6%,6.4%,104.2,104.9,102.7,93.3,94.0,91.8,4.8%,54.6%,5.7%,57.2%,38.3%,44.2%,46.6%,30.5%,42.5%,48.6%,35.1%,18.8%,20.9%,29.6%,42.5%,77,71.6%,48.6%,2.43,13.2%,7.0%,3.7,50.8%,44.8%,47.5%,46.0%,50.1%,8.9%,1.9,4.1,0.2%,100.0%,7.0%,68.0%,12.9%,23.1%,21.4%,13.1%,27.1%,0.7%,25.8%,40,55
27,Elina Avanesyan,36,36,1.1%,3.7%,69.2%,57.9%,43.4%,11.0%,19.0%,6.4%,4.7%,86.6,89.5,87.2,73.5,77.7,72.7,1.7%,51.1%,0.6%,52.5%,46.2%,45.4%,45.7%,16.9%,25.0%,49.1%,21.2%,47.4%,15.1%,18.1%,36.3%,32,81.0%,49.2%,2.56,4.7%,12.2%,5.3,48.8%,48.9%,51.9%,47.3%,50.0%,4.8%,4.0,2.1,0.0%,-,6.1%,65.0%,9.7%,18.1%,7.0%,7.8%,18.4%,0.7%,19.0%,-62,-60
13,Rebecca Sramkova,37,36,3.8%,3.9%,59.8%,61.8%,47.4%,16.5%,19.2%,9.8%,5.4%,98.2,102.0,89.3,77.1,77.8,74.5,3.7%,58.0%,3.5%,55.6%,44.3%,45.1%,47.0%,23.4%,34.6%,51.8%,8.8%,59.8%,16.1%,23.0%,39.7%,4,72.5%,52.0%,2.49,16.5%,10.5%,4.3,48.9%,48.4%,52.8%,49.5%,52.6%,8.8%,8.0,2.3,0.2%,50.0%,6.0%,69.0%,15.5%,25.1%,25.0%,8.9%,18.6%,1.7%,34.5%,18,11
44,Anastasia Potapova,38,21,3.0%,6.4%,56.2%,64.1%,44.5%,13.8%,20.5%,7.2%,5.1%,97.2,100.7,95.8,81.1,82.5,80.4,2.6%,55.9%,2.2%,54.8%,44.6%,44.1%,46.0%,23.3%,33.4%,50.0%,24.8%,56.8%,16.6%,21.0%,39.7%,42,72.1%,52.7%,2.50,9.6%,13.3%,4.2,46.8%,48.1%,51.5%,53.4%,50.6%,4.8%,5.4,4.3,0.0%,-,5.5%,66.8%,13.1%,19.1%,13.2%,10.5%,28.6%,0.6%,34.3%,2,10
24,Olga Danilovic,39,35,4.0%,5.6%,60.6%,62.7%,46.2%,15.5%,19.4%,8.9%,4.8%,97.5,100.7,92.2,77.3,66.5,79.5,4.0%,56.9%,4.2%,59.5%,44.9%,47.1%,46.1%,26.6%,36.4%,49.2%,42.8%,54.8%,19.5%,24.7%,40.6%,44,71.7%,53.0%,2.45,12.3%,9.2%,4.0,51.3%,49.5%,46.3%,51.2%,55.4%,12.8%,6.0,2.6,0.2%,100.0%,8.9%,65.5%,13.8%,21.5%,8.0%,9.5%,18.6%,1.1%,23.8%,29,32
28,Katie Boulter,40,23,4.8%,6.2%,57.1%,68.6%,45.7%,17.0%,19.5%,10.4%,4.8%,103.3,105.6,101.7,88.9,89.7,87.6,5.0%,58.5%,4.0%,56.9%,44.1%,42.8%,47.0%,31.4%,45.5%,51.4%,49.8%,14.1%,19.5%,26.5%,41.1%,72,66.1%,54.9%,2.42,19.8%,11.2%,3.5,48.1%,51.6%,51.4%,52.4%,57.7%,10.9%,11.2,1.8,0.1%,50.0%,7.5%,74.1%,18.7%,24.2%,31.5%,10.8%,21.8%,1.1%,28.8%,65,64
22,Xin Yu Wang,41,32,3.5%,5.0%,58.9%,63.6%,46.9%,16.5%,20.8%,10.9%,5.0%,98.7,102.8,96.3,80.4,82.7,79.0,3.3%,54.5%,2.6%,52.6%,43.4%,43.4%,44.8%,24.0%,35.8%,48.2%,27.3%,41.7%,16.0%,21.3%,40.2%,41,67.2%,53.2%,2.47,14.4%,11.4%,3.8,46.4%,47.1%,46.7%,57.3%,56.9%,10.3%,6.4,2.2,0.0%,-,7.5%,60.2%,14.9%,25.1%,4.9%,8.9%,25.5%,1.4%,25.8%,28,22
114,Belinda Bencic,42,4,4.1%,6.0%,62.0%,67.4%,46.0%,14.9%,16.3%,6.5%,6.8%,96.6,100.8,96.4,81.5,85.0,84.1,3.5%,59.3%,3.7%,56.9%,44.4%,44.2%,49.2%,28.5%,39.7%,52.9%,50.6%,27.9%,16.7%,22.2%,43.0%,43,68.8%,54.4%,2.50,12.2%,11.4%,3.9,49.2%,51.2%,52.6%,53.8%,51.2%,3.0%,5.9,6.4,0.0%,100.0%,7.4%,72.1%,11.4%,19.0%,8.0%,12.0%,26.6%,0.6%,29.0%,-11,3
13,Mccartney Kessler,43,42,2.9%,3.6%,60.9%,63.0%,47.2%,10.9%,19.4%,6.6%,3.8%,97.9,101.2,96.4,81.0,85.0,81.6,1.4%,53.7%,1.3%,54.2%,41.0%,45.3%,45.2%,24.1%,30.3%,47.1%,38.8%,31.3%,17.8%,21.5%,42.2%,17,75.8%,51.7%,2.64,9.0%,8.6%,4.4,46.5%,49.1%,48.4%,55.8%,51.2%,4.5%,5.3,0.2,0.0%,-,6.6%,64.9%,10.9%,19.2%,18.9%,7.1%,20.9%,0.6%,44.4%,-30,-22
20,Peyton Stearns,44,43,2.6%,4.1%,66.0%,60.0%,46.7%,16.3%,20.6%,12.6%,3.5%,94.8,103.0,90.2,78.4,80.4,79.9,2.6%,56.2%,2.4%,54.6%,43.3%,45.9%,45.5%,18.7%,29.4%,45.8%,38.0%,58.3%,16.6%,27.0%,44.9%,27,67.5%,55.1%,2.52,22.8%,9.8%,3.8,47.4%,47.8%,54.2%,48.4%,58.7%,10.8%,10.2,-1.2,0.0%,-,6.5%,71.5%,17.9%,22.6%,13.8%,8.4%,20.4%,1.5%,25.7%,60,36
11,Lulu Sun,45,39,6.4%,4.9%,57.8%,68.2%,47.8%,19.3%,17.2%,12.2%,4.5%,102.2,106.9,95.3,86.6,87.4,83.9,3.3%,58.0%,4.4%,62.1%,45.9%,46.8%,49.8%,35.8%,50.8%,54.4%,13.3%,56.8%,22.4%,34.1%,44.0%,29,65.8%,52.0%,2.47,21.1%,10.9%,3.4,49.4%,53.8%,47.1%,50.0%,52.4%,15.6%,14.5,-1.7,1.7%,83.3%,8.2%,77.0%,21.1%,32.9%,12.5%,10.7%,21.5%,1.2%,29.6%,66,64
54,Dayana Yastremska,46,21,4.7%,6.9%,58.5%,63.8%,46.9%,17.6%,23.5%,9.4%,6.5%,100.4,104.1,97.4,88.4,90.3,88.1,4.2%,58.4%,3.2%,55.9%,44.1%,44.3%,48.2%,29.6%,41.8%,50.0%,41.6%,51.9%,21.5%,30.6%,45.6%,87,63.2%,58.6%,2.53,17.3%,8.2%,3.4,48.3%,51.6%,57.8%,55.7%,51.6%,5.0%,8.4,5.4,0.1%,20.0%,6.2%,69.9%,18.1%,21.6%,35.7%,13.7%,24.1%,0.5%,25.0%,141,122
61,Emma Raducanu,47,10,4.5%,4.6%,66.8%,63.9%,45.4%,13.8%,17.7%,7.2%,5.4%,97.9,100.3,95.2,88.0,90.2,86.3,4.0%,58.7%,3.4%,59.3%,45.1%,43.3%,49.1%,26.5%,37.3%,53.2%,38.8%,32.8%,20.0%,24.3%,40.0%,61,75.3%,52.1%,2.46,13.1%,6.7%,4.3,52.8%,49.6%,48.5%,50.2%,51.3%,10.6%,5.8,3.5,0.1%,100.0%,6.2%,65.1%,12.4%,22.2%,17.4%,9.7%,24.4%,0.9%,39.2%,-26,-6
82,Marketa Vondrousova,48,6,3.6%,7.1%,59.9%,65.1%,47.0%,14.4%,17.2%,6.6%,4.8%,95.7,100.2,95.8,81.9,84.1,80.2,2.3%,57.3%,3.4%,59.0%,46.9%,46.9%,49.6%,25.6%,34.7%,50.7%,1.3%,40.4%,16.6%,23.0%,47.8%,41,76.7%,51.9%,2.43,17.3%,6.4%,4.4,51.2%,50.3%,49.7%,49.1%,51.4%,20.9%,4.0,1.9,0.0%,0.0%,7.7%,71.9%,10.5%,21.7%,6.0%,6.5%,16.6%,3.3%,34.7%,-46,-24
70,Anastasia Pavlyuchenkova,49,11,3.8%,6.9%,61.5%,65.4%,44.4%,16.9%,19.3%,7.8%,4.7%,98.6,101.5,96.1,84.6,88.9,86.3,3.5%,57.8%,2.8%,56.0%,43.1%,44.1%,46.5%,26.9%,39.6%,48.8%,24.2%,37.7%,17.0%,25.4%,42.6%,43,67.3%,53.8%,2.50,11.2%,9.9%,3.5,47.8%,49.1%,50.7%,51.2%,50.9%,8.1%,8.1,1.7,0.2%,88.9%,8.9%,67.5%,15.9%,22.6%,16.5%,11.6%,27.2%,1.7%,38.4%,57,56
154,Victoria Azarenka,50,1,3.3%,6.1%,66.4%,65.6%,44.5%,15.0%,15.6%,5.7%,4.9%,96.3,100.1,95.2,83.1,84.3,84.0,2.8%,59.7%,2.3%,58.4%,47.8%,49.2%,48.6%,25.6%,35.1%,51.5%,16.0%,24.0%,17.4%,22.1%,42.6%,48,72.7%,54.8%,2.43,10.2%,9.3%,4.1,50.3%,52.7%,51.3%,49.9%,52.4%,12.3%,5.5,5.9,0.0%,100.0%,8.5%,72.1%,11.1%,15.9%,7.4%,10.7%,23.8%,0.8%,38.1%,-26,-12
70,Veronika Kudermetova,51,9,6.6%,3.7%,58.9%,67.1%,46.4%,16.8%,20.8%,7.5%,4.6%,103.0,105.1,99.3,80.7,85.0,80.8,6.3%,57.1%,4.4%,56.1%,42.5%,43.4%,44.0%,32.5%,46.5%,48.4%,43.1%,52.5%,16.2%,22.8%,38.7%,1,66.8%,53.9%,2.39,21.4%,10.9%,3.7,49.3%,47.7%,46.7%,48.3%,48.9%,11.8%,5.5,0.9,0.1%,66.7%,7.8%,66.1%,15.6%,27.0%,18.3%,10.5%,25.6%,1.1%,25.3%,67,59
31,Camila Osorio,52,33,1.6%,6.8%,65.2%,60.0%,42.3%,12.4%,19.6%,7.2%,4.6%,89.5,94.6,87.0,80.9,79.6,80.5,1.5%,53.5%,1.6%,53.7%,48.3%,48.3%,47.3%,20.0%,28.9%,50.1%,61.9%,16.7%,19.1%,24.2%,41.1%,60,75.7%,54.2%,2.47,8.8%,11.2%,4.3,49.9%,50.5%,50.1%,54.0%,53.2%,29.1%,5.5,4.4,0.0%,-,6.2%,76.4%,12.3%,21.6%,15.9%,9.5%,31.0%,3.3%,26.9%,-22,-13
22,Alycia Parks,53,40,10.0%,11.8%,54.7%,68.5%,41.8%,20.1%,25.1%,10.1%,6.0%,110.8,114.8,105.9,97.5,99.2,97.2,8.3%,55.1%,7.5%,57.2%,41.1%,42.0%,46.1%,37.9%,52.2%,47.8%,76.3%,22.6%,28.1%,39.6%,43.4%,117,64.4%,55.0%,2.42,30.2%,7.5%,2.9,48.5%,50.6%,52.0%,49.3%,50.9%,12.2%,7.0,1.0,1.5%,78.9%,10.1%,64.8%,20.7%,26.4%,23.7%,12.3%,20.5%,1.9%,28.8%,176,180
8,Polina Kudermetova,54,54,4.2%,7.1%,55.6%,64.0%,42.5%,14.7%,19.8%,8.4%,5.1%,N/A,N/A,N/A,N/A,N/A,N/A,7.0%,61.9%,3.8%,53.0%,36.4%,41.7%,45.9%,31.5%,47.1%,50.7%,27.4%,58.0%,24.6%,32.0%,39.2%,73,63.9%,51.5%,2.58,13.7%,17.9%,3.0,46.9%,50.8%,52.1%,46.2%,50.5%,11.5%,7.9,6.4,0.0%,-,4.6%,76.5%,21.2%,29.6%,40.0%,14.9%,26.0%,3.1%,35.0%,129,108
113,Naomi Osaka,55,1,8.6%,3.5%,57.1%,71.7%,48.3%,17.7%,20.3%,7.9%,5.5%,103.5,108.9,100.1,80.9,84.8,81.9,8.0%,61.4%,6.4%,59.2%,41.9%,43.4%,46.8%,38.1%,50.1%,53.2%,20.5%,34.2%,16.9%,24.6%,39.7%,-9,68.9%,51.9%,2.45,23.5%,13.1%,3.6,51.5%,48.5%,52.0%,51.9%,47.0%,3.2%,6.6,2.6,0.1%,75.0%,5.5%,69.3%,17.5%,26.4%,22.9%,11.8%,26.7%,0.4%,33.7%,68,70
52,Katerina Siniakova,56,27,3.3%,6.1%,61.9%,62.2%,44.4%,13.7%,20.4%,5.7%,5.9%,96.1,99.5,94.9,81.9,82.9,85.1,3.6%,56.0%,2.7%,55.5%,42.4%,45.6%,47.0%,20.5%,29.4%,49.3%,21.1%,21.8%,16.3%,22.2%,42.6%,38,76.7%,51.2%,2.51,7.3%,7.5%,4.5,47.4%,48.0%,50.8%,53.2%,50.7%,8.3%,0.0,5.2,0.7%,50.0%,8.7%,64.1%,8.8%,14.9%,9.4%,11.7%,22.7%,1.6%,35.4%,-3,-1
52,Marie Bouzkova,57,24,2.8%,3.6%,65.6%,63.0%,47.3%,11.9%,15.1%,6.3%,4.1%,92.4,95.3,89.5,73.8,76.9,74.7,2.3%,56.8%,1.3%,56.0%,45.8%,46.3%,47.1%,21.1%,30.4%,49.3%,38.1%,43.8%,17.4%,20.4%,42.5%,11,75.6%,48.7%,2.43,11.7%,7.8%,4.7,50.4%,49.2%,46.7%,43.6%,48.5%,10.9%,1.4,2.9,0.9%,71.0%,9.3%,70.0%,9.3%,16.2%,8.8%,7.0%,20.6%,1.1%,28.8%,-64,-56
19,Lucia Bronzetti,58,46,2.8%,3.4%,61.1%,61.7%,46.1%,9.7%,15.1%,5.9%,2.7%,95.2,98.9,93.3,81.0,83.0,79.9,2.1%,54.8%,1.4%,53.5%,45.6%,45.0%,45.7%,21.2%,30.4%,49.4%,8.2%,71.1%,15.4%,19.3%,38.9%,15,71.5%,48.5%,2.47,12.8%,9.6%,4.8,48.3%,44.8%,53.0%,38.8%,56.7%,7.3%,3.8,0.6,0.0%,-,5.2%,60.5%,9.8%,14.9%,6.1%,4.5%,17.6%,0.7%,25.0%,-90,-78
6,Sonay Kartal,59,59,1.8%,2.6%,67.7%,61.4%,48.2%,9.3%,15.0%,6.8%,2.1%,98.1,101.9,96.6,77.6,80.0,76.8,2.1%,56.2%,0.9%,55.8%,40.5%,43.5%,43.7%,26.3%,32.7%,43.0%,4.1%,67.7%,14.5%,18.1%,44.9%,-22,76.7%,50.8%,2.54,12.4%,4.9%,4.4,50.1%,47.7%,43.9%,54.6%,49.6%,24.9%,5.7,1.1,0.0%,-,4.5%,67.5%,13.1%,23.3%,14.3%,6.1%,43.5%,0.5%,37.5%,-88,-60
10,Moyuka Uchijima,60,51,3.7%,7.3%,56.6%,62.6%,43.3%,10.9%,18.3%,7.7%,3.1%,97.9,99.3,97.0,83.1,87.3,85.0,1.8%,54.7%,1.6%,47.5%,43.0%,45.8%,47.1%,21.5%,31.8%,50.5%,25.5%,16.4%,17.4%,21.3%,41.4%,47,69.9%,51.0%,2.44,13.2%,11.3%,4.6,48.6%,48.5%,47.2%,54.1%,54.8%,6.8%,7.9,-0.2,0.2%,100.0%,8.5%,63.8%,14.0%,19.2%,12.6%,5.2%,17.6%,0.8%,30.8%,-36,-31
22,Mayar Sherif,61,31,3.0%,2.4%,72.0%,60.8%,45.3%,14.4%,18.4%,8.2%,3.6%,96.4,102.8,89.3,83.2,84.6,81.7,2.1%,59.8%,2.4%,59.9%,43.7%,44.4%,47.8%,19.8%,30.8%,49.5%,12.0%,57.3%,15.5%,23.6%,42.8%,-16,75.9%,45.7%,2.39,6.2%,4.3%,4.5,48.9%,47.7%,47.2%,45.0%,57.4%,12.0%,4.3,-2.3,0.4%,83.3%,9.9%,67.4%,12.1%,15.9%,6.4%,8.1%,20.7%,3.1%,36.7%,-8,-15
12,Kimberly Birrell,62,61,2.9%,6.3%,62.6%,62.7%,45.2%,12.8%,20.1%,6.8%,6.1%,95.7,97.2,92.1,77.5,73.3,70.5,1.4%,54.4%,1.3%,54.6%,42.1%,43.8%,45.0%,21.0%,30.1%,46.7%,33.0%,38.8%,11.0%,16.1%,42.0%,-17,66.7%,52.0%,2.44,8.2%,10.1%,4.6,41.8%,46.2%,54.1%,53.6%,49.6%,2.2%,3.7,2.1,0.0%,-,7.3%,62.1%,10.9%,21.3%,5.0%,7.5%,23.7%,0.1%,0.0%,-31,-24
18,Ann Li,63,44,3.2%,3.5%,61.1%,63.5%,47.2%,14.1%,21.0%,7.4%,2.7%,96.8,100.6,92.0,76.8,81.2,74.5,2.5%,56.6%,1.6%,54.4%,46.2%,46.3%,46.8%,26.3%,37.7%,51.9%,16.2%,71.2%,15.9%,22.8%,38.6%,-9,70.4%,51.2%,2.55,11.5%,11.7%,3.8,48.2%,47.8%,54.9%,53.3%,56.5%,18.7%,6.6,-0.1,0.2%,50.0%,7.5%,75.1%,16.2%,30.1%,18.6%,8.9%,31.4%,0.8%,40.6%,52,37
12,Viktoriya Tomova,64,46,1.7%,4.3%,66.2%,57.4%,42.7%,9.5%,15.2%,4.7%,4.5%,91.8,96.9,92.4,78.0,81.9,77.3,1.2%,54.6%,0.8%,54.0%,48.7%,48.1%,43.8%,19.4%,27.0%,46.4%,51.5%,26.6%,14.5%,18.5%,37.6%,24,78.0%,49.1%,2.58,6.7%,9.8%,5.0,46.9%,44.6%,44.4%,52.7%,47.7%,10.2%,0.7,0.9,0.0%,-,5.2%,69.0%,6.9%,10.1%,7.7%,6.6%,22.9%,1.9%,45.7%,-86,-75
27,Anhelina Kalinina,65,25,2.5%,5.5%,62.8%,61.3%,44.3%,13.0%,19.6%,6.4%,5.6%,96.6,99.0,94.2,82.3,90.0,83.0,2.1%,54.6%,1.5%,54.3%,46.6%,45.8%,43.4%,22.7%,32.0%,46.3%,19.5%,42.1%,16.7%,22.9%,38.4%,48,74.0%,51.4%,2.48,9.2%,10.8%,4.3,46.9%,46.7%,45.6%,52.7%,48.6%,5.8%,5.0,1.8,0.0%,-,6.8%,68.2%,11.7%,17.4%,11.5%,9.5%,22.8%,1.8%,29.9%,-10,-11
12,Jaqueline Cristian,66,57,4.0%,4.7%,59.0%,63.4%,45.7%,13.5%,20.4%,7.3%,4.3%,101.1,101.4,94.9,84.4,90.6,83.3,2.3%,56.8%,2.1%,54.7%,47.0%,47.8%,46.0%,25.7%,36.2%,46.8%,36.7%,29.6%,17.1%,21.0%,44.9%,25,72.6%,47.0%,2.40,13.3%,8.2%,4.5,46.9%,46.9%,49.2%,42.3%,53.9%,9.6%,2.3,-0.6,0.0%,-,7.2%,72.9%,10.8%,15.0%,21.6%,6.8%,15.6%,0.7%,30.8%,-31,-24
27,Varvara Gracheva,67,39,2.3%,4.4%,62.1%,60.4%,45.9%,11.9%,20.6%,5.7%,4.1%,99.0,102.2,96.6,78.7,81.4,79.2,2.3%,55.8%,1.6%,54.0%,45.7%,46.6%,45.4%,22.1%,31.0%,47.7%,16.6%,56.7%,15.7%,19.9%,41.8%,24,72.6%,51.5%,2.52,11.4%,8.3%,4.5,48.2%,47.1%,51.7%,47.0%,50.8%,8.3%,1.7,3.0,0.0%,-,7.5%,67.0%,11.2%,21.1%,17.5%,9.5%,26.0%,0.6%,34.9%,8,4
11,Eva Lys,68,68,0.9%,5.1%,67.9%,57.2%,46.2%,13.4%,21.3%,9.0%,4.9%,85.5,86.6,84.3,78.8,78.6,80.0,0.4%,50.3%,1.1%,52.4%,44.1%,44.6%,47.2%,16.8%,27.6%,49.9%,46.6%,26.1%,18.2%,26.6%,41.0%,58,75.5%,54.2%,2.56,8.7%,8.8%,4.6,47.8%,49.3%,50.5%,50.0%,47.5%,2.7%,7.2,4.6,0.0%,-,5.1%,61.8%,15.1%,25.1%,14.3%,9.8%,19.1%,0.1%,66.7%,-5,-11
14,Suzan Lamens,69,64,3.4%,6.5%,61.8%,62.1%,41.9%,13.5%,22.8%,8.9%,3.3%,N/A,N/A,N/A,N/A,N/A,N/A,2.8%,54.0%,1.6%,55.4%,46.6%,48.1%,51.5%,27.5%,40.2%,55.0%,42.0%,21.8%,20.9%,25.4%,44.5%,70,74.2%,54.8%,2.40,27.0%,6.8%,4.6,51.9%,54.6%,52.2%,49.8%,53.3%,9.7%,6.8,-0.1,0.0%,-,6.5%,73.3%,12.7%,18.5%,22.1%,5.1%,20.9%,0.8%,38.2%,-25,2
10,Renata Zarazua,70,51,0.8%,4.4%,71.0%,56.4%,43.2%,10.7%,17.6%,3.3%,4.8%,87.1,88.4,83.8,77.4,76.9,78.3,0.4%,53.6%,0.2%,51.8%,47.5%,47.9%,48.3%,13.4%,23.9%,50.3%,35.3%,30.8%,15.0%,19.5%,42.5%,26,77.5%,47.9%,2.49,5.9%,7.6%,4.9,47.2%,48.7%,49.3%,43.5%,49.8%,15.0%,-0.5,1.5,0.0%,-,6.2%,69.0%,6.6%,15.1%,0.0%,8.1%,18.9%,2.3%,36.4%,-52,-53
20,Caroline Dolehide,71,41,3.5%,4.9%,68.5%,62.2%,45.5%,13.6%,20.0%,10.3%,2.1%,98.7,102.1,94.6,84.5,84.4,88.1,3.6%,57.1%,2.5%,58.7%,44.2%,44.1%,47.1%,30.7%,44.3%,50.9%,49.4%,44.0%,22.5%,32.9%,37.7%,93,70.7%,51.6%,2.40,7.8%,7.7%,3.5,52.0%,50.8%,42.6%,51.3%,57.2%,33.1%,5.8,0.3,2.1%,73.3%,8.5%,64.0%,17.6%,27.0%,15.3%,9.1%,32.0%,0.5%,26.3%,19,35
8,Alexandra Eala,72,72,1.2%,6.5%,63.4%,53.4%,38.8%,14.3%,15.7%,8.3%,6.1%,N/A,N/A,N/A,N/A,N/A,N/A,1.9%,53.8%,1.6%,60.6%,43.6%,50.2%,51.9%,23.8%,34.6%,50.5%,11.1%,38.2%,18.0%,28.7%,55.0%,51,77.5%,55.7%,2.41,7.3%,7.4%,4.2,50.3%,55.8%,51.6%,58.1%,60.3%,5.3%,9.7,9.5,0.0%,-,6.1%,76.3%,15.1%,25.4%,11.5%,12.9%,23.1%,0.9%,50.0%,-2,5
5,Jessica Bouzas Maneiro,73,52,1.5%,7.1%,61.4%,57.7%,41.9%,12.6%,20.0%,7.5%,5.1%,94.1,99.1,91.6,80.4,80.3,82.5,1.4%,56.5%,3.3%,56.6%,46.1%,48.8%,52.0%,15.5%,28.4%,54.9%,52.6%,50.0%,23.8%,30.0%,44.3%,98,74.4%,55.4%,2.56,16.5%,8.8%,4.0,49.7%,55.4%,57.4%,37.2%,54.7%,14.7%,12.0,6.8,0.0%,-,8.1%,67.3%,16.9%,20.7%,12.0%,13.7%,40.0%,1.5%,26.7%,30,22
38,Irina Camelia Begu,74,22,3.4%,5.8%,63.8%,62.1%,45.3%,13.4%,20.6%,6.3%,4.4%,98.9,101.2,97.3,85.8,87.4,87.2,3.3%,55.8%,2.0%,55.5%,43.3%,43.8%,46.7%,23.7%,32.0%,48.7%,61.4%,35.3%,20.0%,25.1%,42.6%,71,71.5%,51.5%,2.45,9.8%,6.9%,4.3,48.5%,48.0%,49.1%,49.8%,53.1%,8.9%,4.0,-00,0.1%,100.0%,7.0%,65.4%,10.8%,17.8%,8.5%,8.3%,20.5%,1.1%,32.4%,-2,8
31,Anna Blinkova,75,35,3.5%,7.0%,60.1%,61.0%,42.3%,13.7%,18.1%,5.9%,4.6%,95.7,102.8,93.7,80.9,85.4,82.9,3.1%,54.6%,2.8%,54.1%,43.2%,46.9%,44.5%,27.2%,38.5%,48.1%,32.1%,30.0%,18.4%,25.8%,38.8%,58,73.3%,52.5%,2.52,7.7%,14.1%,3.8,49.6%,48.9%,46.5%,43.0%,50.0%,7.0%,4.8,6.0,0.8%,70.6%,7.4%,67.6%,14.1%,23.6%,10.5%,10.9%,30.2%,1.0%,34.8%,-5,11
31,Bernarda Pera,76,27,4.4%,6.8%,61.1%,64.0%,44.8%,13.5%,22.3%,7.3%,3.6%,95.7,98.7,93.9,82.9,86.7,81.1,3.3%,56.9%,3.3%,59.0%,44.6%,44.4%,45.9%,27.1%,38.4%,47.1%,13.7%,63.2%,20.5%,27.5%,43.5%,77,64.4%,53.3%,2.43,9.1%,7.5%,3.6,47.0%,48.6%,49.0%,47.8%,52.4%,12.1%,3.9,2.8,0.0%,100.0%,5.9%,66.9%,14.2%,22.2%,11.0%,10.4%,21.8%,1.1%,33.8%,49,50
6,Zeynep Sonmez,77,77,1.1%,6.0%,60.9%,60.1%,42.6%,9.8%,21.2%,5.6%,4.6%,N/A,N/A,N/A,N/A,N/A,N/A,0.2%,51.1%,0.8%,50.2%,43.3%,44.9%,43.6%,21.6%,31.5%,46.7%,35.0%,41.5%,22.4%,22.4%,38.1%,90,74.2%,53.7%,2.61,9.0%,8.1%,4.1,47.0%,52.0%,51.1%,43.3%,49.2%,4.6%,2.9,1.2,0.0%,-,9.1%,69.6%,11.5%,16.3%,0.0%,6.6%,18.4%,1.2%,20.0%,-2,2
6,Maya Joint,78,78,1.6%,4.9%,63.0%,58.6%,52.1%,12.3%,21.2%,7.3%,5.2%,90.5,91.6,87.8,76.8,81.1,76.0,1.6%,56.8%,0.4%,50.7%,46.3%,42.0%,47.0%,19.0%,29.3%,46.4%,14.6%,43.1%,14.2%,19.8%,48.4%,17,70.0%,56.0%,2.40,6.2%,8.0%,4.2,49.5%,45.2%,53.1%,55.1%,45.0%,6.1%,8.5,4.1,0.0%,-,6.7%,57.1%,13.1%,16.7%,0.0%,10.9%,33.9%,1.0%,7.7%,27,19
41,Ajla Tomljanovic,79,32,4.4%,6.4%,60.0%,64.4%,43.4%,12.0%,19.7%,4.9%,4.4%,100.4,102.4,99.1,82.8,85.0,86.1,4.0%,55.3%,3.5%,54.9%,44.8%,44.5%,43.6%,25.8%,35.8%,46.8%,51.4%,13.7%,18.0%,21.4%,38.4%,57,66.8%,52.6%,2.46,13.1%,9.3%,4.2,47.7%,45.8%,47.4%,47.1%,51.0%,16.1%,1.1,4.6,0.1%,0.0%,5.7%,63.2%,9.2%,15.6%,13.3%,9.0%,24.2%,0.9%,47.5%,-26,-14
21,Katie Volynets,80,56,1.2%,2.8%,74.1%,56.7%,44.1%,9.5%,16.4%,5.0%,4.1%,90.2,93.4,89.2,79.0,82.7,81.3,1.4%,54.3%,1.5%,54.3%,45.7%,43.7%,46.9%,18.1%,24.0%,49.1%,25.0%,24.5%,14.2%,18.6%,39.5%,14,78.3%,52.2%,2.51,6.2%,8.3%,5.2,49.2%,49.1%,51.5%,50.1%,52.8%,10.7%,4.5,3.3,0.0%,-,6.9%,60.8%,8.2%,13.1%,11.1%,8.0%,19.7%,0.2%,29.4%,-78,-74
30,Tatjana Maria,81,42,5.3%,4.1%,55.7%,64.4%,44.9%,12.0%,12.8%,6.5%,2.8%,101.9,106.7,97.4,77.2,85.7,76.1,5.6%,58.0%,4.3%,55.8%,41.4%,42.2%,46.0%,32.2%,43.1%,53.2%,41.0%,43.9%,15.1%,19.2%,38.1%,16,81.2%,46.7%,2.42,21.2%,11.1%,4.4,54.0%,44.7%,45.5%,43.2%,46.4%,79.3%,4.9,-1.5,0.8%,58.8%,14.7%,62.2%,15.0%,27.4%,15.8%,11.2%,23.7%,1.6%,31.7%,-87,-57
113,Maria Sakkari,82,3,4.9%,5.0%,60.3%,65.5%,47.0%,14.4%,19.8%,7.5%,3.9%,101.5,107.1,96.1,85.0,88.9,84.6,4.1%,56.3%,2.6%,56.6%,44.0%,44.4%,47.0%,29.4%,40.8%,50.0%,22.0%,39.9%,15.7%,22.1%,42.8%,40,72.3%,51.8%,2.45,13.3%,8.9%,4.1,49.0%,50.1%,50.7%,50.0%,52.6%,7.5%,4.2,2.4,0.0%,100.0%,6.7%,67.1%,13.0%,18.2%,11.0%,9.1%,25.1%,1.2%,35.2%,5,13
12,Kamilla Rakhimova,83,60,1.9%,5.6%,57.7%,61.4%,45.6%,10.4%,17.6%,4.9%,3.4%,95.1,97.6,93.3,79.3,81.4,78.4,1.4%,56.1%,1.8%,55.2%,44.7%,42.9%,45.2%,25.4%,34.6%,49.1%,11.2%,34.8%,19.9%,23.2%,39.8%,39,70.1%,49.0%,2.53,12.1%,13.6%,4.0,47.0%,47.2%,53.9%,45.2%,47.8%,7.4%,3.3,0.4,0.2%,100.0%,3.7%,68.2%,10.9%,18.1%,10.4%,6.5%,25.9%,1.8%,37.0%,-23,-12
3,Emiliana Arango,84,79,1.0%,5.8%,67.3%,58.3%,41.8%,5.4%,25.2%,3.4%,2.1%,N/A,N/A,N/A,N/A,N/A,N/A,2.1%,53.5%,0.8%,56.4%,46.3%,46.2%,35.3%,20.7%,28.8%,39.8%,16.1%,68.0%,19.6%,21.4%,26.7%,47,73.0%,50.4%,2.21,3.6%,4.1%,4.7,50.9%,44.9%,37.0%,35.6%,61.5%,33.1%,-4.0,-7.4,0.0%,-,6.3%,77.3%,6.1%,12.4%,8.3%,3.5%,11.5%,0.6%,0.0%,-51,-39
52,Sara Sorribes Tormo,85,32,0.7%,6.8%,67.9%,56.3%,40.7%,8.7%,14.5%,5.2%,3.0%,89.8,93.3,89.3,76.9,74.9,77.3,0.7%,50.2%,0.4%,50.0%,47.3%,48.4%,44.5%,13.6%,17.8%,46.0%,49.8%,25.8%,11.8%,13.4%,40.4%,-6,86.1%,50.1%,2.47,3.4%,7.3%,6.2,50.2%,46.7%,47.6%,47.2%,54.3%,43.5%,2.7,-1.2,2.6%,66.3%,10.2%,67.5%,5.4%,7.6%,2.6%,4.9%,17.0%,1.0%,37.6%,-142,-128
3,Hailey Baptiste,86,80,5.5%,6.4%,54.8%,68.2%,46.3%,16.3%,21.5%,7.8%,2.6%,105.3,114.0,97.7,88.3,98.0,92.3,7.0%,60.5%,3.7%,57.8%,47.8%,43.0%,48.8%,39.6%,56.0%,54.3%,43.1%,37.3%,22.5%,30.4%,43.0%,32,69.2%,45.7%,2.46,22.5%,17.1%,3.2,48.2%,51.0%,55.0%,42.9%,48.6%,23.9%,6.5,-2.2,3.5%,87.5%,7.8%,68.4%,22.9%,18.3%,12.5%,10.7%,34.5%,2.0%,25.0%,111,114
66,Arantxa Rus,87,41,2.8%,5.6%,67.7%,59.7%,43.6%,11.2%,20.3%,6.6%,2.5%,96.3,102.4,96.6,82.5,86.1,83.3,2.1%,54.2%,1.8%,56.3%,45.6%,45.0%,48.3%,20.3%,28.5%,49.7%,51.5%,17.5%,17.0%,21.9%,44.4%,48,76.6%,51.5%,2.35,7.7%,5.3%,5.0,53.3%,48.7%,47.3%,48.4%,55.5%,7.9%,4.7,-0.9,0.0%,-,6.2%,65.5%,10.3%,16.7%,9.0%,5.0%,12.1%,0.0%,25.0%,-58,-46
5,Anca Alexia Todoni,88,83,4.5%,3.0%,57.6%,64.1%,48.2%,12.8%,16.3%,8.2%,2.8%,105.0,105.9,102.3,90.6,101.0,,4.7%,58.8%,5.1%,54.1%,35.3%,34.3%,46.1%,28.9%,40.5%,48.9%,18.2%,64.3%,13.6%,17.6%,42.6%,-23,59.5%,47.2%,2.50,17.0%,7.5%,3.5,45.1%,50.3%,44.1%,41.9%,52.6%,10.3%,5.9,0.4,0.0%,-,7.0%,75.0%,16.7%,20.8%,30.8%,9.3%,52.0%,0.6%,20.0%,36,19
15,Elisabetta Cocciaretto,89,29,1.7%,4.3%,66.3%,60.3%,47.0%,12.0%,18.9%,6.2%,3.6%,93.3,94.8,90.8,82.5,84.2,81.9,1.9%,52.9%,1.5%,53.3%,45.8%,40.6%,46.9%,20.0%,28.3%,47.2%,30.4%,37.9%,17.7%,24.1%,46.1%,41,73.8%,49.7%,2.50,6.5%,8.6%,4.4,48.3%,48.0%,48.2%,50.4%,48.8%,6.8%,5.4,1.5,0.0%,-,5.1%,78.9%,12.0%,24.4%,6.7%,9.0%,25.3%,0.4%,33.3%,-26,-22
17,Elena Gabriela Ruse,90,51,3.4%,7.1%,56.4%,62.9%,41.9%,13.4%,23.3%,7.6%,5.3%,99.9,103.0,96.1,84.3,84.0,83.9,2.4%,55.2%,1.5%,54.3%,47.8%,48.5%,42.8%,26.2%,36.0%,46.9%,12.9%,59.1%,13.5%,19.6%,37.6%,15,69.2%,54.8%,2.60,9.5%,11.5%,3.8,45.2%,47.8%,53.3%,48.5%,46.7%,8.1%,2.9,3.3,0.0%,-,5.6%,71.2%,13.1%,21.7%,16.7%,11.0%,32.5%,1.2%,43.9%,50,43
12,Greet Minnen,91,59,4.2%,4.2%,60.4%,64.4%,45.4%,13.3%,16.7%,8.9%,2.0%,100.0,102.0,97.9,81.7,84.0,83.6,4.3%,57.7%,2.8%,56.3%,42.4%,45.5%,45.9%,30.7%,45.3%,49.6%,15.7%,29.9%,16.7%,23.0%,40.2%,20,68.1%,54.7%,2.43,7.0%,18.5%,3.7,49.9%,50.0%,49.5%,47.5%,55.0%,19.5%,9.5,1.3,0.3%,50.0%,7.2%,62.2%,17.5%,22.9%,28.1%,7.1%,26.5%,1.1%,38.9%,6,11
12,Olivia Gadecki,92,83,4.8%,6.7%,62.4%,64.6%,42.3%,13.8%,19.2%,7.8%,4.5%,99.8,105.8,93.6,85.9,89.7,85.0,4.7%,59.1%,5.8%,55.2%,39.4%,41.2%,44.5%,30.3%,42.5%,48.8%,27.4%,42.9%,19.2%,25.5%,37.3%,66,63.7%,50.2%,2.37,20.3%,14.0%,3.3,47.7%,45.1%,51.8%,46.3%,53.1%,16.4%,5.4,3.0,2.1%,73.3%,9.7%,70.1%,18.0%,20.5%,20.0%,8.5%,20.5%,1.0%,29.4%,55,58
50,Viktorija Golubic,93,35,0.9%,4.0%,67.5%,58.4%,44.4%,12.1%,17.4%,7.2%,4.7%,86.6,89.8,84.6,76.5,76.9,77.0,1.1%,55.1%,0.7%,53.8%,45.9%,45.8%,46.9%,18.6%,25.3%,47.6%,23.1%,39.6%,15.6%,20.5%,45.4%,38,76.0%,52.0%,2.57,3.2%,8.8%,4.7,47.9%,50.2%,52.3%,47.5%,49.9%,34.9%,3.5,3.1,0.6%,78.3%,8.9%,70.6%,9.3%,14.9%,6.8%,9.7%,25.8%,2.1%,25.5%,-50,-46
17,Cristina Bucsa,94,56,1.4%,4.8%,66.3%,57.5%,42.6%,14.0%,20.2%,8.7%,5.3%,90.9,93.6,88.8,77.4,77.4,76.2,0.9%,53.2%,1.0%,52.6%,47.1%,47.1%,45.3%,19.2%,27.4%,45.7%,19.1%,43.1%,16.8%,22.5%,44.3%,47,73.2%,55.4%,2.42,5.3%,10.6%,4.3,45.2%,50.8%,52.9%,57.5%,54.7%,8.7%,5.5,1.4,0.1%,0.0%,9.3%,71.6%,12.3%,18.8%,9.2%,9.7%,21.8%,1.2%,35.3%,8,4
49,Laura Siegemund,95,27,1.2%,4.7%,70.4%,59.1%,46.3%,16.6%,21.8%,8.7%,5.8%,92.2,93.9,88.3,84.2,86.6,82.2,1.3%,55.8%,1.0%,53.8%,45.9%,47.3%,46.4%,17.1%,27.8%,48.4%,28.9%,30.2%,16.8%,23.1%,40.3%,40,74.3%,52.4%,2.38,5.0%,4.8%,3.9,44.9%,51.5%,52.4%,49.9%,53.1%,16.2%,3.0,0.3,1.6%,56.4%,11.7%,70.8%,13.6%,23.3%,13.5%,11.7%,27.3%,4.8%,31.9%,57,40
37,Jil Teichmann,96,21,3.4%,4.5%,61.0%,63.3%,46.3%,13.5%,21.8%,8.3%,3.7%,100.1,102.8,98.1,78.3,77.6,77.7,2.2%,55.1%,2.8%,56.7%,43.4%,45.1%,46.7%,22.9%,33.0%,50.0%,37.4%,46.0%,15.5%,19.1%,41.2%,21,76.9%,49.7%,2.41,8.9%,7.3%,4.7,49.9%,47.8%,48.0%,49.2%,54.7%,15.4%,1.3,0.3,1.8%,61.2%,10.5%,67.7%,9.8%,16.4%,7.2%,6.4%,15.8%,0.6%,34.3%,-29,-22
9,Erika Andreeva,97,65,3.1%,3.7%,61.7%,63.2%,46.5%,13.6%,20.0%,7.5%,4.5%,98.6,102.8,95.8,79.6,81.9,76.7,3.9%,54.8%,3.0%,55.6%,34.4%,40.9%,42.4%,25.1%,32.7%,43.0%,25.9%,44.3%,19.4%,23.4%,41.5%,-1,76.1%,46.7%,2.60,8.2%,8.7%,4.6,45.6%,44.8%,46.6%,52.8%,52.6%,11.2%,2.1,-1.6,0.0%,-,9.1%,66.9%,10.7%,14.2%,25.0%,6.5%,16.6%,3.0%,28.9%,-21,-16
14,Anna Bondar,98,50,6.2%,3.4%,59.1%,66.6%,45.2%,13.3%,17.6%,7.0%,3.6%,103.2,105.8,97.7,85.8,89.3,84.9,4.6%,59.6%,3.3%,58.2%,46.3%,45.1%,46.7%,35.7%,45.0%,54.0%,27.5%,48.7%,17.4%,23.1%,38.3%,-3,79.9%,46.3%,2.40,14.6%,14.1%,4.2,53.3%,48.6%,43.6%,50.0%,48.5%,13.1%,3.6,1.0,0.0%,-,7.0%,67.7%,13.1%,13.7%,13.7%,7.1%,23.8%,1.8%,44.3%,-28,-7
92,Caroline Garcia,99,4,6.7%,4.3%,62.4%,66.9%,49.1%,17.6%,19.3%,9.5%,4.3%,103.0,105.3,99.1,87.2,88.3,87.5,5.7%,59.8%,5.3%,59.3%,40.6%,41.1%,47.3%,31.7%,45.2%,50.1%,14.9%,44.8%,17.9%,25.7%,43.0%,15,63.4%,53.1%,2.38,12.5%,8.6%,3.4,49.6%,48.7%,49.8%,45.8%,53.8%,6.3%,5.7,1.7,0.6%,44.4%,10.5%,66.9%,17.2%,25.1%,24.5%,9.6%,27.0%,0.5%,30.1%,79,67
9,Robin Montgomery,100,100,6.2%,8.7%,61.6%,66.2%,41.5%,14.3%,22.7%,7.6%,3.7%,96.7,101.0,91.2,82.0,83.9,85.0,4.5%,56.3%,8.6%,57.2%,39.3%,40.6%,46.9%,34.6%,44.0%,50.7%,7.1%,41.5%,19.7%,25.9%,41.3%,71,69.5%,52.7%,2.34,19.8%,7.9%,3.8,48.3%,50.6%,56.6%,47.9%,55.6%,8.6%,3.8,0.5,0.0%,-,5.9%,71.4%,11.8%,23.9%,8.4%,8.5%,19.3%,0.9%,27.8%,15,33
16,Yue Yuan,101,36,3.2%,2.3%,60.1%,63.0%,46.6%,12.6%,18.5%,8.5%,3.1%,94.8,99.1,90.8,73.5,75.4,71.3,3.0%,55.5%,2.3%,54.6%,41.4%,44.1%,43.1%,22.7%,33.7%,48.3%,9.4%,61.2%,15.3%,20.1%,36.1%,-57,69.1%,47.6%,2.46,10.1%,23.1%,4.2,46.0%,45.1%,53.8%,48.4%,51.4%,4.5%,4.6,-0.4,0.0%,-,5.6%,69.0%,14.4%,20.9%,9.1%,7.0%,24.4%,0.5%,25.0%,7,-11
21,Taylor Townsend,102,46,5.3%,3.9%,65.1%,63.1%,47.6%,17.1%,20.8%,9.8%,4.4%,93.6,96.4,92.0,81.8,80.5,83.1,3.2%,57.4%,2.8%,57.7%,44.0%,44.3%,44.6%,28.8%,40.4%,45.5%,12.2%,22.9%,15.8%,21.9%,42.9%,12,74.9%,48.7%,2.43,12.7%,6.7%,3.8,48.0%,50.0%,47.5%,52.0%,54.5%,20.7%,-0.2,-2.2,14.5%,60.7%,18.6%,66.5%,11.2%,16.1%,7.4%,10.2%,18.8%,1.4%,34.4%,51,49
4,Yuliia Starodubtseva,103,79,2.0%,2.9%,64.8%,58.3%,45.0%,13.1%,17.6%,8.2%,4.4%,89.6,95.5,81.9,73.3,73.0,,1.9%,54.5%,3.1%,56.2%,50.6%,34.7%,47.8%,20.9%,32.1%,47.6%,38.5%,56.4%,13.8%,20.0%,48.2%,-42,70.7%,46.3%,2.59,5.4%,12.3%,4.2,50.5%,45.3%,48.7%,49.2%,58.3%,21.5%,4.6,0.9,0.0%,-,4.5%,71.0%,12.5%,18.3%,16.1%,8.3%,3.2%,0.6%,14.3%,-1,-9
1,Aoi Ito,104,104,2.9%,3.1%,74.6%,56.5%,44.9%,15.1%,12.1%,4.9%,7.7%,N/A,N/A,N/A,N/A,N/A,N/A,5.1%,45.8%,7.5%,60.4%,53.3%,48.8%,36.4%,27.6%,34.5%,33.3%,42.9%,53.8%,30.0%,35.0%,50.0%,97,79.5%,60.0%,3.13,3.2%,20.0%,3.4,54.8%,42.9%,52.4%,66.7%,47.2%,4.6%,-2.9,4.9,0.0%,-,6.0%,58.3%,14.7%,23.1%,0.0%,14.3%,33.3%,1.6%,50.0%,-31,3
21,Yafan Wang,105,47,2.7%,4.6%,60.0%,62.0%,45.5%,12.2%,19.0%,7.6%,3.0%,97.4,99.8,95.1,81.4,82.3,83.3,2.4%,55.4%,1.3%,53.8%,44.4%,46.7%,46.8%,19.4%,29.0%,49.3%,32.1%,28.3%,11.5%,14.6%,42.5%,-2,75.9%,47.4%,2.50,11.1%,6.2%,5.0,48.1%,45.9%,43.0%,51.9%,53.5%,12.9%,4.8,-2.2,0.4%,83.3%,9.3%,63.5%,11.0%,21.5%,7.5%,5.1%,18.9%,0.6%,23.1%,-49,-46
20,Rebecca Marino,106,38,9.3%,4.5%,56.7%,68.5%,46.6%,15.9%,23.6%,7.4%,2.6%,104.5,105.5,100.6,87.3,84.5,87.5,6.0%,57.3%,6.4%,59.8%,39.8%,41.0%,44.7%,43.2%,52.7%,48.9%,24.7%,36.9%,15.2%,25.8%,40.7%,-3,71.6%,49.6%,2.37,17.6%,12.9%,3.8,52.4%,46.7%,48.6%,47.6%,54.8%,12.7%,3.0,0.3,0.1%,0.0%,6.1%,66.3%,15.6%,24.4%,31.0%,7.5%,17.8%,0.3%,27.3%,61,71
2,Anastasia Zakharova,107,106,1.7%,5.1%,57.9%,57.5%,45.9%,7.3%,20.3%,3.5%,3.9%,N/A,N/A,N/A,N/A,N/A,N/A,0.6%,57.0%,0.2%,59.2%,56.3%,52.4%,44.6%,18.8%,23.5%,46.4%,10.0%,35.7%,32.4%,32.4%,39.1%,51,70.7%,55.2%,2.69,4.3%,7.5%,4.0,50.4%,48.6%,50.0%,47.4%,53.9%,1.1%,0.7,0.8,0.0%,-,4.4%,45.5%,7.5%,12.3%,0.0%,7.1%,14.3%,0.7%,66.7%,-22,-25
5,Leolia Jeanjean,108,102,2.6%,6.1%,59.9%,60.0%,44.2%,13.5%,16.3%,8.6%,5.2%,103.8,106.8,100.2,87.2,89.0,85.0,1.3%,54.7%,0.7%,51.1%,48.6%,44.4%,48.3%,19.0%,35.2%,49.7%,46.4%,61.1%,4.7%,10.9%,46.7%,-73,81.3%,50.0%,2.43,6.3%,6.7%,5.2,49.8%,47.9%,45.9%,43.0%,48.4%,17.7%,5.6,5.0,0.9%,100.0%,8.6%,73.2%,9.8%,17.9%,13.0%,10.7%,24.1%,3.5%,29.4%,-69,-60
2,Solana Sierra,109,109,2.1%,5.2%,60.3%,59.8%,48.1%,17.8%,24.0%,12.2%,7.0%,92.4,92.0,89.5,79.9,83.0,80.4,2.3%,52.3%,0.0%,54.8%,50.0%,50.7%,56.8%,18.1%,29.2%,62.7%,37.5%,26.7%,6.5%,6.5%,44.8%,-65,79.8%,62.7%,2.30,0.0%,3.3%,4.8,56.6%,62.7%,52.2%,64.5%,43.0%,7.8%,12.4,6.5,0.0%,-,5.9%,84.6%,13.5%,28.6%,0.0%,8.6%,29.4%,2.1%,50.0%,-2,6
15,Harriet Dart,110,70,2.8%,5.6%,55.4%,62.5%,44.2%,12.5%,19.8%,7.3%,3.5%,92.5,95.0,89.7,71.9,73.8,71.6,2.2%,54.3%,1.6%,53.1%,44.6%,45.6%,42.6%,21.2%,31.8%,46.1%,29.5%,31.5%,14.6%,18.0%,37.8%,26,74.6%,46.9%,2.55,10.9%,19.5%,4.1,44.3%,41.8%,50.0%,55.7%,54.9%,12.5%,4.5,2.7,0.0%,-,7.1%,72.0%,13.6%,20.4%,12.2%,11.7%,26.0%,1.4%,28.9%,-5,-8
47,Aliaksandra Sasnovich,111,29,3.1%,5.8%,64.8%,61.1%,44.4%,15.1%,21.6%,6.9%,6.5%,93.6,96.0,89.9,82.2,84.7,80.7,3.3%,55.4%,2.4%,54.4%,43.7%,44.9%,44.8%,22.8%,34.8%,47.2%,22.1%,37.7%,19.0%,27.2%,39.9%,62,68.5%,54.5%,2.46,7.1%,10.6%,3.6,45.7%,50.2%,52.5%,50.3%,50.4%,11.9%,2.6,3.4,0.4%,69.2%,6.9%,73.8%,13.3%,18.8%,12.3%,13.0%,25.3%,2.2%,38.9%,66,57
2,Mananchaya Sawangkaew,112,110,4.2%,5.5%,59.5%,62.1%,40.2%,13.9%,16.6%,7.0%,5.8%,N/A,N/A,N/A,N/A,N/A,N/A,0.7%,52.1%,1.0%,57.0%,43.5%,46.7%,36.5%,18.5%,24.1%,34.1%,33.3%,46.7%,29.6%,33.3%,42.1%,85,60.3%,47.4%,2.68,18.6%,6.9%,3.3,40.5%,43.6%,47.6%,60.0%,54.8%,15.9%,-4.3,1.9,0.0%,-,7.5%,83.3%,9.0%,16.0%,9.1%,13.4%,50.0%,1.7%,20.0%,-22,-40
18,Nuria Parrizas Diaz,113,45,0.8%,2.7%,71.9%,56.1%,45.9%,14.1%,24.6%,9.5%,5.0%,89.6,92.6,90.7,78.4,87.0,77.0,0.6%,55.3%,0.5%,54.1%,49.4%,48.0%,46.6%,14.5%,23.0%,47.8%,26.0%,55.5%,14.7%,16.9%,43.4%,19,78.1%,52.8%,2.49,5.8%,7.8%,4.9,47.4%,51.2%,54.9%,49.1%,49.4%,3.9%,6.9,1.0,0.1%,100.0%,4.3%,69.6%,14.9%,21.0%,16.5%,8.4%,22.6%,0.3%,44.4%,15,-2
51,Petra Martic,114,14,5.1%,4.8%,60.5%,65.7%,47.4%,14.7%,18.3%,6.9%,3.5%,101.7,106.9,97.3,86.3,88.2,87.9,4.4%,58.7%,2.7%,57.6%,42.2%,42.7%,46.9%,27.4%,39.0%,49.3%,27.9%,55.4%,14.2%,21.2%,43.2%,23,73.1%,47.9%,2.37,17.3%,7.2%,4.4,49.6%,46.9%,46.0%,46.7%,51.3%,36.9%,1.8,-2.3,2.4%,55.0%,11.7%,65.0%,10.6%,15.1%,10.3%,5.5%,15.8%,3.1%,35.6%,-19,-11
17,Diane Parry,115,48,5.0%,3.4%,58.1%,64.8%,48.2%,14.2%,17.7%,9.6%,2.2%,99.2,100.7,95.2,82.8,84.7,83.3,3.8%,56.6%,3.0%,54.5%,40.6%,38.4%,49.3%,24.5%,35.5%,50.9%,3.2%,47.6%,13.1%,21.5%,46.8%,12,74.5%,47.2%,2.40,24.1%,7.3%,4.3,49.5%,43.2%,52.6%,52.9%,58.1%,62.7%,8.1,-3.4,1.5%,64.7%,11.8%,66.1%,16.2%,20.6%,15.5%,6.6%,22.1%,0.9%,36.1%,-7,-7
2,Antonia Ruzic,116,114,1.7%,5.2%,64.9%,59.2%,37.3%,10.9%,20.9%,5.7%,4.7%,N/A,N/A,N/A,N/A,N/A,N/A,3.7%,59.3%,0.0%,60.0%,53.3%,67.9%,46.6%,21.4%,26.2%,48.1%,44.4%,69.2%,15.9%,15.9%,43.2%,41,82.7%,58.9%,2.60,6.2%,7.9%,5.1,47.3%,53.8%,59.6%,71.1%,45.5%,5.2%,3.3,5.1,0.0%,-,7.8%,79.2%,9.7%,29.2%,25.0%,9.8%,19.0%,1.8%,23.1%,-4,-4
36,Daria Saville,117,20,2.7%,7.0%,64.6%,61.9%,43.1%,13.8%,19.5%,9.2%,3.1%,93.3,96.4,91.0,79.2,82.6,80.3,2.6%,55.0%,2.1%,54.3%,45.1%,44.3%,47.3%,22.2%,33.4%,49.3%,24.7%,43.3%,15.2%,20.2%,43.3%,22,75.4%,50.8%,2.44,10.5%,7.2%,4.3,49.0%,49.6%,47.1%,49.4%,56.2%,28.2%,6.3,-1.1,0.2%,40.0%,7.9%,70.5%,13.5%,20.1%,10.6%,5.1%,16.4%,2.1%,30.3%,-26,-12
3,Maria Lourdes Carle,118,71,0.8%,7.3%,67.4%,58.1%,34.5%,12.7%,20.4%,8.2%,4.5%,89.2,91.6,87.0,67.2,64.0,64.0,0.7%,53.7%,0.4%,53.5%,52.4%,50.9%,48.8%,17.7%,23.4%,55.2%,18.2%,11.5%,15.3%,20.3%,34.0%,27,75.0%,57.8%,2.49,4.3%,5.9%,4.8,49.7%,53.9%,57.1%,56.5%,54.6%,49.2%,6.0,3.6,0.0%,-,7.7%,80.0%,11.0%,14.5%,8.7%,6.4%,19.4%,2.0%,56.3%,-59,-47
67,Sorana Cirstea,119,21,3.5%,4.0%,58.1%,63.2%,44.9%,14.6%,18.3%,6.0%,4.7%,99.5,102.4,97.9,82.1,84.2,83.2,3.0%,56.7%,2.0%,54.9%,44.0%,44.1%,43.6%,26.1%,37.3%,48.0%,27.9%,39.9%,16.4%,21.7%,36.8%,-8,73.3%,51.5%,2.59,17.2%,13.6%,4.0,50.3%,46.6%,46.4%,46.5%,49.4%,5.2%,3.7,3.0,0.1%,33.3%,8.4%,66.0%,12.9%,20.7%,12.2%,11.1%,26.0%,1.1%,42.4%,21,16
37,Varvara Lepchenko,120,19,2.8%,3.9%,66.9%,60.2%,46.6%,13.6%,20.6%,6.2%,2.1%,92.0,93.1,90.6,80.7,82.4,82.5,1.5%,54.6%,2.7%,57.7%,41.4%,43.5%,42.7%,21.7%,31.5%,45.1%,4.3%,49.0%,14.6%,20.5%,38.2%,26,71.1%,49.2%,2.40,7.1%,8.3%,4.1,45.9%,48.6%,41.6%,45.6%,50.5%,2.9%,1.9,-4.1,0.0%,-,4.4%,56.1%,11.6%,19.6%,11.7%,6.6%,15.1%,0.3%,18.2%,16,15
15,Jule Niemeier,121,61,5.9%,8.9%,55.6%,66.8%,43.2%,15.5%,23.4%,10.4%,3.4%,101.7,106.8,95.4,86.3,85.4,83.6,4.4%,59.3%,3.3%,54.9%,42.2%,45.5%,45.9%,29.3%,41.8%,50.2%,34.6%,34.7%,20.0%,26.8%,39.4%,63,69.8%,50.6%,2.36,21.9%,10.7%,3.6,47.0%,53.6%,42.4%,47.5%,58.2%,22.3%,2.8,-0.3,4.7%,55.3%,10.4%,63.1%,14.0%,20.5%,13.7%,7.7%,18.2%,2.4%,31.9%,59,73
5,Maja Chwalinska,122,121,0.2%,4.6%,67.6%,54.7%,45.3%,12.7%,18.0%,7.7%,5.1%,86.2,88.9,84.7,74.7,73.7,,0.5%,53.3%,0.9%,58.2%,47.1%,49.9%,52.5%,12.1%,14.5%,50.0%,2.6%,43.1%,13.5%,20.2%,58.4%,-4,85.2%,52.4%,2.37,6.6%,7.1%,5.5,50.4%,51.7%,54.7%,52.6%,54.5%,42.2%,3.1,3.5,0.0%,-,9.7%,66.7%,8.3%,16.9%,5.8%,5.8%,12.5%,3.5%,23.6%,-84,-86
5,Chloe Paquet,123,96,4.2%,6.9%,56.6%,61.0%,43.6%,12.5%,21.1%,5.3%,3.3%,102.5,97.6,100.3,86.4,,86.0,3.6%,54.8%,2.5%,53.5%,43.2%,43.1%,46.3%,30.8%,39.3%,46.0%,39.7%,29.7%,12.4%,14.6%,46.7%,1,79.2%,47.2%,2.38,29.8%,7.9%,4.8,49.2%,47.3%,42.5%,50.0%,51.4%,4.8%,3.6,0.1,0.3%,0.0%,6.5%,51.0%,9.7%,10.5%,8.7%,6.1%,27.2%,0.6%,40.0%,-51,-26
3,Ella Seidel,124,117,3.3%,6.4%,56.9%,64.9%,44.6%,11.0%,19.6%,8.5%,3.1%,N/A,N/A,N/A,N/A,N/A,N/A,3.4%,50.9%,0.9%,50.9%,35.9%,44.5%,41.3%,22.4%,30.4%,41.2%,23.9%,47.6%,20.5%,25.0%,41.4%,51,56.4%,50.0%,2.67,6.2%,18.0%,3.3,45.3%,44.9%,48.1%,43.8%,54.3%,20.1%,3.2,1.0,0.0%,-,3.5%,43.8%,16.5%,21.6%,14.3%,6.4%,22.2%,2.2%,38.5%,53,38
17,Xiyu Wang,125,49,5.0%,6.1%,64.2%,66.4%,45.5%,15.8%,21.6%,9.1%,4.5%,102.0,107.1,99.1,81.4,80.4,87.3,3.8%,56.4%,2.6%,58.6%,40.3%,44.9%,49.0%,29.8%,42.6%,50.0%,24.0%,38.5%,19.2%,25.2%,47.1%,67,75.1%,50.8%,2.33,16.1%,3.7%,3.8,51.2%,47.8%,53.4%,57.6%,57.7%,6.6%,5.7,4.9,0.1%,0.0%,6.7%,64.7%,15.3%,24.0%,11.3%,14.4%,27.9%,0.4%,20.0%,58,60
1,Leyre Romero Gormaz,126,124,3.6%,7.2%,62.7%,55.8%,45.2%,11.0%,17.3%,10.3%,1.7%,N/A,N/A,N/A,N/A,N/A,N/A,0.0%,41.4%,0.0%,41.2%,37.9%,44.4%,34.0%,9.3%,14.0%,33.3%,9.1%,100.0%,22.2%,22.2%,35.7%,81,73.8%,48.9%,2.88,0.0%,25.0%,4.3,41.9%,45.2%,46.2%,30.0%,59.7%,7.9%,5.6,-3.2,0.0%,-,7.9%,60.0%,13.3%,31.3%,0.0%,5.2%,16.7%,5.0%,36.4%,-45,-41
4,Marina Stakusic,127,114,2.5%,7.7%,58.3%,59.6%,45.5%,11.6%,16.0%,7.1%,4.4%,N/A,N/A,N/A,N/A,N/A,N/A,2.7%,56.6%,2.9%,50.2%,54.0%,42.3%,47.8%,23.5%,33.7%,49.0%,34.8%,35.9%,19.1%,26.4%,46.1%,56,74.1%,57.5%,2.44,7.7%,9.9%,3.9,54.9%,48.6%,52.5%,44.6%,51.2%,13.9%,9.4,5.6,0.3%,100.0%,5.3%,61.1%,12.3%,19.6%,33.3%,9.1%,17.0%,0.7%,25.0%,-36,-11
7,Victoria Jimenez Kasintseva,128,121,2.1%,4.9%,63.0%,59.6%,44.6%,15.4%,25.4%,9.3%,6.0%,N/A,N/A,N/A,N/A,N/A,N/A,3.0%,46.8%,2.6%,54.5%,47.4%,48.9%,45.5%,15.6%,25.9%,46.1%,2.6%,50.0%,9.7%,12.3%,44.3%,-23,75.5%,54.8%,2.27,11.1%,9.1%,5.2,44.2%,56.5%,47.1%,46.1%,56.1%,3.7%,5.2,1.7,0.0%,-,8.9%,61.1%,10.6%,18.9%,3.9%,9.7%,19.5%,0.4%,33.3%,-10,-14
2,Sijia Wei,129,114,2.4%,5.4%,57.8%,58.5%,43.3%,15.1%,22.4%,6.6%,6.6%,N/A,N/A,N/A,N/A,N/A,N/A,4.3%,54.3%,4.4%,47.1%,40.8%,39.7%,39.4%,27.1%,36.5%,43.5%,15.8%,44.8%,12.5%,20.8%,33.3%,10,74.6%,52.0%,2.68,3.3%,10.9%,3.8,48.1%,46.3%,29.6%,44.4%,48.7%,12.4%,0.3,0.8,0.0%,-,6.6%,61.1%,11.8%,13.9%,0.0%,10.4%,28.6%,4.2%,33.3%,73,52
170,Bianca Andreescu,130,4,3.4%,4.5%,63.9%,64.3%,48.8%,15.6%,20.4%,8.8%,5.6%,98.9,102.6,94.9,86.2,87.8,84.2,3.5%,60.1%,2.7%,57.6%,44.2%,44.6%,48.9%,26.4%,39.1%,51.2%,13.8%,43.5%,20.0%,25.8%,44.6%,43,71.1%,54.7%,2.37,12.0%,8.1%,3.9,51.4%,51.1%,51.6%,49.6%,53.7%,13.9%,5.6,3.5,0.2%,67.9%,9.1%,71.7%,13.9%,20.7%,15.0%,11.1%,25.0%,2.0%,46.2%,35,39
2,Darja Semenistaja,131,106,0.5%,1.6%,63.6%,54.4%,46.3%,6.0%,16.9%,5.2%,1.3%,N/A,N/A,N/A,N/A,N/A,N/A,0.0%,36.7%,0.0%,40.9%,45.1%,34.7%,40.8%,14.3%,25.0%,50.0%,0.0%,100.0%,15.2%,15.2%,25.0%,-3,71.9%,56.3%,2.37,4.4%,16.7%,4.9,48.3%,40.8%,50.0%,60.9%,55.9%,9.9%,10.7,-4.3,0.0%,-,8.3%,53.3%,11.5%,23.1%,9.5%,1.0%,0.0%,0.8%,0.0%,-104,-97
3,Maddison Inglis,132,112,2.9%,4.3%,64.0%,58.0%,45.0%,11.8%,19.8%,6.3%,3.0%,96.4,,,79.2,,,1.5%,53.4%,0.9%,54.2%,43.7%,45.0%,47.4%,16.5%,28.3%,47.2%,46.2%,57.5%,30.3%,34.8%,47.8%,95,73.4%,50.3%,2.35,16.2%,6.5%,4.2,44.2%,47.0%,44.1%,62.5%,54.6%,6.1%,8.0,-5.4,0.0%,-,9.1%,70.0%,14.1%,19.6%,0.0%,3.9%,9.3%,0.8%,50.0%,-31,-25
231,Caroline Wozniacki,133,1,3.1%,3.0%,67.8%,64.1%,48.4%,11.8%,13.5%,4.7%,4.8%,97.7,99.9,94.7,78.8,80.3,79.9,2.8%,60.1%,2.3%,58.6%,47.0%,47.5%,50.1%,23.9%,32.7%,53.5%,33.2%,32.2%,15.7%,20.1%,43.3%,8,78.5%,53.6%,2.52,10.9%,10.6%,5.0,54.5%,51.8%,50.5%,52.6%,51.2%,7.5%,3.6,6.5,0.0%,60.0%,8.3%,67.9%,7.3%,10.4%,9.8%,9.4%,23.6%,0.3%,33.5%,-90,-75
2,Francesca Jones,134,123,3.0%,7.6%,60.7%,65.2%,41.5%,12.5%,19.3%,8.7%,2.8%,98.7,99.9,97.5,91.8,98.0,86.0,1.8%,52.6%,1.1%,55.5%,47.8%,46.4%,47.0%,18.9%,32.6%,51.9%,8.7%,35.0%,11.6%,20.9%,36.8%,-10,57.5%,61.9%,2.39,6.6%,9.5%,3.9,41.7%,52.5%,44.8%,54.5%,66.7%,27.7%,13.4,-5.0,0.7%,100.0%,10.5%,74.2%,16.4%,17.2%,17.6%,10.0%,25.0%,3.6%,29.4%,64,34
2,Ena Shibahara,135,132,5.6%,5.5%,58.5%,65.4%,46.3%,18.0%,21.0%,11.4%,2.0%,100.8,104.8,98.3,81.5,82.1,81.9,4.8%,54.8%,1.4%,51.4%,36.7%,37.6%,37.5%,37.9%,47.1%,42.6%,30.4%,45.0%,20.9%,27.9%,29.4%,77,61.4%,60.5%,2.40,7.4%,8.9%,3.1,52.4%,44.3%,45.0%,50.0%,40.5%,15.2%,13.6,-3.8,4.5%,0.0%,7.7%,50.0%,21.0%,17.2%,55.6%,2.7%,0.0%,1.2%,50.0%,25,40
2,Talia Gibson,136,125,4.0%,4.3%,63.4%,58.6%,39.1%,15.6%,20.0%,7.5%,7.9%,N/A,N/A,N/A,N/A,N/A,N/A,3.2%,52.4%,0.9%,53.0%,40.3%,42.1%,46.2%,31.8%,45.5%,46.7%,38.1%,23.8%,21.4%,28.6%,45.5%,88,70.9%,45.3%,2.57,20.9%,6.1%,3.8,43.3%,54.3%,44.0%,45.5%,52.1%,5.9%,2.3,1.2,0.0%,-,6.8%,64.7%,12.6%,15.8%,0.0%,11.8%,12.0%,0.3%,100.0%,41,41
8,Panna Udvardy,137,76,3.1%,5.5%,63.2%,60.5%,39.6%,15.3%,23.1%,9.2%,6.0%,87.6,86.7,88.3,77.2,76.2,86.0,2.3%,53.9%,2.9%,54.1%,46.0%,47.6%,45.1%,19.8%,30.1%,47.8%,24.7%,40.6%,10.8%,17.7%,39.8%,-16,71.1%,51.4%,2.45,13.3%,13.3%,4.1,43.2%,49.4%,51.1%,49.1%,50.7%,4.3%,2.6,1.8,0.0%,-,9.6%,71.9%,10.8%,11.1%,12.5%,10.4%,28.8%,0.9%,27.8%,17,10
3,Julia Riera,138,93,3.6%,4.8%,57.8%,62.5%,46.0%,13.0%,18.1%,6.7%,5.6%,N/A,N/A,N/A,N/A,N/A,N/A,2.1%,47.9%,2.2%,52.8%,48.6%,45.5%,47.4%,20.4%,29.9%,52.8%,4.4%,63.2%,19.3%,21.7%,37.3%,2,80.7%,52.7%,2.43,4.2%,20.4%,4.6,54.4%,51.0%,53.6%,44.2%,46.0%,11.1%,8.1,2.5,0.0%,-,7.4%,77.1%,13.2%,29.8%,0.0%,7.7%,29.3%,2.5%,43.5%,-48,-46
4,Daria Snigur,139,105,1.0%,4.0%,74.5%,58.8%,41.8%,14.3%,18.5%,7.9%,7.2%,85.1,87.5,83.7,67.7,66.6,67.3,0.8%,56.0%,0.8%,54.8%,48.1%,47.7%,49.7%,18.0%,31.7%,56.9%,18.8%,48.1%,15.3%,18.6%,30.0%,36,68.7%,52.6%,2.59,0.7%,8.2%,4.2,44.8%,54.5%,49.2%,48.8%,52.2%,2.6%,9.3,3.6,0.0%,-,4.7%,69.6%,15.3%,24.6%,0.0%,12.8%,28.2%,0.5%,25.0%,28,9
14,Clara Burel,140,42,2.9%,7.1%,55.8%,60.5%,42.6%,14.6%,21.7%,6.4%,3.9%,95.5,97.0,94.5,73.3,74.5,81.7,2.8%,51.3%,2.6%,52.1%,44.5%,46.4%,46.6%,17.3%,25.4%,47.4%,50.0%,29.6%,12.4%,17.4%,45.4%,0,78.0%,51.4%,2.45,4.0%,17.5%,4.8,43.3%,52.5%,51.7%,50.4%,53.6%,21.8%,4.4,0.8,0.1%,100.0%,7.8%,65.5%,11.8%,22.1%,13.3%,8.7%,27.3%,3.2%,26.6%,-22,-16
5,Iva Jovic,141,141,1.8%,3.1%,54.9%,62.0%,49.4%,10.6%,17.0%,6.3%,4.5%,93.3,95.1,90.8,74.8,80.8,70.0,1.0%,51.7%,1.1%,56.3%,42.8%,45.5%,43.4%,21.9%,30.5%,43.9%,7.1%,52.2%,18.1%,23.7%,42.8%,-64,69.3%,54.2%,2.47,6.1%,18.4%,4.0,49.0%,48.5%,51.5%,46.3%,51.0%,6.8%,4.1,3.4,0.0%,-,5.4%,60.5%,12.4%,21.8%,33.3%,9.8%,31.0%,0.5%,28.6%,-8,-18
7,Priscilla Hon,142,118,5.2%,4.3%,58.1%,63.9%,43.1%,15.9%,21.4%,5.4%,3.8%,105.0,101.0,99.5,83.2,82.3,68.0,4.0%,54.0%,2.2%,54.9%,40.6%,45.8%,42.3%,33.0%,46.3%,46.9%,58.3%,42.7%,18.5%,25.1%,36.6%,37,69.1%,53.7%,2.41,24.3%,15.5%,3.8,50.9%,48.8%,36.8%,44.4%,47.2%,19.3%,1.1,3.6,1.9%,50.0%,10.9%,58.5%,13.1%,28.6%,10.0%,9.5%,24.4%,1.6%,22.2%,38,48
4,Elsa Jacquemot,143,137,4.5%,6.5%,62.1%,58.4%,39.4%,13.1%,20.2%,4.0%,2.9%,97.4,101.5,96.5,80.8,83.4,79.0,2.5%,46.0%,5.9%,50.5%,41.7%,42.0%,43.5%,30.7%,43.1%,46.4%,48.1%,8.3%,13.4%,20.5%,39.2%,6,83.7%,50.7%,2.40,26.7%,12.0%,4.5,54.6%,45.4%,35.9%,42.7%,55.4%,9.8%,2.2,4.3,1.2%,25.0%,7.3%,60.0%,9.1%,8.5%,30.0%,8.4%,35.7%,3.2%,21.4%,-95,-48
4,Veronika Erjavec,144,141,4.7%,4.3%,60.2%,54.3%,42.9%,10.5%,23.2%,6.4%,3.7%,N/A,N/A,N/A,N/A,N/A,N/A,0.9%,54.0%,0.6%,52.5%,48.1%,47.1%,47.0%,18.6%,25.6%,49.6%,6.0%,54.5%,16.2%,19.0%,43.2%,-39,70.8%,47.8%,2.49,4.8%,7.1%,5.3,43.5%,49.2%,48.2%,47.3%,54.7%,13.5%,1.3,-2.4,0.0%,-,8.0%,56.8%,8.3%,8.7%,7.3%,4.1%,19.2%,1.2%,40.0%,-55,-56
6,Sara Bejlek,145,114,0.4%,5.2%,69.1%,54.9%,42.4%,12.1%,23.5%,7.2%,5.6%,82.8,92.5,79.6,79.7,81.0,82.0,0.0%,43.6%,0.8%,50.0%,46.7%,36.3%,42.6%,13.4%,19.1%,46.4%,20.0%,40.0%,16.7%,20.0%,33.3%,29,73.8%,51.7%,2.44,0.0%,15.3%,4.3,40.8%,42.5%,53.7%,56.3%,53.5%,11.2%,3.6,-0.3,0.3%,0.0%,7.8%,65.4%,10.3%,14.2%,10.8%,7.6%,17.4%,2.1%,16.7%,-35,-31
3,Jessika Ponchet,146,104,6.1%,3.3%,55.4%,65.7%,39.3%,14.6%,18.2%,6.9%,2.5%,100.5,104.4,92.4,75.1,79.8,73.3,4.1%,58.7%,3.2%,56.4%,45.8%,45.9%,36.8%,38.9%,47.8%,45.5%,19.2%,38.5%,4.6%,9.2%,29.0%,-74,67.2%,37.8%,2.51,22.6%,2.1%,4.2,41.7%,32.4%,39.3%,39.4%,54.0%,17.3%,-3.6,-11.1,4.5%,57.1%,10.9%,66.7%,9.4%,18.6%,16.7%,3.4%,14.3%,1.4%,14.3%,-32,-4
3,Xinyu Gao,147,125,1.3%,4.2%,62.0%,52.2%,44.2%,14.0%,26.4%,8.9%,5.2%,N/A,N/A,N/A,N/A,N/A,N/A,1.2%,52.7%,1.7%,54.2%,45.7%,48.0%,45.8%,14.7%,23.7%,43.7%,7.8%,48.3%,8.3%,14.7%,49.0%,-30,84.5%,49.1%,2.49,4.0%,6.7%,5.8,47.0%,47.8%,46.4%,48.7%,54.9%,3.0%,1.3,0.0,0.0%,-,11.6%,55.6%,9.9%,13.5%,3.5%,4.3%,11.9%,0.6%,11.1%,-26,-36
37,Martina Trevisan,148,18,1.0%,5.0%,66.2%,57.5%,43.1%,12.5%,20.0%,8.2%,2.4%,90.9,92.3,87.9,80.0,80.1,79.0,0.6%,53.1%,0.6%,53.7%,46.7%,48.6%,46.3%,17.2%,25.3%,47.9%,7.6%,49.9%,14.1%,18.8%,42.6%,20,76.3%,52.1%,2.49,5.7%,7.9%,4.8,48.5%,49.2%,50.0%,51.0%,57.8%,13.1%,3.8,-0.7,0.0%,100.0%,9.4%,71.8%,11.4%,17.9%,6.9%,5.1%,7.5%,1.1%,46.2%,-18,-21
7,Dalma Galfi,149,79,5.8%,3.6%,64.1%,64.0%,46.5%,15.0%,18.6%,8.1%,4.1%,101.8,103.2,99.5,85.9,90.2,83.0,3.0%,57.8%,3.8%,57.7%,45.1%,46.2%,44.8%,27.5%,41.2%,47.7%,37.7%,36.4%,17.6%,20.0%,39.0%,32,68.0%,50.0%,2.47,17.2%,5.5%,3.8,50.7%,48.8%,33.8%,51.3%,50.9%,21.7%,1.5,0.4,0.0%,-,7.6%,66.3%,13.0%,17.9%,40.0%,9.8%,18.9%,1.7%,16.7%,23,26
32,Anna Karolina Schmiedlova,150,26,2.1%,5.7%,62.5%,59.0%,43.2%,11.9%,18.5%,5.6%,4.2%,97.4,101.8,94.9,73.8,80.3,78.0,1.7%,54.1%,1.5%,53.0%,45.4%,46.1%,45.0%,20.7%,28.0%,47.9%,36.6%,35.0%,13.5%,17.4%,39.5%,12,75.6%,53.3%,2.42,8.0%,14.9%,4.9,48.7%,48.1%,47.2%,52.5%,48.2%,4.8%,4.2,3.8,0.0%,-,5.7%,67.8%,8.8%,14.4%,13.6%,9.2%,21.9%,0.5%,34.9%,-59,-51
4,Lucrezia Stefanini,151,100,0.5%,3.8%,73.9%,54.5%,42.4%,8.3%,16.7%,5.3%,3.2%,N/A,N/A,N/A,N/A,N/A,N/A,0.6%,51.5%,0.6%,51.6%,49.6%,50.1%,44.2%,14.9%,17.4%,44.6%,9.7%,22.9%,25.8%,25.8%,42.9%,107,76.8%,55.9%,2.54,6.3%,8.9%,4.8,45.6%,49.6%,61.0%,57.8%,47.5%,5.1%,6.0,-0.2,0.0%,-,7.6%,74.4%,11.4%,17.2%,0.0%,4.4%,22.2%,0.3%,33.3%,-75,-65
61,Sara Errani,152,5,0.3%,2.5%,77.6%,55.4%,43.9%,11.6%,13.1%,4.9%,3.2%,75.4,78.1,76.5,67.3,66.7,65.0,0.2%,52.9%,0.1%,52.9%,48.5%,50.6%,42.0%,12.5%,16.4%,43.7%,28.5%,32.5%,16.5%,19.3%,34.1%,42,79.4%,51.9%,2.50,3.2%,11.7%,5.1,46.0%,45.4%,51.0%,51.2%,50.9%,15.6%,4.2,0.0,0.4%,40.0%,8.2%,67.6%,7.4%,8.8%,5.3%,4.9%,26.9%,2.1%,40.2%,-102,-104
6,Jana Fett,153,97,3.3%,9.9%,56.1%,62.2%,40.1%,14.2%,23.9%,8.5%,5.2%,98.6,101.6,98.1,85.2,89.8,83.2,2.9%,56.1%,2.7%,53.5%,46.1%,46.5%,53.2%,26.5%,38.4%,55.1%,60.0%,31.0%,14.4%,17.8%,50.5%,14,77.1%,57.9%,2.37,14.0%,5.4%,4.2,49.5%,57.5%,64.9%,54.5%,49.2%,10.5%,10.0,2.6,0.0%,-,5.8%,61.0%,16.1%,27.7%,34.6%,7.1%,21.5%,1.9%,36.0%,23,37
14,Louisa Chirico,154,58,2.5%,6.5%,57.7%,58.8%,42.0%,11.6%,22.4%,6.7%,4.4%,98.0,101.6,95.2,84.6,82.3,85.8,2.2%,53.8%,1.6%,52.7%,45.2%,46.2%,47.3%,26.4%,36.2%,50.6%,23.6%,41.8%,18.4%,25.9%,42.8%,53,76.8%,52.8%,2.46,15.1%,10.8%,4.3,52.2%,51.3%,47.6%,49.2%,53.4%,12.2%,3.7,2.5,0.0%,-,6.9%,67.7%,9.9%,11.7%,8.2%,9.0%,24.3%,0.2%,25.0%,-33,-17
5,Katarzyna Kawa,155,112,1.3%,5.2%,65.1%,56.2%,40.1%,13.0%,22.1%,6.9%,6.2%,97.1,98.0,95.0,76.3,77.5,,1.1%,54.3%,1.4%,54.0%,47.2%,46.3%,47.5%,15.5%,23.1%,50.7%,31.6%,39.0%,15.5%,20.7%,40.8%,36,77.4%,53.4%,2.54,5.5%,8.8%,4.8,44.9%,51.6%,50.0%,53.3%,51.3%,10.5%,1.8,5.0,0.0%,-,10.5%,67.5%,10.2%,12.9%,4.5%,7.3%,28.6%,1.7%,33.3%,-9,-17
8,Destanee Aiava,156,147,3.8%,5.2%,60.3%,63.9%,44.4%,13.6%,20.7%,7.6%,3.7%,99.6,102.9,98.1,82.3,85.1,83.1,3.1%,58.9%,2.8%,56.1%,41.2%,45.6%,41.4%,25.9%,34.3%,43.0%,31.0%,43.5%,21.8%,29.7%,38.6%,52,66.1%,49.6%,2.54,17.6%,9.3%,3.7,46.3%,47.4%,46.2%,50.0%,52.1%,11.5%,6.8,-0.1,0.0%,-,5.9%,58.6%,15.4%,25.0%,23.1%,9.6%,25.2%,0.4%,28.6%,12,20
2,Victoria Mboko,157,156,3.8%,8.1%,61.3%,61.4%,42.4%,10.4%,23.1%,4.6%,3.2%,N/A,N/A,N/A,N/A,N/A,N/A,7.0%,56.3%,6.1%,47.0%,35.5%,38.5%,44.0%,31.6%,42.1%,48.1%,52.9%,20.7%,15.2%,15.2%,38.5%,13,76.3%,47.1%,2.46,7.7%,4.3%,4.8,44.0%,40.4%,55.3%,44.4%,47.8%,10.0%,-3.2,3.5,0.0%,-,6.0%,40.0%,5.3%,19.4%,0.0%,7.4%,9.3%,1.9%,10.0%,-75,-30
87,Sloane Stephens,158,3,2.1%,3.1%,67.6%,61.2%,47.6%,13.5%,19.4%,6.2%,3.1%,96.9,99.1,92.7,79.6,81.9,77.0,1.3%,57.4%,2.2%,57.5%,44.1%,45.1%,47.3%,20.2%,29.2%,49.8%,15.6%,56.6%,15.7%,20.5%,41.1%,7,75.2%,51.5%,2.50,5.2%,8.3%,4.6,49.0%,49.5%,50.5%,52.6%,48.1%,10.0%,5.5,0.6,0.0%,-,6.0%,69.4%,12.8%,22.5%,22.0%,7.3%,23.3%,0.5%,28.8%,-19,-23
24,Linda Fruhvirtova,159,49,3.5%,7.5%,61.7%,64.4%,38.8%,11.7%,16.1%,6.6%,4.3%,94.6,98.5,88.6,78.0,79.3,79.7,4.3%,58.4%,2.8%,52.8%,41.8%,41.3%,49.0%,25.3%,33.5%,54.1%,28.3%,23.8%,16.4%,19.2%,39.8%,32,76.8%,48.9%,2.50,13.0%,13.5%,4.7,50.0%,47.3%,50.2%,50.4%,52.7%,11.5%,6.7,2.3,0.1%,100.0%,6.1%,67.2%,10.3%,16.2%,9.4%,7.1%,18.3%,1.0%,26.2%,-81,-57
9,Rebeka Masarova,160,62,6.0%,4.9%,63.8%,64.8%,44.3%,16.0%,20.6%,9.3%,4.5%,108.1,110.4,105.2,84.7,92.7,86.5,3.8%,57.3%,2.7%,55.5%,44.8%,45.5%,46.3%,27.6%,37.8%,49.7%,68.7%,37.7%,13.5%,19.8%,41.0%,20,79.2%,45.5%,2.36,25.9%,6.8%,4.6,51.2%,47.7%,46.3%,38.3%,57.3%,11.0%,2.1,-0.6,0.0%,-,12.0%,58.5%,10.2%,21.4%,20.5%,9.9%,20.1%,0.9%,36.4%,0,2
7,Simona Waltert,161,107,2.6%,6.5%,64.9%,59.6%,41.9%,18.0%,22.5%,10.7%,7.7%,N/A,N/A,N/A,N/A,N/A,N/A,2.7%,57.1%,1.5%,55.9%,48.4%,49.2%,46.7%,21.5%,33.5%,44.8%,8.6%,56.6%,14.2%,23.9%,50.4%,17,74.3%,55.1%,2.32,3.2%,5.3%,4.1,50.6%,47.7%,47.1%,51.9%,51.8%,13.1%,7.0,5.7,0.7%,66.7%,7.3%,65.7%,16.9%,26.3%,18.2%,12.3%,35.6%,2.1%,32.4%,62,46
7,Kathinka Von Deichmann,162,153,1.3%,6.6%,69.8%,52.0%,39.0%,12.6%,17.5%,9.3%,2.9%,N/A,N/A,N/A,N/A,N/A,N/A,1.7%,54.7%,0.9%,55.9%,48.7%,48.9%,44.0%,18.2%,25.9%,46.9%,60.3%,9.1%,12.9%,15.1%,37.2%,-2,82.7%,53.4%,2.54,10.6%,6.5%,5.3,51.9%,43.8%,48.3%,52.2%,62.0%,77.6%,2.4,-3.2,1.0%,60.0%,11.9%,65.4%,6.7%,13.5%,1.2%,4.0%,16.7%,1.2%,27.6%,-103,-83
28,Tamara Zidansek,163,22,1.4%,4.6%,65.9%,59.4%,43.7%,13.5%,20.1%,6.8%,2.3%,94.9,98.2,91.6,81.5,81.8,82.9,1.2%,55.9%,0.7%,55.9%,48.4%,48.9%,46.8%,16.4%,26.2%,48.5%,25.2%,43.9%,15.3%,21.1%,43.0%,33,75.2%,51.7%,2.45,4.5%,8.1%,4.5,48.1%,49.2%,49.0%,51.7%,57.8%,15.4%,5.4,-1.3,0.1%,66.7%,8.8%,74.3%,14.1%,23.6%,13.4%,4.9%,18.8%,1.6%,31.9%,3,-9
21,Ana Bogdan,164,39,3.4%,3.1%,63.2%,60.9%,47.5%,12.2%,16.7%,4.9%,4.5%,95.5,100.3,92.9,78.5,79.1,79.8,3.5%,57.4%,1.7%,55.4%,44.4%,45.7%,47.1%,22.7%,31.9%,49.4%,38.9%,45.0%,16.3%,19.4%,43.2%,2,74.0%,48.4%,2.44,10.8%,10.7%,4.5,49.4%,46.0%,50.2%,49.7%,51.5%,8.3%,2.6,3.9,0.1%,100.0%,5.4%,64.3%,9.0%,11.0%,5.0%,11.6%,28.6%,1.3%,29.3%,-32,-29
44,Shuai Zhang,165,22,2.6%,3.7%,65.6%,61.2%,44.8%,13.7%,17.8%,7.1%,4.3%,93.4,95.8,92.2,79.7,82.4,80.7,2.5%,56.8%,2.0%,55.4%,43.7%,45.4%,44.4%,21.4%,32.0%,47.1%,24.9%,42.9%,19.0%,24.4%,38.7%,36,71.7%,50.9%,2.53,9.7%,13.2%,4.0,46.1%,50.3%,49.5%,45.5%,51.8%,5.7%,3.3,2.4,0.3%,62.5%,7.8%,71.0%,13.5%,25.8%,14.0%,10.0%,26.5%,0.3%,20.7%,15,10
22,Nadia Podoroska,166,36,2.4%,5.5%,63.5%,60.4%,43.5%,13.2%,20.9%,6.7%,2.1%,92.6,94.9,88.5,77.7,78.9,80.5,1.9%,53.3%,0.9%,53.1%,46.8%,46.7%,43.6%,19.7%,29.4%,46.0%,30.3%,51.6%,15.7%,20.2%,38.6%,26,77.8%,50.1%,2.51,7.4%,8.6%,4.4,48.2%,47.6%,45.1%,48.6%,54.7%,11.3%,4.3,-2.3,0.1%,100.0%,9.3%,66.8%,13.5%,23.0%,13.5%,5.6%,19.3%,1.7%,36.7%,7,2
6,Oksana Selekhmeteva,167,138,1.2%,5.6%,67.3%,57.1%,42.4%,12.2%,18.8%,8.9%,3.5%,N/A,N/A,N/A,N/A,N/A,N/A,1.5%,52.5%,1.1%,55.2%,44.1%,54.5%,48.8%,13.9%,22.9%,50.9%,4.6%,71.0%,21.3%,26.8%,43.0%,67,76.2%,59.1%,2.44,3.4%,12.4%,4.2,49.7%,49.6%,58.6%,63.2%,56.9%,36.1%,12.1,3.0,0.0%,-,6.5%,71.2%,16.1%,21.1%,15.7%,10.6%,17.4%,1.5%,29.2%,16,3
1,Sinja Kraus,168,151,3.3%,4.5%,59.0%,64.3%,43.2%,13.5%,23.4%,9.1%,5.3%,N/A,N/A,N/A,N/A,N/A,N/A,2.0%,51.7%,0.7%,53.7%,48.4%,42.7%,39.0%,21.3%,27.7%,35.1%,11.1%,70.6%,15.4%,19.2%,45.5%,35,64.1%,61.0%,2.56,5.4%,20.7%,3.3,37.5%,58.3%,53.3%,100.0%,49.5%,7.5%,11.1,2.4,0.0%,-,5.7%,100.0%,20.8%,37.5%,0.0%,11.9%,33.3%,2.2%,25.0%,154,100
1,Sara Saito,169,150,1.4%,5.2%,67.3%,63.9%,41.6%,8.8%,15.3%,3.1%,5.3%,N/A,N/A,N/A,N/A,N/A,N/A,3.7%,66.7%,0.0%,58.3%,47.7%,23.8%,57.1%,18.4%,28.9%,58.1%,50.0%,33.3%,8.3%,16.7%,54.5%,-30,77.9%,43.3%,2.46,3.3%,3.4%,4.5,43.9%,55.6%,36.4%,33.3%,41.9%,3.2%,3.8,4.5,0.0%,-,6.6%,88.9%,8.5%,14.3%,0.0%,11.3%,25.0%,0.8%,50.0%,-50,-58
1,Lanlana Tararudee,170,166,5.7%,8.5%,53.7%,65.9%,37.7%,7.5%,29.9%,5.0%,3.0%,N/A,N/A,N/A,N/A,N/A,N/A,0.0%,39.6%,0.0%,42.9%,43.1%,38.8%,30.8%,20.0%,26.7%,41.7%,14.3%,8.3%,21.1%,21.1%,13.3%,73,83.0%,54.5%,2.18,0.0%,8.3%,5.2,49.0%,45.8%,31.3%,38.9%,45.5%,4.5%,-2.9,-6.3,0.0%,-,9.3%,70.0%,7.1%,8.7%,0.0%,2.0%,11.8%,0.0%,-,-32,-18
3,Arina Rodionova,172,97,1.4%,5.2%,65.9%,58.0%,42.4%,10.7%,17.6%,5.0%,3.1%,91.6,93.4,89.2,79.6,83.3,80.0,1.5%,54.4%,0.5%,52.3%,44.9%,47.1%,41.8%,22.9%,25.5%,43.2%,50.0%,22.2%,11.3%,13.2%,38.3%,-4,69.0%,50.7%,2.64,1.7%,6.6%,4.6,46.6%,37.5%,60.7%,50.0%,54.5%,34.2%,-0.3,-3.8,0.0%,-,5.3%,59.1%,5.4%,9.3%,0.0%,3.5%,5.7%,1.1%,22.2%,-117,-90
2,Tatiana Prozorova,173,169,1.6%,5.1%,65.8%,57.3%,40.8%,23.5%,32.8%,15.3%,9.3%,90.6,93.1,90.0,78.4,81.7,75.3,0.0%,50.0%,2.4%,45.8%,37.5%,43.2%,48.3%,9.3%,18.6%,47.7%,3.7%,59.4%,3.4%,10.2%,49.1%,-87,76.6%,48.3%,2.42,67.4%,3.6%,4.9,38.5%,46.3%,52.0%,51.4%,50.2%,22.3%,7.0,-1.8,0.0%,-,17.0%,69.1%,15.6%,18.1%,11.1%,6.9%,28.6%,2.7%,11.1%,79,53
172,Karolina Pliskova,174,1,9.4%,5.2%,61.6%,70.7%,44.9%,17.4%,17.4%,8.8%,4.2%,104.1,106.6,102.0,86.4,89.9,85.2,8.1%,61.3%,7.9%,60.7%,41.7%,43.1%,47.9%,36.7%,49.5%,52.9%,23.0%,55.2%,18.2%,24.1%,40.4%,61,68.9%,52.4%,2.42,21.2%,8.8%,3.7,52.4%,49.6%,46.7%,49.2%,48.4%,12.7%,7.6,1.5,0.3%,78.1%,8.1%,69.5%,16.4%,25.9%,21.7%,8.4%,23.8%,0.6%,30.4%,16,37
5,Jodie Burrage,175,85,6.0%,5.4%,59.7%,64.2%,43.6%,12.6%,21.6%,6.6%,4.2%,104.1,105.7,102.3,84.0,86.4,84.0,4.9%,59.0%,3.5%,57.7%,45.5%,44.6%,38.4%,29.1%,38.4%,43.8%,22.9%,47.6%,11.7%,13.5%,30.6%,-1,66.0%,48.0%,2.58,27.5%,11.3%,3.6,44.3%,39.4%,50.0%,45.2%,52.1%,10.6%,5.4,-4.8,0.0%,-,7.0%,59.6%,12.7%,14.5%,100.0%,6.8%,14.3%,0.9%,44.4%,1,1
17,Arianne Hartono,176,135,3.1%,7.4%,57.5%,61.6%,40.4%,14.3%,24.4%,9.6%,4.5%,N/A,N/A,N/A,N/A,N/A,N/A,2.9%,53.9%,1.5%,52.1%,43.9%,47.2%,45.2%,21.9%,32.8%,46.0%,17.1%,21.6%,18.0%,26.3%,43.6%,54,67.2%,56.3%,2.36,10.9%,8.5%,3.6,44.6%,49.8%,55.7%,56.3%,51.2%,5.5%,6.9,1.6,0.0%,-,5.9%,67.3%,18.4%,28.9%,40.0%,8.3%,34.6%,0.4%,66.7%,80,64
2,Emina Bektas,177,82,8.2%,3.4%,67.1%,67.8%,43.8%,18.2%,17.2%,9.2%,4.9%,97.6,99.7,96.0,86.9,92.3,,5.7%,59.9%,2.8%,55.9%,39.4%,40.3%,33.7%,33.3%,43.8%,39.1%,20.0%,16.7%,15.2%,15.2%,21.4%,-35,50.5%,41.5%,2.33,15.0%,7.9%,3.2,44.1%,29.8%,52.9%,30.0%,51.8%,15.8%,-0.8,-9.8,2.5%,33.3%,8.5%,60.0%,12.3%,16.7%,50.0%,12.3%,38.9%,0.0%,-,32,45
6,Celine Naef,178,121,4.1%,3.7%,60.4%,64.3%,44.1%,11.5%,21.1%,6.2%,3.7%,N/A,N/A,N/A,N/A,N/A,N/A,3.0%,49.5%,3.1%,49.0%,34.9%,35.2%,46.0%,28.0%,35.8%,46.6%,9.0%,52.8%,13.8%,19.2%,45.1%,2,72.3%,46.6%,2.36,10.2%,8.7%,4.6,45.9%,51.5%,49.0%,40.9%,48.2%,6.7%,-3.5,-0.7,0.2%,100.0%,7.7%,77.9%,6.8%,10.3%,25.0%,5.6%,23.8%,0.6%,54.5%,-26,-23
7,Tamara Korpatsch,179,71,2.0%,6.7%,57.9%,58.8%,43.8%,12.3%,19.8%,6.9%,4.6%,92.9,98.2,91.6,75.6,78.5,77.0,1.8%,52.6%,0.5%,51.9%,47.4%,48.2%,46.4%,20.9%,28.7%,50.7%,54.2%,34.7%,12.9%,16.0%,40.8%,9,73.6%,51.5%,2.49,11.3%,14.2%,4.9,43.3%,55.0%,46.3%,43.5%,48.5%,10.2%,4.7,4.3,0.0%,-,7.3%,52.1%,10.3%,16.7%,25.0%,7.5%,21.7%,1.2%,41.7%,-71,-58
1,Lola Radivojevic,181,174,1.3%,10.0%,58.8%,55.7%,38.3%,16.5%,14.3%,8.5%,4.9%,N/A,N/A,N/A,N/A,N/A,N/A,7.1%,46.4%,8.0%,52.0%,28.6%,17.6%,40.0%,31.8%,45.5%,53.3%,42.9%,35.7%,10.7%,21.4%,32.0%,-7,68.4%,34.6%,1.81,0.0%,25.0%,3.6,40.4%,28.6%,55.6%,50.0%,55.5%,13.2%,6.8,-3.3,0.0%,-,7.7%,85.7%,19.5%,40.0%,0.0%,15.4%,25.0%,0.8%,0.0%,17,14
1,Anouk Koevermans,182,179,2.3%,8.6%,60.9%,52.6%,36.0%,10.8%,21.6%,8.0%,2.8%,N/A,N/A,N/A,N/A,N/A,N/A,0.0%,50.0%,1.0%,50.5%,51.3%,45.5%,46.9%,9.8%,14.6%,47.3%,30.0%,21.4%,8.3%,12.5%,45.5%,-30,86.8%,49.5%,2.68,0.0%,4.5%,6.4,52.2%,42.9%,48.9%,51.1%,48.7%,4.4%,5.3,-3.1,0.9%,0.0%,9.0%,60.0%,9.3%,17.5%,13.5%,2.1%,6.3%,2.6%,43.8%,-78,-86
5,Laura Pigossi,183,100,0.7%,3.4%,72.5%,56.4%,44.5%,10.4%,22.6%,6.5%,4.3%,N/A,N/A,N/A,N/A,N/A,N/A,0.9%,53.9%,0.6%,51.6%,47.9%,47.1%,50.3%,12.7%,18.7%,53.3%,40.5%,41.8%,16.3%,19.6%,39.0%,25,77.4%,54.3%,2.49,24.3%,6.2%,5.9,49.1%,50.5%,55.9%,52.6%,58.7%,10.1%,5.2,-1.8,0.7%,100.0%,9.9%,69.9%,7.6%,10.7%,6.4%,4.3%,14.1%,0.6%,38.5%,-75,-74
2,Kyoka Okamura,184,178,3.2%,3.2%,64.4%,58.3%,51.8%,9.1%,18.2%,3.7%,4.9%,N/A,N/A,N/A,N/A,N/A,N/A,1.1%,53.9%,0.5%,52.9%,45.3%,46.2%,36.5%,24.6%,30.8%,38.8%,66.7%,31.3%,19.4%,22.6%,32.0%,3,59.6%,39.6%,2.49,18.4%,19.2%,3.5,36.6%,39.0%,73.3%,25.0%,55.1%,11.0%,-6.2,-3.1,0.0%,-,10.5%,50.0%,7.6%,6.3%,0.0%,7.5%,11.1%,1.6%,25.0%,-19,-20
6,Mai Hontama,185,105,0.7%,4.2%,68.4%,57.2%,43.8%,9.6%,20.2%,5.9%,4.3%,N/A,N/A,N/A,N/A,N/A,N/A,0.4%,50.2%,0.3%,49.2%,45.8%,44.8%,43.5%,17.5%,24.2%,45.5%,6.8%,47.5%,15.5%,16.5%,37.9%,31,73.6%,58.1%,2.54,3.4%,10.0%,4.2,48.3%,53.0%,51.9%,41.4%,53.4%,13.1%,4.5,5.1,0.0%,-,7.4%,53.4%,10.8%,21.9%,5.6%,7.8%,19.7%,1.0%,15.4%,-24,-25
1,Elena Pridankina,186,175,3.5%,9.4%,64.1%,59.8%,32.6%,15.4%,19.8%,6.3%,7.0%,N/A,N/A,N/A,N/A,N/A,N/A,14.6%,61.0%,0.0%,59.0%,43.9%,48.8%,51.1%,31.5%,40.7%,51.4%,44.4%,75.0%,41.2%,41.2%,50.0%,191,80.5%,53.0%,2.84,10.8%,0.0%,4.0,55.8%,55.3%,44.8%,44.4%,54.5%,11.1%,1.8,8.2,0.0%,-,4.3%,85.7%,8.8%,13.3%,0.0%,14.1%,42.9%,0.4%,100.0%,-26,33
5,Nina Stojanovic,187,81,4.6%,6.5%,57.5%,62.4%,45.6%,14.4%,18.6%,5.0%,2.5%,101.2,103.9,99.2,88.0,89.6,89.2,2.1%,55.6%,2.3%,54.2%,45.5%,45.8%,41.4%,25.8%,38.9%,45.9%,40.4%,47.9%,13.3%,16.4%,34.2%,12,66.0%,52.2%,2.50,8.9%,6.5%,3.5,45.2%,49.2%,47.8%,45.2%,50.8%,8.6%,4.4,-1.5,0.0%,-,8.5%,63.2%,16.9%,30.0%,11.1%,9.5%,22.4%,0.7%,25.0%,47,37
2,Manon Leonard,188,176,5.3%,4.3%,52.4%,73.5%,46.1%,10.5%,18.4%,7.4%,3.7%,N/A,N/A,N/A,N/A,N/A,N/A,1.2%,50.2%,0.9%,49.8%,45.2%,46.2%,40.7%,20.2%,29.8%,37.3%,33.3%,65.0%,14.0%,28.0%,46.5%,16,72.8%,45.5%,2.53,1.3%,10.0%,3.8,50.6%,35.9%,43.6%,40.0%,56.2%,26.4%,-2.6,-4.2,3.9%,33.3%,10.8%,60.6%,7.0%,14.3%,0.0%,11.2%,17.2%,6.0%,29.6%,-8,0
1,Lea Boskovic,189,158,0.8%,2.9%,69.4%,57.1%,41.5%,19.3%,24.3%,12.9%,6.1%,N/A,N/A,N/A,N/A,N/A,N/A,0.4%,49.1%,0.6%,52.9%,43.2%,46.5%,42.9%,19.0%,42.9%,50.0%,60.0%,62.5%,6.5%,19.4%,34.5%,-66,69.9%,55.6%,2.50,8.8%,17.6%,3.5,45.8%,60.5%,18.8%,62.5%,48.4%,3.0%,0.0,8.5,0.0%,-,4.4%,87.5%,16.1%,18.2%,33.3%,12.8%,31.6%,0.8%,100.0%,103,39
41,Lauren Davis,190,26,2.0%,5.1%,60.9%,60.6%,44.4%,13.5%,21.2%,5.8%,5.4%,91.0,95.3,86.7,78.2,79.5,76.6,1.7%,55.6%,1.2%,53.0%,43.3%,46.0%,45.5%,19.8%,29.6%,48.9%,37.3%,28.9%,14.4%,20.7%,39.6%,24,73.5%,53.4%,2.52,8.3%,10.8%,4.3,45.1%,50.7%,53.6%,50.7%,51.5%,16.1%,2.3,3.3,0.0%,0.0%,7.9%,69.1%,10.1%,15.0%,13.5%,12.3%,27.9%,0.8%,23.5%,14,6
47,Heather Watson,191,38,4.7%,4.5%,60.2%,64.5%,44.5%,13.6%,18.3%,5.6%,3.3%,98.3,102.0,96.4,78.0,77.0,78.5,4.0%,57.8%,3.3%,55.0%,42.9%,43.5%,47.3%,32.3%,41.3%,50.1%,20.8%,26.1%,17.0%,19.6%,43.7%,28,72.6%,53.6%,2.43,12.0%,9.3%,4.1,51.3%,50.4%,55.0%,48.8%,51.9%,8.1%,2.7,1.7,0.0%,-,6.4%,73.9%,11.4%,20.9%,21.2%,7.7%,19.7%,1.3%,33.3%,13,24
4,Whitney Osuigwe,192,105,1.8%,6.9%,66.4%,50.2%,42.2%,10.1%,22.5%,5.3%,4.1%,94.7,96.5,90.1,85.3,,,1.2%,55.4%,1.5%,55.7%,44.7%,47.3%,47.6%,18.8%,28.4%,50.0%,13.2%,57.7%,23.3%,26.7%,39.1%,95,77.3%,48.8%,2.38,12.6%,3.7%,4.9,51.2%,41.6%,50.0%,48.5%,50.9%,8.9%,0.1,2.9,0.0%,-,6.0%,72.3%,9.5%,16.8%,0.0%,7.5%,24.1%,0.3%,0.0%,-43,-30
1,Barbora Palicova,193,179,0.5%,6.2%,65.3%,52.4%,37.3%,10.4%,27.1%,6.2%,4.6%,N/A,N/A,N/A,N/A,N/A,N/A,2.6%,51.3%,0.0%,37.1%,45.9%,39.4%,42.1%,14.0%,26.0%,41.9%,77.8%,0.0%,12.5%,25.0%,42.9%,-23,72.9%,52.9%,2.63,7.0%,8.3%,4.6,38.0%,47.5%,52.9%,50.0%,53.6%,4.5%,2.6,4.4,0.0%,-,2.1%,100.0%,13.5%,21.9%,0.0%,12.1%,12.5%,0.3%,0.0%,25,22
3,Mariam Bolkvadze,194,151,1.2%,10.7%,63.8%,56.1%,38.2%,11.4%,25.6%,8.8%,3.0%,85.7,87.9,80.8,77.6,76.0,75.5,1.7%,56.0%,0.7%,59.7%,48.6%,47.9%,49.6%,23.4%,36.4%,53.7%,0.0%,92.0%,19.6%,21.6%,41.5%,46,68.6%,47.7%,2.54,8.5%,2.1%,4.2,39.8%,44.6%,62.2%,54.3%,55.3%,2.3%,3.4,1.4,0.0%,-,6.3%,61.9%,11.8%,24.7%,7.7%,8.9%,34.5%,0.2%,0.0%,17,32
2,Dominika Salkova,195,129,2.0%,5.4%,56.9%,59.2%,51.5%,17.2%,21.7%,12.7%,4.6%,N/A,N/A,N/A,N/A,N/A,N/A,N/A,N/A,N/A,N/A,N/A,N/A,48.5%,17.3%,28.6%,54.5%,15.4%,54.8%,3.5%,7.0%,36.4%,-84,76.5%,57.5%,2.38,5.5%,15.2%,4.2,51.5%,46.9%,58.3%,56.7%,52.9%,3.2%,10.9,1.5,0.0%,-,5.1%,71.4%,16.5%,25.0%,42.9%,7.1%,20.9%,0.0%,-,-2,-11
1,Gabriela Andrea Knutson,196,155,2.6%,7.9%,60.5%,59.4%,40.0%,19.6%,30.4%,10.1%,8.5%,N/A,N/A,N/A,N/A,N/A,N/A,1.2%,43.4%,2.6%,50.0%,44.9%,43.5%,43.9%,25.7%,34.3%,46.2%,47.4%,50.0%,14.3%,17.1%,40.0%,12,74.4%,56.7%,2.62,19.2%,4.3%,4.5,53.1%,48.3%,27.6%,63.2%,45.5%,3.2%,2.6,-3.2,0.0%,-,8.8%,88.9%,10.4%,41.2%,0.0%,7.9%,31.6%,1.3%,0.0%,80,72
2,Selena Janicijevic,197,153,3.3%,4.3%,57.0%,63.5%,39.9%,10.0%,15.5%,1.8%,5.3%,85.4,,,74.1,,,1.5%,54.5%,1.6%,48.1%,41.1%,45.6%,36.2%,35.0%,43.8%,38.5%,34.8%,67.6%,11.7%,15.0%,34.0%,-11,71.8%,41.7%,2.59,5.9%,25.7%,3.8,50.7%,36.8%,31.3%,35.7%,39.6%,24.2%,-2.5,0.9,0.0%,-,4.6%,41.7%,7.1%,6.5%,50.0%,12.5%,25.0%,2.6%,30.0%,-62,-28
2,Sayaka Ishii,198,188,0.3%,6.3%,62.0%,60.1%,45.2%,8.0%,23.7%,6.8%,1.8%,N/A,N/A,N/A,N/A,N/A,N/A,0.0%,50.0%,0.0%,52.6%,37.8%,35.5%,43.1%,19.8%,28.7%,42.0%,55.0%,31.0%,14.3%,22.4%,45.2%,28,62.0%,48.0%,2.80,19.8%,8.9%,4.0,42.5%,45.7%,47.5%,43.5%,52.9%,2.8%,0.4,-2.9,0.0%,-,4.8%,80.0%,12.8%,22.1%,25.0%,5.3%,15.8%,0.4%,0.0%,19,6
26,Mona Barthel,199,23,5.2%,6.7%,58.6%,66.1%,44.3%,16.0%,20.3%,6.1%,5.4%,99.4,104.5,96.4,79.7,86.1,79.9,4.5%,58.5%,3.6%,56.2%,41.7%,43.7%,47.4%,25.4%,38.4%,49.1%,55.6%,32.4%,16.8%,25.2%,44.6%,44,71.2%,51.9%,2.41,15.4%,12.6%,4.0,46.8%,50.3%,54.9%,46.7%,52.0%,7.7%,4.1,2.7,0.6%,57.1%,11.5%,68.1%,12.3%,13.9%,9.1%,12.9%,26.4%,1.3%,23.4%,22,31
2,Susan Bandecchi,200,164,3.4%,3.6%,60.8%,61.9%,48.6%,13.2%,24.0%,9.0%,4.7%,N/A,N/A,N/A,N/A,N/A,N/A,2.0%,57.0%,1.6%,58.1%,44.0%,42.6%,49.2%,15.4%,24.0%,53.4%,35.0%,41.4%,14.3%,16.3%,40.5%,25,82.8%,43.8%,2.55,4.5%,5.5%,5.1,48.9%,37.0%,48.2%,63.9%,55.7%,27.7%,6.4,-1.8,0.0%,-,4.1%,53.8%,12.6%,19.7%,7.7%,8.6%,16.7%,1.1%,25.0%,-11,-17
7,Linda Klimovicova,201,184,N/A,N/A,N/A,N/A,N/A,16.3%,13.4%,10.0%,5.3%,N/A,N/A,N/A,N/A,N/A,N/A,5.0%,68.3%,5.3%,57.5%,34.5%,46.9%,48.8%,31.7%,42.9%,48.8%,25.9%,35.1%,19.6%,24.7%,48.8%,20,80.9%,51.3%,2.39,20.9%,10.0%,4.3,54.0%,47.2%,53.5%,49.3%,52.6%,7.8%,9.3,7.4,0.0%,-,8.5%,61.6%,16.0%,17.8%,15.8%,10.8%,25.5%,0.4%,0.0%,-37,-12
7,Astra Sharma,202,84,4.4%,4.7%,61.8%,62.9%,47.6%,12.7%,20.0%,4.9%,1.6%,106.4,111.6,99.8,85.8,89.0,83.3,2.8%,57.7%,3.3%,58.7%,45.4%,44.3%,43.0%,34.9%,45.6%,45.9%,25.3%,46.7%,21.4%,29.1%,39.0%,85,66.1%,55.4%,2.37,13.1%,8.0%,3.3,52.0%,46.6%,47.7%,53.4%,63.9%,30.1%,4.3,-4.9,5.0%,66.7%,10.6%,61.8%,15.2%,20.1%,12.7%,6.2%,14.3%,0.8%,41.7%,46,70
4,Iryna Shymanovich,203,154,1.2%,3.1%,57.5%,55.0%,42.4%,13.4%,18.8%,7.0%,6.1%,N/A,N/A,N/A,N/A,N/A,N/A,0.8%,52.6%,0.6%,55.4%,49.9%,49.8%,37.5%,18.4%,23.0%,32.3%,45.5%,56.9%,15.6%,23.9%,44.6%,-71,72.2%,52.7%,2.56,5.6%,11.1%,4.0,45.4%,45.5%,44.2%,45.7%,44.9%,13.7%,2.8,0.5,0.0%,-,6.8%,62.9%,12.8%,15.7%,33.3%,8.0%,17.3%,2.4%,30.0%,28,2
1,Guiomar Maristany Zuleta De Reales,204,179,0.6%,6.8%,64.2%,54.0%,49.2%,7.8%,19.4%,4.4%,4.4%,N/A,N/A,N/A,N/A,N/A,N/A,1.2%,53.0%,0.4%,52.6%,47.6%,50.8%,30.8%,13.8%,13.8%,32.0%,28.6%,25.0%,6.7%,6.7%,28.6%,-51,69.0%,50.0%,2.39,4.0%,11.1%,4.2,46.2%,50.0%,30.8%,30.0%,57.6%,2.6%,-7.3,1.3,0.0%,-,8.6%,33.3%,2.5%,11.1%,0.0%,9.1%,25.0%,1.1%,50.0%,-53,-62
2,Joanna Garland,205,202,N/A,N/A,N/A,N/A,N/A,14.8%,17.1%,7.0%,7.5%,N/A,N/A,N/A,N/A,N/A,N/A,2.4%,57.3%,1.7%,56.0%,42.7%,44.0%,43.4%,24.0%,33.3%,45.6%,28.6%,66.7%,10.3%,13.8%,38.5%,-64,77.5%,52.3%,2.46,1.8%,25.0%,5.2,53.9%,46.3%,57.1%,40.6%,53.9%,10.8%,2.7,4.6,0.0%,-,6.9%,66.7%,7.6%,15.4%,0.0%,11.7%,34.6%,0.4%,0.0%,-49,-44
1,Nuria Brancaccio,206,167,1.2%,5.1%,71.7%,54.2%,39.2%,24.4%,25.6%,12.7%,13.1%,N/A,N/A,N/A,N/A,N/A,N/A,0.2%,50.3%,0.0%,48.9%,50.7%,44.4%,45.9%,11.7%,19.4%,45.1%,14.3%,75.0%,18.2%,22.7%,50.0%,58,72.3%,51.2%,2.38,0.0%,5.7%,5.6,51.4%,50.0%,52.8%,44.4%,43.0%,36.5%,-0.9,0.7,0.8%,0.0%,12.7%,71.9%,10.6%,12.7%,0.0%,7.6%,25.0%,8.9%,33.3%,-17,-21
2,Carson Branstine,207,192,N/A,N/A,N/A,N/A,N/A,17.6%,20.8%,14.8%,3.8%,N/A,N/A,N/A,N/A,N/A,N/A,2.1%,54.0%,1.5%,53.3%,46.3%,47.3%,60.4%,26.4%,38.9%,60.4%,30.4%,53.8%,12.2%,28.6%,60.5%,-13,74.7%,56.2%,2.16,18.9%,4.3%,4.2,51.4%,58.5%,59.6%,61.1%,62.6%,13.1%,14.0,4.8,0.8%,100.0%,14.9%,65.9%,19.2%,23.8%,12.5%,13.0%,18.8%,0.0%,-,83,55
1,Hanne Vandewinkel,208,181,4.0%,8.1%,59.7%,59.6%,41.7%,15.8%,19.2%,10.4%,3.8%,N/A,N/A,N/A,N/A,N/A,N/A,0.0%,61.5%,5.9%,51.0%,36.5%,39.6%,55.0%,16.7%,30.0%,56.0%,55.0%,21.4%,11.8%,11.8%,53.3%,-12,70.0%,52.9%,2.48,32.0%,2.9%,4.9,42.3%,46.2%,61.3%,52.2%,62.4%,64.7%,4.9,-2.0,0.0%,-,14.8%,63.3%,9.0%,17.1%,16.7%,7.1%,25.0%,1.2%,20.0%,-50,-50
1,Andrea Lazaro Garcia,209,180,1.5%,3.8%,57.6%,64.6%,47.3%,7.0%,25.6%,7.7%,,N/A,N/A,N/A,N/A,N/A,N/A,0.9%,52.1%,0.4%,52.3%,45.7%,46.9%,40.5%,11.5%,15.4%,43.5%,0.0%,42.9%,0.0%,14.3%,35.7%,-119,59.5%,36.0%,2.21,0.0%,25.0%,3.8,34.0%,36.0%,10.0%,100.0%,70.9%,23.1%,-9.7,-1.7,0.0%,-,4.7%,100.0%,5.5%,15.4%,0.0%,0.0%,0.0%,2.2%,33.3%,-26,-19
1,Han Shi,210,200,1.5%,4.8%,60.0%,63.1%,43.9%,10.0%,26.7%,4.5%,3.6%,N/A,N/A,N/A,N/A,N/A,N/A,5.4%,59.5%,0.0%,38.7%,32.1%,41.7%,40.0%,23.9%,26.1%,40.0%,10.0%,37.5%,16.7%,16.7%,40.0%,38,69.2%,44.4%,2.56,14.3%,0.0%,4.6,44.8%,36.4%,64.3%,40.0%,54.0%,5.5%,-2.5,-4.9,0.0%,-,3.3%,50.0%,7.7%,9.5%,0.0%,4.7%,11.1%,0.0%,-,-14,-6
1,Miriam Bianca Bulgaru,211,176,1.2%,4.2%,60.1%,58.8%,43.3%,N/A,N/A,N/A,N/A,N/A,N/A,N/A,N/A,N/A,N/A,1.4%,53.7%,1.1%,53.3%,47.5%,48.6%,34.5%,6.5%,6.5%,34.5%,80.0%,31.3%,0.0%,0.0%,34.6%,-119,86.0%,51.0%,2.60,0.0%,8.7%,6.4,24.2%,35.5%,48.1%,57.7%,67.4%,1.8%,-0.5,-8.4,0.0%,-,10.3%,75.0%,7.6%,7.8%,12.5%,3.0%,0.0%,6.2%,47.6%,-3,-27
1,Berfu Cengiz,212,190,1.4%,8.2%,62.6%,66.4%,39.0%,26.5%,9.2%,16.1%,11.8%,N/A,N/A,N/A,N/A,N/A,N/A,1.1%,53.7%,0.4%,52.1%,48.9%,48.9%,55.3%,19.4%,38.9%,58.6%,16.7%,66.7%,0.0%,11.1%,44.4%,-119,80.4%,75.6%,2.56,0.0%,30.0%,3.9,59.2%,61.8%,72.7%,100.0%,56.1%,14.5%,24.1,26.3,0.0%,-,6.1%,66.7%,28.1%,19.2%,0.0%,26.7%,45.5%,2.5%,50.0%,71,45
2,Taylah Preston,213,134,1.8%,7.1%,62.0%,56.7%,43.9%,6.3%,23.8%,5.2%,0.8%,96.5,95.5,,83.7,91.5,76.0,2.8%,50.7%,0.0%,49.2%,43.6%,41.9%,38.0%,27.3%,31.2%,37.5%,12.5%,56.5%,23.4%,27.7%,38.9%,103,62.5%,48.4%,2.43,1.8%,8.1%,3.3,46.6%,45.5%,40.9%,54.5%,55.0%,5.7%,-4.2,-4.5,0.0%,-,1.0%,66.7%,9.4%,10.8%,0.0%,4.1%,11.1%,0.5%,100.0%,-12,27
20,Nao Hibino,214,56,2.3%,4.1%,65.6%,59.3%,45.8%,11.7%,19.7%,5.4%,3.8%,90.6,92.0,87.3,80.8,81.8,76.4,2.2%,56.1%,2.1%,55.6%,42.7%,44.2%,44.5%,21.6%,29.4%,47.4%,38.3%,46.9%,18.7%,22.8%,38.6%,48,70.8%,50.5%,2.52,12.3%,9.6%,4.1,47.5%,46.5%,49.0%,47.2%,55.5%,10.2%,0.9,-1.1,0.0%,-,6.5%,71.8%,9.1%,12.4%,9.6%,9.0%,16.7%,1.0%,37.8%,-14,-8
15,Patricia Maria Tig,215,56,2.1%,7.1%,60.4%,61.4%,43.3%,14.1%,19.5%,7.6%,3.5%,99.6,102.3,99.0,87.0,89.8,87.2,1.8%,54.0%,1.3%,56.2%,45.1%,44.8%,47.7%,23.2%,35.4%,50.5%,35.7%,58.0%,15.4%,22.5%,41.8%,27,77.4%,55.9%,2.48,9.3%,9.0%,4.2,51.3%,51.2%,54.1%,50.0%,51.7%,20.8%,8.1,2.6,0.1%,100.0%,6.6%,70.7%,15.0%,22.4%,13.4%,7.7%,21.3%,2.6%,49.5%,1,7
1,Anastasiya Soboleva,216,197,0.7%,3.3%,70.4%,46.7%,46.7%,13.5%,20.0%,8.1%,5.6%,N/A,N/A,N/A,N/A,N/A,N/A,0.0%,42.3%,0.0%,55.1%,40.5%,40.6%,44.9%,8.6%,15.7%,45.3%,13.3%,84.6%,10.7%,17.9%,44.0%,-7,71.0%,51.0%,2.67,4.8%,11.5%,4.8,43.4%,38.6%,78.9%,37.5%,48.4%,16.7%,9.4,-7.0,0.0%,-,8.2%,64.3%,13.8%,30.8%,0.0%,2.4%,16.7%,3.9%,38.5%,-15,-45
1,Valentina Ryser,217,213,N/A,N/A,N/A,N/A,N/A,24.8%,12.8%,10.5%,13.7%,N/A,N/A,N/A,N/A,N/A,N/A,0.9%,53.3%,1.4%,48.1%,48.3%,48.2%,63.0%,37.0%,51.9%,64.7%,14.3%,85.7%,28.6%,42.9%,60.0%,109,69.2%,62.2%,2.63,5.9%,4.3%,3.2,58.2%,65.6%,75.0%,0.0%,46.5%,6.5%,27.7,16.0,0.0%,-,7.3%,50.0%,29.2%,30.8%,0.0%,23.4%,40.0%,0.7%,0.0%,123,127
1,Xinxin Yao,218,205,1.6%,3.8%,64.0%,54.6%,41.8%,7.2%,21.6%,2.6%,4.3%,N/A,N/A,N/A,N/A,N/A,N/A,0.0%,30.8%,2.6%,50.0%,42.3%,40.9%,32.8%,22.2%,28.9%,25.7%,0.0%,75.0%,0.0%,3.4%,41.4%,-119,87.5%,38.1%,2.45,11.4%,26.7%,6.6,53.2%,44.8%,33.3%,21.4%,49.9%,0.0%,-2.6,-4.6,0.0%,-,4.0%,40.0%,3.9%,10.7%,0.0%,3.3%,5.3%,0.3%,0.0%,-132,-118
1,Hina Inoue,219,207,8.1%,4.1%,58.1%,65.1%,41.9%,10.3%,17.6%,5.6%,,N/A,N/A,N/A,N/A,N/A,N/A,3.6%,53.2%,2.0%,51.5%,34.7%,40.7%,44.4%,39.5%,53.5%,42.3%,44.4%,5.3%,0.0%,0.0%,46.4%,-119,68.3%,37.2%,2.71,42.3%,14.3%,3.8,46.4%,41.4%,42.9%,20.0%,51.9%,10.9%,-0.5,-6.2,0.0%,-,1.5%,100.0%,11.1%,21.4%,0.0%,1.5%,0.0%,0.0%,-,-70,-49
1,Ekaterina Makarova,220,158,0.3%,6.6%,67.0%,52.1%,40.0%,3.4%,15.8%,0.7%,2.9%,N/A,N/A,N/A,N/A,N/A,N/A,0.0%,56.8%,0.0%,59.4%,53.7%,33.3%,48.9%,18.8%,25.0%,51.3%,22.2%,14.3%,50.0%,50.0%,37.5%,183,84.4%,50.8%,2.88,0.0%,3.7%,4.1,51.2%,52.9%,52.6%,36.4%,44.0%,11.3%,2.7,7.9,0.0%,-,0.7%,100.0%,5.3%,0.0%,0.0%,9.9%,33.3%,1.6%,25.0%,-92,-48
3,Raluka Serban,221,152,1.3%,13.2%,59.0%,61.3%,39.3%,12.3%,21.6%,8.7%,4.2%,N/A,N/A,N/A,N/A,N/A,N/A,0.7%,55.6%,0.6%,54.8%,47.9%,48.5%,41.0%,21.8%,29.3%,44.2%,56.4%,28.3%,20.8%,25.7%,35.0%,78,73.1%,48.4%,2.55,4.8%,22.2%,3.9,47.8%,42.5%,46.5%,48.6%,56.5%,2.4%,2.1,-1.7,0.0%,-,7.9%,75.0%,10.9%,15.4%,21.7%,6.6%,22.2%,0.6%,60.0%,-45,-25
2,Kayla Cross,222,221,0.0%,11.3%,50.9%,51.9%,57.7%,16.9%,22.6%,14.7%,2.3%,N/A,N/A,N/A,N/A,N/A,N/A,8.3%,61.1%,0.0%,60.9%,41.7%,39.5%,59.8%,22.4%,43.4%,54.2%,20.0%,52.6%,25.0%,29.5%,69.7%,92,72.5%,46.6%,2.03,10.2%,4.3%,4.1,47.4%,56.3%,46.9%,55.2%,47.6%,23.3%,16.1,0.5,3.1%,75.0%,8.4%,72.0%,23.5%,30.0%,7.7%,7.9%,33.3%,1.0%,20.0%,28,53
6,Lizette Cabrera,223,119,1.5%,5.3%,64.6%,56.9%,38.8%,10.6%,21.9%,6.3%,3.1%,N/A,N/A,N/A,N/A,N/A,N/A,1.5%,53.5%,1.2%,52.1%,45.6%,45.1%,45.5%,22.8%,32.3%,45.9%,34.3%,44.7%,14.4%,20.5%,44.8%,14,71.2%,52.4%,2.66,7.5%,10.4%,3.9,49.3%,48.0%,50.0%,43.8%,48.2%,9.3%,2.7,1.1,0.2%,100.0%,7.9%,66.2%,12.5%,20.4%,20.0%,8.2%,17.6%,0.6%,40.0%,8,15
5,Leonie Kung,225,144,3.1%,4.1%,61.9%,58.7%,47.7%,10.7%,17.2%,4.4%,5.3%,N/A,N/A,N/A,N/A,N/A,N/A,1.0%,51.4%,0.6%,52.5%,47.4%,48.5%,43.6%,23.8%,31.1%,49.7%,16.2%,47.4%,9.3%,16.0%,29.4%,-22,69.3%,54.6%,2.22,7.6%,18.3%,4.3,46.8%,49.0%,63.6%,48.3%,53.3%,10.7%,4.2,3.6,0.0%,-,7.3%,69.8%,10.4%,13.6%,100.0%,10.4%,42.6%,2.6%,37.0%,-32,-29
50,Kristina Mladenovic,226,10,4.9%,7.5%,58.2%,65.7%,42.8%,16.7%,19.7%,9.3%,4.1%,100.1,103.5,95.2,79.7,77.9,81.9,5.6%,57.4%,3.2%,55.9%,43.8%,42.8%,47.1%,28.7%,42.5%,51.1%,43.6%,60.8%,16.8%,22.6%,41.6%,46,72.0%,51.7%,2.38,16.3%,14.6%,3.8,48.5%,50.9%,50.4%,47.4%,49.3%,22.1%,9.1,-1.3,1.5%,57.4%,11.1%,71.5%,18.1%,22.3%,14.9%,7.8%,15.7%,3.3%,26.8%,49,50
2,Julia Avdeeva,227,188,2.6%,13.2%,50.0%,52.6%,26.3%,15.5%,25.0%,10.8%,3.3%,N/A,N/A,N/A,N/A,N/A,N/A,6.3%,57.0%,3.8%,52.6%,39.5%,38.0%,45.2%,36.0%,53.5%,47.3%,46.7%,22.2%,14.0%,22.8%,42.9%,11,70.7%,47.1%,2.11,14.8%,10.9%,3.1,48.0%,39.2%,52.4%,77.8%,55.8%,34.1%,5.8,-1.8,0.0%,-,5.3%,87.5%,20.3%,34.8%,0.0%,18.5%,14.3%,4.4%,23.5%,130,131
1,Georgia Pedone,229,183,0.0%,0.0%,79.3%,46.7%,33.3%,3.7%,21.1%,0.9%,2.8%,N/A,N/A,N/A,N/A,N/A,N/A,0.0%,42.9%,0.0%,46.9%,36.4%,20.0%,43.9%,0.0%,12.2%,51.0%,0.0%,75.0%,5.6%,5.6%,23.5%,-104,88.1%,29.7%,2.65,4.1%,30.8%,5.7,36.6%,39.5%,27.3%,47.4%,54.4%,9.2%,-6.0,2.7,0.0%,-,8.3%,55.6%,2.7%,10.5%,0.0%,5.4%,25.0%,1.5%,0.0%,-110,-132
2,Marie Benoit,230,188,2.7%,5.4%,61.3%,51.5%,39.5%,11.3%,22.5%,6.7%,4.6%,N/A,N/A,N/A,N/A,N/A,N/A,1.4%,53.0%,0.9%,55.5%,47.3%,47.8%,35.5%,15.3%,17.6%,34.7%,16.7%,71.4%,19.2%,19.2%,38.1%,61,70.9%,48.2%,2.41,2.8%,5.9%,5.2,45.0%,41.1%,50.0%,39.5%,52.0%,9.4%,-0.6,-0.9,0.0%,-,7.1%,70.6%,6.5%,5.5%,13.3%,5.3%,20.0%,1.9%,20.0%,-74,-72
1,Petra Marcinko,231,132,1.7%,5.9%,63.7%,63.5%,42.5%,14.6%,24.9%,8.0%,6.3%,N/A,N/A,N/A,N/A,N/A,N/A,0.0%,54.9%,2.1%,58.3%,46.7%,48.8%,46.7%,27.3%,36.4%,50.0%,8.3%,33.3%,10.0%,13.3%,40.7%,-14,77.9%,52.2%,2.18,2.1%,9.5%,4.5,57.1%,51.0%,45.8%,42.1%,46.8%,6.8%,-1.6,6.2,0.0%,-,6.5%,41.7%,10.9%,11.4%,0.0%,10.0%,25.0%,1.4%,0.0%,12,13
3,Yuriko Miyazaki,233,132,1.8%,4.9%,62.4%,59.9%,45.3%,13.9%,22.6%,9.7%,4.0%,93.8,94.9,93.8,80.1,82.6,74.0,1.1%,52.3%,2.0%,54.8%,43.2%,45.1%,46.8%,24.4%,37.4%,53.5%,38.2%,74.3%,17.4%,27.5%,35.1%,50,68.0%,48.6%,2.49,19.6%,20.3%,3.6,43.8%,47.4%,47.2%,52.0%,60.0%,26.0%,2.5,7.1,1.4%,100.0%,9.6%,67.5%,16.0%,26.7%,33.3%,13.9%,28.9%,1.5%,44.4%,74,66
2,Maria Mateas,234,190,1.8%,8.4%,69.9%,49.4%,36.8%,9.9%,23.3%,5.9%,4.3%,N/A,N/A,N/A,N/A,N/A,N/A,1.0%,52.6%,0.7%,50.8%,46.3%,49.2%,31.6%,18.1%,23.6%,28.8%,14.3%,20.0%,31.0%,34.5%,40.0%,154,64.1%,47.5%,2.37,5.2%,9.4%,3.8,40.3%,36.0%,23.5%,37.5%,48.0%,8.2%,-3.7,-3.1,0.0%,-,5.4%,45.5%,6.1%,7.5%,0.0%,8.3%,28.6%,1.6%,60.0%,1,13
3,Noma Noha Akugue,235,142,2.8%,5.4%,58.6%,59.1%,45.3%,9.7%,35.8%,6.5%,2.4%,N/A,N/A,N/A,N/A,N/A,N/A,6.5%,38.7%,0.0%,58.1%,44.7%,29.4%,50.0%,14.3%,26.4%,55.8%,14.9%,45.8%,7.5%,13.2%,42.9%,-44,78.6%,49.5%,2.29,43.0%,0.0%,5.4,43.8%,53.1%,46.8%,48.8%,60.6%,3.7%,4.3,0.9,0.0%,-,13.3%,63.8%,11.9%,19.6%,11.3%,7.5%,24.1%,1.3%,6.3%,46,23
5,Elizabeth Mandlik,237,97,2.6%,6.0%,54.4%,61.1%,41.8%,8.2%,19.6%,5.7%,1.4%,98.1,100.0,93.2,81.9,82.0,79.8,1.6%,54.4%,0.8%,54.8%,46.9%,46.0%,45.8%,29.8%,35.3%,51.0%,40.0%,50.7%,11.2%,14.4%,38.7%,-12,68.6%,56.4%,2.60,5.3%,16.5%,4.3,41.4%,53.7%,61.8%,57.6%,50.7%,16.9%,5.0,-1.4,0.6%,50.0%,5.9%,61.9%,9.1%,16.5%,11.1%,4.0%,5.4%,2.1%,44.4%,-43,-22
1,Angela Fita Boluda,238,220,2.6%,3.6%,71.8%,58.6%,40.0%,16.1%,18.8%,11.7%,3.9%,N/A,N/A,N/A,N/A,N/A,N/A,1.2%,52.3%,1.8%,55.7%,44.3%,47.9%,45.0%,24.3%,40.5%,53.6%,0.0%,75.0%,14.3%,21.4%,25.0%,-23,76.7%,37.0%,2.29,7.1%,0.0%,4.5,51.9%,41.9%,31.8%,57.1%,59.4%,15.1%,0.9,0.7,0.0%,-,6.3%,71.4%,15.6%,33.3%,100.0%,12.1%,30.8%,2.8%,16.7%,4,1
44,Lesia Tsurenko,239,23,1.6%,6.3%,65.5%,58.8%,44.2%,11.5%,22.0%,5.6%,4.2%,90.0,91.6,86.5,79.5,79.5,78.3,1.8%,54.6%,1.6%,53.4%,45.4%,46.3%,43.5%,18.1%,26.3%,45.4%,37.7%,26.2%,16.3%,20.0%,39.0%,35,73.9%,54.7%,2.38,6.7%,8.4%,4.8,45.1%,50.3%,48.7%,48.0%,49.6%,10.1%,2.1,1.8,0.1%,66.7%,6.8%,66.8%,9.1%,13.9%,7.8%,7.5%,18.1%,0.3%,18.4%,-33,-29
1,Lina Glushko,240,201,5.4%,3.8%,63.9%,67.3%,45.8%,13.8%,26.7%,7.9%,6.1%,N/A,N/A,N/A,N/A,N/A,N/A,1.0%,57.3%,1.0%,54.4%,47.6%,48.5%,36.2%,8.8%,29.4%,45.2%,36.4%,18.2%,27.3%,36.4%,18.8%,-3,79.3%,52.2%,2.26,35.7%,4.3%,4.1,45.2%,35.3%,54.5%,44.4%,50.5%,2.0%,-0.5,-3.1,0.0%,-,9.5%,45.5%,11.3%,36.4%,0.0%,12.9%,33.3%,0.0%,-,43,11
1,Tessah Andrianjafitrimo,241,139,0.6%,5.6%,60.0%,53.2%,36.8%,15.7%,14.2%,10.6%,5.9%,N/A,N/A,N/A,N/A,N/A,N/A,0.9%,52.7%,0.6%,54.2%,47.6%,48.4%,52.1%,3.9%,9.8%,55.1%,16.7%,47.1%,17.2%,20.7%,45.8%,46,65.1%,41.5%,2.35,63.3%,15.8%,5.2,38.8%,44.7%,50.0%,50.0%,69.8%,16.1%,-2.4,-0.7,0.0%,-,27.5%,58.5%,3.0%,4.3%,3.8%,9.6%,18.2%,0.3%,0.0%,-77,-83
2,Irene Burillo Escorihuela,244,207,0.3%,3.7%,66.8%,52.6%,42.1%,11.8%,26.0%,9.0%,2.9%,N/A,N/A,N/A,N/A,N/A,N/A,1.1%,52.5%,0.6%,51.4%,49.0%,50.4%,37.9%,5.3%,11.7%,39.3%,95.5%,44.4%,12.5%,12.5%,34.3%,-46,85.0%,53.1%,2.32,0.0%,5.4%,6.0,47.4%,42.6%,45.5%,46.4%,59.4%,13.4%,2.0,-2.2,0.0%,-,5.5%,68.8%,8.8%,14.1%,10.3%,3.5%,10.7%,1.0%,62.5%,-46,-67
1,Sada Nahimana,245,244,2.0%,6.0%,56.0%,46.4%,36.4%,7.0%,25.0%,5.6%,1.1%,N/A,N/A,N/A,N/A,N/A,N/A,1.0%,53.0%,0.8%,54.9%,51.2%,45.5%,33.3%,14.3%,14.3%,37.5%,30.0%,88.9%,21.1%,21.1%,26.7%,61,68.0%,38.2%,2.43,8.3%,21.4%,4.0,34.5%,43.3%,40.0%,40.0%,58.0%,17.6%,-17.8,-1.9,0.0%,-,8.0%,87.5%,3.1%,4.2%,0.0%,2.6%,33.3%,3.7%,33.3%,23,12
3,Carol Zhao,246,131,2.8%,9.4%,61.6%,61.7%,36.2%,9.8%,24.9%,7.2%,2.3%,N/A,N/A,N/A,N/A,N/A,N/A,2.4%,55.2%,1.9%,54.5%,43.0%,42.9%,34.8%,28.7%,31.9%,41.8%,22.9%,44.7%,11.0%,11.0%,27.7%,-13,78.4%,46.9%,2.56,17.9%,7.4%,4.7,44.3%,39.1%,36.2%,41.9%,56.6%,26.9%,-4.8,-2.6,1.1%,50.0%,7.4%,33.3%,6.1%,11.4%,0.0%,4.8%,20.0%,0.7%,20.0%,-62,-33
2,Himeno Sakatsume,247,164,3.1%,5.1%,61.3%,63.7%,48.5%,10.7%,20.2%,8.1%,2.8%,N/A,N/A,N/A,N/A,N/A,N/A,0.0%,60.2%,0.0%,46.7%,39.8%,42.2%,55.3%,16.9%,33.7%,52.2%,47.8%,16.7%,17.1%,24.4%,61.8%,-48,74.8%,37.9%,2.38,10.1%,5.7%,4.3,46.8%,47.7%,46.2%,43.5%,48.7%,5.1%,6.8,-2.0,0.0%,-,6.7%,52.9%,17.3%,19.2%,23.1%,3.3%,4.2%,0.2%,0.0%,0,-24
1,Valeriya Strakhova,248,231,2.1%,2.1%,65.0%,49.5%,32.0%,17.6%,34.5%,9.5%,9.5%,N/A,N/A,N/A,N/A,N/A,N/A,2.2%,55.9%,1.0%,53.5%,46.4%,49.7%,36.4%,8.3%,13.9%,42.4%,12.5%,25.0%,8.3%,8.3%,18.2%,-55,70.8%,54.3%,2.46,0.0%,3.1%,5.5,38.6%,32.1%,58.3%,50.0%,47.2%,7.5%,-1.5,0.0,0.0%,-,8.4%,60.0%,8.8%,9.4%,100.0%,8.5%,32.1%,0.0%,-,-9,-2
3,Despina Papamichail,249,143,1.0%,2.8%,64.6%,54.6%,41.8%,13.6%,18.4%,4.8%,8.8%,N/A,N/A,N/A,N/A,N/A,N/A,0.9%,53.4%,0.6%,53.9%,47.9%,49.5%,52.3%,10.2%,19.7%,58.3%,15.8%,73.2%,15.2%,20.3%,40.3%,-19,83.6%,53.3%,2.53,5.4%,5.6%,5.7,55.9%,48.7%,55.1%,50.0%,45.4%,5.3%,2.6,4.0,0.0%,-,11.6%,65.5%,8.5%,15.5%,4.0%,8.4%,23.5%,0.6%,37.5%,-64,-72
1,Carole Monnet,250,162,0.6%,9.8%,58.3%,60.7%,45.7%,10.8%,20.1%,9.5%,2.4%,N/A,N/A,N/A,N/A,N/A,N/A,0.6%,49.4%,0.3%,47.4%,49.3%,46.6%,49.0%,22.2%,40.0%,51.4%,30.0%,41.7%,27.3%,36.4%,43.8%,119,73.1%,38.8%,2.24,11.4%,4.5%,4.3,54.2%,46.7%,36.0%,25.0%,60.4%,6.2%,-4.0,1.7,0.0%,-,10.8%,60.0%,12.0%,25.0%,14.3%,1.5%,12.5%,1.2%,66.7%,-42,-27
1,Francisca Jorge,251,176,2.8%,2.0%,69.3%,55.8%,48.5%,9.6%,3.8%,5.4%,3.2%,N/A,N/A,N/A,N/A,N/A,N/A,0.7%,54.9%,0.6%,51.1%,45.1%,46.3%,67.9%,50.0%,57.7%,61.5%,0.0%,63.6%,25.0%,35.0%,73.3%,-46,61.4%,51.4%,2.32,23.1%,9.5%,3.1,58.2%,60.9%,60.0%,75.0%,46.7%,15.4%,22.4,13.6,0.0%,-,5.8%,83.3%,18.9%,42.9%,0.0%,20.0%,60.0%,0.0%,-,-54,-3
1,Sophie Chang,252,217,7.6%,8.8%,62.6%,65.4%,31.3%,17.3%,20.2%,11.0%,6.0%,N/A,N/A,N/A,N/A,N/A,N/A,2.5%,53.6%,2.1%,52.6%,45.0%,45.0%,34.9%,10.0%,30.0%,40.7%,85.7%,9.1%,11.1%,11.1%,25.0%,-4,75.9%,61.0%,2.35,18.5%,15.8%,3.9,36.2%,58.1%,45.5%,25.0%,49.7%,5.0%,6.5,14.0,0.0%,-,11.5%,66.7%,23.9%,23.8%,33.3%,15.4%,25.0%,0.0%,-,99,59
2,Margaux Rouvroy,253,211,4.3%,2.1%,65.7%,59.8%,43.8%,11.4%,17.1%,8.7%,2.6%,N/A,N/A,N/A,N/A,N/A,N/A,1.1%,52.2%,0.0%,51.7%,59.1%,48.8%,49.5%,18.6%,31.4%,54.3%,78.9%,4.0%,25.0%,27.3%,39.4%,101,92.1%,56.0%,2.36,15.7%,8.3%,5.3,59.8%,50.6%,51.4%,56.1%,59.5%,58.3%,4.2,9.4,4.4%,83.3%,13.6%,77.8%,6.2%,11.1%,0.0%,16.0%,37.5%,2.7%,25.0%,-100,-69
1,Mei Yamaguchi,254,254,4.9%,3.5%,63.4%,60.0%,42.3%,14.0%,16.9%,8.4%,6.1%,N/A,N/A,N/A,N/A,N/A,N/A,0.0%,59.8%,0.0%,53.0%,44.9%,44.1%,42.2%,8.2%,10.2%,48.9%,0.0%,7.1%,20.8%,25.0%,26.3%,-11,72.1%,50.0%,2.62,6.7%,20.0%,4.0,41.2%,45.8%,45.5%,66.7%,49.0%,2.8%,16.0,1.5,0.0%,-,7.4%,60.0%,21.9%,16.7%,0.0%,7.6%,16.7%,0.0%,-,14,-25
7,Maria Timofeeva,255,93,1.7%,3.6%,67.1%,61.0%,49.1%,14.7%,19.1%,8.2%,5.6%,N/A,N/A,N/A,N/A,N/A,N/A,1.5%,56.6%,1.7%,57.6%,38.6%,46.6%,51.3%,15.7%,23.4%,53.5%,66.1%,31.8%,14.0%,24.0%,46.5%,-28,77.2%,51.4%,2.41,8.2%,10.0%,5.2,45.9%,51.6%,55.6%,50.3%,50.8%,14.2%,5.3,2.1,0.0%,-,10.5%,68.8%,11.0%,16.5%,2.4%,6.9%,17.6%,1.3%,13.3%,-35,-43
1,Marina Bassols Ribera,256,105,0.9%,5.2%,59.0%,54.7%,46.1%,7.5%,24.0%,3.6%,3.6%,85.9,88.1,79.5,74.5,75.3,74.5,1.3%,55.9%,0.8%,51.3%,48.2%,48.5%,44.2%,18.2%,22.7%,38.9%,25.0%,55.6%,5.9%,11.8%,56.3%,-58,68.5%,42.0%,2.94,0.0%,8.3%,4.4,39.4%,54.3%,46.7%,26.7%,50.0%,3.8%,-1.2,0.4,0.0%,-,3.7%,40.0%,5.7%,4.2%,0.0%,12.1%,25.0%,0.4%,100.0%,-14,-30
1,Su Jeong Jang,257,114,2.1%,5.0%,66.5%,59.9%,44.4%,8.7%,18.5%,4.7%,3.5%,N/A,N/A,N/A,N/A,N/A,N/A,1.9%,55.1%,1.0%,51.8%,45.1%,46.1%,29.4%,22.6%,25.8%,37.5%,50.0%,33.3%,0.0%,0.0%,10.0%,-119,83.3%,40.0%,2.24,9.1%,18.2%,4.9,41.0%,50.0%,40.0%,7.1%,49.7%,8.5%,-4.7,0.0,0.0%,-,10.9%,60.0%,6.2%,12.5%,0.0%,4.6%,33.3%,0.0%,-,-114,-85
1,Wushuang Zheng,259,250,2.3%,4.9%,60.5%,59.0%,43.8%,8.5%,26.3%,3.6%,3.6%,N/A,N/A,N/A,N/A,N/A,N/A,1.0%,53.0%,0.5%,50.8%,45.7%,45.4%,40.8%,24.3%,29.7%,46.4%,100.0%,25.0%,8.7%,13.0%,33.3%,-30,76.4%,38.1%,2.56,14.3%,12.5%,4.9,42.1%,45.8%,33.3%,43.8%,49.4%,6.3%,-5.6,1.3,0.0%,-,6.8%,62.5%,5.1%,5.0%,22.2%,11.5%,26.3%,0.8%,0.0%,-4,-13
26,Viktoria Hruncakova,261,43,7.2%,6.5%,56.6%,68.2%,43.5%,18.1%,21.2%,9.0%,5.7%,101.5,103.9,99.2,83.8,88.2,82.4,5.0%,58.4%,4.8%,56.6%,44.5%,43.7%,45.6%,31.9%,44.0%,48.6%,25.9%,34.7%,20.3%,27.0%,41.7%,74,68.3%,53.9%,2.41,23.0%,11.7%,3.5,48.6%,48.0%,50.6%,55.2%,50.2%,11.4%,8.8,1.4,0.0%,-,5.2%,76.4%,18.2%,29.1%,10.3%,10.5%,21.8%,1.7%,50.0%,79,82
7,Katarina Zavatska,262,103,1.1%,4.5%,63.7%,55.1%,42.5%,9.9%,18.9%,3.4%,4.1%,N/A,N/A,N/A,N/A,N/A,N/A,1.2%,54.1%,1.0%,52.9%,45.9%,46.2%,44.2%,17.3%,28.8%,52.1%,14.3%,47.1%,16.8%,20.0%,31.0%,28,71.3%,53.7%,2.50,5.2%,6.0%,4.6,48.5%,44.2%,57.8%,43.6%,43.7%,7.4%,-0.6,3.1,0.0%,-,7.5%,67.7%,6.2%,8.7%,6.3%,9.6%,25.3%,1.5%,32.0%,-42,-41
4,Eva Vedder,264,221,5.4%,4.8%,54.5%,58.2%,48.7%,13.7%,18.3%,9.3%,3.0%,N/A,N/A,N/A,N/A,N/A,N/A,2.7%,57.0%,1.4%,59.0%,45.0%,45.5%,41.0%,25.2%,33.1%,40.7%,9.8%,50.9%,24.1%,27.8%,41.5%,35,75.7%,48.5%,2.29,17.0%,16.7%,4.5,50.2%,45.0%,47.9%,40.4%,55.2%,18.7%,4.1,2.3,0.8%,100.0%,8.5%,54.3%,13.0%,12.5%,14.3%,4.4%,18.2%,1.2%,41.7%,-37,-26
2,Alina Charaeva,265,197,2.1%,8.5%,57.4%,51.9%,25.0%,13.2%,14.2%,9.2%,4.3%,N/A,N/A,N/A,N/A,N/A,N/A,1.6%,48.4%,0.8%,43.7%,44.1%,53.0%,43.5%,26.3%,29.8%,40.5%,28.6%,58.8%,16.7%,33.3%,50.0%,21,63.5%,62.1%,2.49,4.8%,9.3%,3.5,44.1%,57.1%,63.6%,66.7%,52.2%,16.4%,16.8,10.8,0.0%,-,7.2%,78.6%,19.2%,32.3%,0.0%,20.3%,30.4%,1.1%,0.0%,2,17
1,Ye Xin Ma,267,177,2.0%,7.1%,54.4%,58.4%,40.9%,9.6%,23.0%,5.1%,4.6%,N/A,N/A,N/A,N/A,N/A,N/A,1.3%,53.7%,0.6%,56.1%,42.2%,39.5%,41.2%,25.6%,37.2%,48.3%,52.2%,62.5%,17.0%,17.0%,30.8%,46,76.4%,55.7%,2.46,19.3%,14.6%,4.9,49.6%,48.5%,51.3%,57.6%,54.6%,8.4%,-0.2,6.3,0.0%,-,7.7%,65.0%,8.8%,17.8%,0.0%,11.2%,33.3%,0.0%,-,-26,-8
1,Jia Jing Lu,269,162,3.1%,8.0%,57.8%,60.3%,39.5%,11.6%,32.7%,8.4%,3.8%,N/A,N/A,N/A,N/A,N/A,N/A,3.0%,56.2%,1.8%,54.6%,44.9%,46.3%,45.3%,35.3%,47.1%,50.0%,15.0%,53.3%,11.4%,14.3%,41.9%,-16,67.6%,43.5%,2.20,0.0%,0.0%,3.5,42.4%,47.6%,30.8%,71.4%,50.7%,6.5%,-7.4,-0.5,0.0%,-,10.2%,60.0%,11.8%,19.0%,0.0%,9.4%,30.0%,0.5%,0.0%,116,128
1,Mariia Tkacheva,271,266,1.6%,4.9%,77.0%,61.7%,28.6%,9.4%,25.9%,7.7%,1.5%,N/A,N/A,N/A,N/A,N/A,N/A,0.0%,61.1%,0.6%,44.9%,39.2%,45.7%,51.0%,12.8%,29.8%,56.1%,0.0%,42.9%,9.1%,18.2%,30.0%,-36,70.5%,45.5%,2.60,7.3%,7.7%,4.0,38.6%,53.8%,66.7%,43.8%,50.4%,5.9%,-4.0,4.1,1.7%,0.0%,5.0%,85.7%,10.5%,0.0%,0.0%,11.0%,33.3%,0.4%,0.0%,80,38
4,Stacey Fung,272,222,0.0%,3.3%,54.4%,51.0%,48.8%,9.2%,18.7%,6.0%,2.6%,N/A,N/A,N/A,N/A,N/A,N/A,2.8%,66.9%,1.5%,51.5%,47.2%,42.7%,54.3%,18.8%,29.5%,54.5%,26.1%,63.8%,14.0%,18.3%,53.8%,24,68.7%,51.9%,2.39,14.7%,8.8%,4.8,51.4%,58.8%,50.0%,46.5%,60.1%,4.4%,6.2,3.9,0.4%,100.0%,5.9%,72.7%,10.6%,11.9%,13.8%,9.0%,17.2%,0.2%,50.0%,-40,-42
2,Emerson Jones,273,252,0.0%,7.3%,62.2%,61.8%,30.6%,13.0%,19.6%,6.4%,8.4%,N/A,N/A,N/A,N/A,N/A,N/A,0.0%,50.8%,0.0%,40.4%,37.3%,39.6%,37.5%,19.2%,27.4%,45.8%,6.7%,14.3%,19.4%,19.4%,20.7%,60,67.9%,52.6%,2.77,6.8%,10.5%,3.9,38.5%,42.6%,61.9%,45.0%,48.5%,5.8%,1.5,8.0,0.0%,-,0.4%,100.0%,10.6%,17.1%,0.0%,13.3%,47.8%,0.3%,0.0%,6,-7
11,Irina Bara,274,104,0.4%,4.8%,70.2%,54.1%,43.1%,10.8%,17.0%,4.9%,3.4%,86.5,,,77.8,,,0.2%,51.7%,0.1%,52.0%,52.2%,50.1%,44.4%,10.7%,13.4%,44.0%,16.0%,19.8%,11.8%,12.4%,45.8%,-12,79.4%,54.3%,2.55,0.4%,9.2%,5.9,47.9%,46.8%,51.6%,49.8%,51.1%,14.4%,0.9,1.4,0.0%,-,7.2%,68.3%,6.0%,9.3%,1.7%,3.9%,13.6%,2.2%,46.4%,-108,-101
18,Aleksandra Krunic,275,39,2.8%,3.6%,60.7%,60.5%,47.9%,14.4%,17.7%,8.1%,4.1%,96.1,99.1,90.2,78.6,82.1,77.8,3.4%,56.4%,1.8%,55.7%,43.6%,44.0%,45.0%,22.0%,32.2%,44.3%,12.4%,60.5%,15.1%,22.9%,46.1%,-22,71.1%,49.3%,2.56,19.8%,10.3%,3.9,47.6%,44.8%,49.0%,49.3%,46.7%,30.1%,4.5,0.2,0.0%,-,9.2%,72.9%,16.0%,20.1%,13.3%,7.6%,17.8%,3.6%,27.3%,17,3
1,Mary Stoiana,276,275,N/A,N/A,N/A,N/A,N/A,9.6%,14.0%,3.7%,5.6%,N/A,N/A,N/A,N/A,N/A,N/A,0.0%,73.1%,4.8%,57.1%,48.6%,59.4%,56.8%,22.2%,37.0%,57.1%,45.5%,88.9%,20.0%,35.0%,56.3%,-104,83.6%,57.1%,2.07,9.5%,6.7%,4.6,65.4%,57.9%,41.7%,50.0%,33.5%,14.2%,5.9,6.2,10.9%,60.0%,23.7%,66.7%,11.1%,0.0%,0.0%,7.7%,12.5%,0.5%,0.0%,4,-11
2,Elvina Kalieva,279,168,3.7%,6.8%,53.5%,53.2%,43.6%,6.9%,27.6%,3.8%,1.7%,N/A,N/A,N/A,N/A,N/A,N/A,1.6%,47.2%,2.0%,50.4%,46.0%,49.7%,35.6%,27.5%,29.0%,36.0%,8.3%,36.4%,10.5%,15.8%,35.3%,-14,53.6%,53.3%,2.42,2.0%,12.3%,3.7,47.3%,35.9%,52.2%,39.1%,51.1%,5.1%,-1.2,-8.3,0.0%,-,2.9%,37.5%,10.8%,12.9%,16.7%,3.1%,5.0%,1.6%,28.6%,-2,27
6,Alina Korneeva,280,128,4.7%,5.8%,53.3%,60.9%,48.9%,19.2%,24.6%,10.6%,8.4%,N/A,N/A,N/A,N/A,N/A,N/A,4.3%,50.5%,2.9%,57.7%,51.6%,42.0%,48.7%,21.0%,36.4%,52.1%,31.4%,49.5%,8.7%,19.1%,44.3%,-34,77.2%,56.7%,2.40,5.7%,8.0%,5.0,50.6%,50.6%,49.6%,50.8%,52.7%,9.6%,5.3,2.2,1.1%,60.0%,12.6%,70.4%,10.8%,17.2%,11.5%,10.1%,29.7%,1.8%,32.4%,22,19
6,Amandine Hesse,281,154,5.8%,5.9%,53.7%,58.4%,41.4%,14.0%,24.4%,8.0%,2.8%,99.5,98.7,90.0,80.8,75.0,74.0,4.8%,56.0%,2.8%,53.4%,43.6%,43.9%,38.0%,31.8%,40.9%,40.0%,25.7%,48.5%,19.1%,25.0%,36.4%,64,74.6%,52.7%,2.40,6.8%,11.6%,4.6,49.0%,40.4%,53.3%,41.2%,57.7%,10.6%,1.7,-4.8,0.0%,-,4.9%,46.2%,10.0%,20.9%,10.0%,3.1%,5.3%,0.9%,0.0%,-18,2
6,Sachia Vickery,282,73,2.5%,5.0%,58.2%,59.5%,45.0%,12.6%,18.7%,7.4%,3.9%,90.3,91.2,89.3,71.8,67.5,71.9,2.0%,53.9%,1.5%,52.9%,44.8%,47.7%,43.9%,18.0%,27.9%,47.3%,49.0%,29.5%,14.5%,15.5%,38.3%,26,75.3%,42.6%,2.60,5.4%,12.6%,4.6,40.8%,39.7%,58.6%,45.6%,52.1%,9.1%,1.2,-1.8,0.0%,-,4.1%,72.0%,8.7%,24.1%,2.8%,6.3%,25.5%,0.9%,27.3%,-42,-41
9,Harmony Tan,284,90,2.2%,4.2%,56.7%,60.4%,42.9%,13.5%,19.5%,5.4%,5.0%,99.5,100.9,97.2,77.6,78.9,80.0,2.0%,53.8%,1.9%,52.7%,46.1%,47.0%,45.2%,18.9%,31.6%,51.6%,17.3%,27.0%,10.5%,15.1%,36.4%,-9,79.1%,46.2%,2.45,12.0%,21.9%,5.0,47.8%,44.7%,51.6%,45.3%,51.7%,25.8%,0.6,2.8,3.6%,54.2%,15.0%,62.9%,7.1%,9.6%,3.1%,11.2%,27.0%,2.8%,35.7%,-40,-41
1,Carolina Alves,286,165,1.7%,3.9%,65.7%,59.2%,46.3%,17.0%,27.0%,6.3%,10.5%,N/A,N/A,N/A,N/A,N/A,N/A,0.4%,52.0%,0.6%,52.6%,49.5%,48.8%,40.5%,10.8%,21.6%,45.5%,50.0%,16.7%,10.0%,10.0%,22.2%,-30,82.0%,36.6%,2.16,3.2%,0.0%,6.5,35.3%,52.0%,36.8%,27.3%,54.1%,24.2%,-5.7,3.4,0.0%,-,14.0%,64.3%,4.0%,11.1%,0.0%,6.5%,18.2%,4.3%,16.7%,-72,-66
1,Alice Tubello,287,219,N/A,N/A,N/A,N/A,N/A,11.2%,24.0%,6.5%,4.3%,N/A,N/A,N/A,N/A,N/A,N/A,1.4%,53.1%,0.8%,53.1%,47.5%,48.3%,42.5%,13.7%,17.8%,44.4%,29.4%,50.0%,22.6%,22.6%,37.5%,34,80.7%,52.1%,2.67,4.8%,11.5%,5.3,43.6%,54.4%,47.1%,42.4%,53.6%,23.1%,0.2,-3.5,0.0%,-,9.2%,61.1%,6.9%,11.6%,25.0%,3.8%,7.7%,4.2%,36.8%,-26,-29
1,Camilla Rosatello,288,225,0.9%,4.4%,58.8%,54.5%,42.5%,9.8%,25.3%,6.9%,2.5%,N/A,N/A,N/A,N/A,N/A,N/A,2.3%,53.3%,1.5%,55.9%,46.9%,46.3%,38.2%,23.5%,31.4%,41.0%,0.0%,75.0%,3.3%,10.0%,34.5%,-87,75.9%,54.5%,2.46,7.9%,0.0%,4.7,51.7%,45.0%,26.3%,46.2%,43.1%,26.4%,5.4,-3.9,0.0%,-,10.9%,68.4%,12.0%,20.0%,11.1%,6.5%,25.0%,3.2%,36.4%,4,1
1,Akasha Urhobo,289,282,0.0%,5.0%,76.7%,47.8%,28.6%,20.6%,23.8%,9.1%,12.4%,N/A,N/A,N/A,N/A,N/A,N/A,0.0%,40.6%,0.0%,46.4%,44.1%,43.8%,40.4%,8.7%,21.7%,42.9%,14.3%,50.0%,9.1%,9.1%,30.0%,-36,78.8%,51.9%,2.38,2.4%,0.0%,4.5,45.8%,41.5%,35.7%,50.0%,50.7%,15.7%,-4.8,1.1,28.3%,52.9%,32.5%,48.8%,6.1%,15.8%,0.0%,9.5%,16.7%,4.6%,20.0%,51,17
13,Brenda Fruhvirtova,290,87,2.6%,7.2%,62.5%,58.3%,38.6%,11.4%,19.5%,5.1%,6.1%,91.3,96.4,88.5,82.7,84.8,79.8,1.2%,54.4%,0.6%,50.8%,39.3%,44.9%,49.1%,17.4%,28.3%,50.5%,27.2%,57.6%,15.6%,22.8%,46.0%,31,75.4%,50.7%,2.42,4.8%,7.9%,4.7,48.8%,46.6%,51.6%,50.0%,51.1%,8.5%,3.1,3.5,0.0%,-,3.6%,70.7%,8.3%,8.1%,11.1%,9.0%,28.8%,2.3%,29.3%,-62,-53
1,Ayano Shimizu,292,175,0.0%,7.1%,63.3%,43.5%,38.9%,N/A,N/A,N/A,N/A,N/A,N/A,N/A,N/A,N/A,N/A,0.5%,52.4%,0.0%,51.1%,46.7%,48.8%,33.3%,14.3%,17.1%,40.0%,12.5%,77.8%,11.8%,11.8%,20.0%,-9,87.7%,52.0%,2.86,0.0%,20.0%,5.3,31.8%,56.7%,44.0%,50.0%,51.5%,0.8%,3.2,-2.5,0.0%,-,12.4%,71.4%,10.0%,25.0%,0.0%,8.3%,25.0%,1.2%,66.7%,20,14
1,Ipek Oz,293,163,0.9%,3.0%,70.9%,56.7%,44.8%,11.4%,23.4%,2.6%,8.4%,N/A,N/A,N/A,N/A,N/A,N/A,1.0%,51.4%,0.6%,54.8%,45.1%,47.9%,44.6%,21.7%,30.4%,52.8%,54.5%,50.0%,13.0%,17.4%,30.0%,9,73.4%,50.7%,2.48,19.4%,8.7%,4.0,47.1%,52.9%,52.6%,20.0%,51.8%,10.4%,-2.8,6.4,0.0%,-,11.4%,68.4%,8.2%,21.4%,0.0%,15.0%,26.7%,4.3%,16.7%,66,48
12,Julia Grabher,294,54,2.0%,6.7%,64.2%,61.8%,41.2%,16.0%,23.1%,13.5%,2.3%,97.8,103.0,87.5,75.8,,75.0,1.8%,56.2%,0.9%,57.6%,49.0%,48.0%,49.9%,21.2%,34.7%,51.1%,29.2%,44.3%,13.2%,22.6%,47.3%,2,69.4%,51.2%,2.45,5.3%,6.6%,3.9,44.5%,50.0%,54.3%,56.3%,70.4%,23.5%,10.1,-10.3,0.0%,-,6.2%,73.0%,19.1%,17.0%,20.0%,5.9%,9.7%,1.4%,51.4%,75,65
2,Lina Gjorcheska,295,170,0.0%,1.6%,59.6%,66.1%,50.0%,11.5%,26.1%,9.4%,2.5%,N/A,N/A,N/A,N/A,N/A,N/A,1.9%,56.7%,1.7%,57.1%,48.0%,48.3%,24.7%,22.0%,25.4%,32.6%,50.0%,50.0%,8.8%,14.7%,12.9%,-36,75.2%,50.5%,2.59,4.4%,7.5%,3.9,39.5%,43.5%,34.8%,40.0%,54.0%,11.2%,-1.8,-9.0,0.0%,-,7.1%,56.3%,8.3%,12.5%,12.5%,5.8%,11.8%,2.5%,22.2%,19,16
1,Amarissa Kiara Toth,296,294,0.8%,5.5%,70.9%,45.6%,37.8%,8.2%,26.4%,5.7%,2.8%,N/A,N/A,N/A,N/A,N/A,N/A,0.0%,46.7%,0.0%,32.1%,40.7%,40.0%,36.4%,6.5%,10.9%,34.9%,20.0%,42.9%,0.0%,0.0%,41.7%,-119,78.8%,43.9%,2.57,0.0%,0.0%,6.2,47.1%,45.9%,30.0%,26.3%,57.7%,7.9%,-1.0,-1.7,0.0%,-,14.5%,50.0%,6.2%,12.5%,0.0%,4.0%,6.7%,1.7%,0.0%,-58,-84
1,En Shuo Liang,297,150,2.7%,4.4%,61.1%,57.4%,46.8%,16.4%,21.9%,,,N/A,N/A,N/A,N/A,N/A,N/A,2.1%,57.8%,2.1%,57.0%,45.4%,46.5%,52.0%,31.1%,46.7%,54.8%,7.7%,86.7%,32.1%,42.9%,47.4%,-23,75.3%,60.7%,1.98,22.6%,6.1%,3.1,52.4%,60.0%,75.0%,100.0%,56.9%,14.1%,6.8,15.8,0.0%,-,5.1%,75.0%,25.8%,35.0%,0.0%,17.6%,42.9%,2.5%,40.0%,139,94
1,Dayeon Back,299,295,1.6%,4.0%,56.0%,52.9%,37.3%,5.4%,6.4%,4.8%,,N/A,N/A,N/A,N/A,N/A,N/A,1.1%,48.9%,0.0%,49.4%,51.0%,51.5%,42.3%,22.8%,24.6%,50.0%,50.0%,71.4%,34.1%,36.6%,29.6%,50,74.0%,52.7%,2.59,9.1%,29.7%,3.4,54.8%,51.8%,27.8%,50.0%,62.5%,77.3%,13.3,-17.6,0.0%,-,1.5%,66.7%,9.6%,25.0%,22.2%,0.0%,0.0%,0.4%,0.0%,-171,-97
1,Cadence Brace,300,296,0.0%,5.6%,64.5%,61.3%,50.0%,12.4%,20.4%,9.4%,3.9%,N/A,N/A,N/A,N/A,N/A,N/A,0.0%,65.8%,0.0%,54.5%,57.1%,32.3%,57.1%,17.4%,26.1%,60.5%,11.1%,25.0%,14.3%,23.8%,50.0%,19,74.2%,55.1%,2.25,21.1%,25.0%,4.3,50.0%,51.3%,66.7%,60.0%,56.9%,3.7%,13.7,0.5,0.0%,-,10.2%,57.1%,18.5%,29.4%,33.3%,7.4%,28.6%,0.4%,0.0%,0,7
4,Katherine Sebov,302,136,2.2%,4.4%,72.8%,57.8%,43.2%,13.8%,23.8%,9.7%,4.6%,N/A,N/A,N/A,N/A,N/A,N/A,1.1%,53.1%,1.0%,52.1%,45.2%,48.2%,38.9%,21.1%,30.6%,40.5%,41.4%,47.4%,4.5%,10.4%,35.9%,-75,67.0%,46.2%,2.37,5.2%,20.3%,4.4,37.4%,37.8%,40.8%,62.8%,51.7%,1.4%,1.6,-1.9,0.0%,-,8.1%,58.8%,11.5%,19.6%,20.0%,8.4%,18.2%,0.7%,20.0%,20,11
3,Ankita Raina,304,160,0.5%,2.0%,70.8%,55.4%,45.5%,11.3%,26.5%,5.1%,6.4%,N/A,N/A,N/A,N/A,N/A,N/A,0.5%,51.9%,0.4%,53.6%,47.0%,47.9%,38.0%,9.4%,13.2%,35.4%,26.9%,40.5%,14.3%,15.9%,42.6%,-67,80.2%,40.3%,2.71,0.0%,11.7%,5.2,42.8%,29.7%,41.9%,51.7%,49.3%,2.6%,-3.0,-2.1,0.0%,-,12.5%,39.5%,6.6%,8.5%,0.0%,6.0%,14.9%,0.3%,100.0%,-26,-47
3,Lucija Ciric Bagaric,306,157,1.8%,5.4%,59.0%,50.0%,47.1%,15.7%,22.6%,9.0%,6.8%,N/A,N/A,N/A,N/A,N/A,N/A,1.4%,47.3%,1.4%,67.1%,38.3%,42.9%,44.7%,21.2%,30.5%,48.7%,5.9%,56.9%,16.5%,23.5%,38.0%,12,80.7%,47.4%,2.41,16.1%,12.5%,4.6,50.2%,46.3%,46.2%,50.0%,47.1%,16.2%,3.5,-0.9,0.0%,-,11.8%,78.9%,14.4%,28.0%,23.5%,6.6%,33.3%,3.4%,37.5%,11,5
12,Kayla Day,307,84,4.2%,5.5%,58.3%,62.7%,43.8%,10.7%,17.3%,6.0%,2.7%,103.0,105.4,101.8,87.3,88.5,96.0,3.3%,54.8%,2.5%,56.1%,44.1%,45.8%,48.1%,28.8%,37.6%,50.7%,5.3%,55.8%,16.2%,18.6%,44.4%,17,81.5%,51.8%,2.53,13.7%,3.6%,5.4,55.6%,51.3%,47.2%,47.8%,53.0%,11.7%,2.0,1.6,0.5%,100.0%,8.6%,64.9%,7.3%,15.4%,3.9%,4.3%,8.8%,1.0%,22.0%,-104,-76
1,Ayla Aksu,308,214,1.8%,7.4%,56.5%,56.7%,37.0%,14.4%,30.5%,8.3%,5.6%,N/A,N/A,N/A,N/A,N/A,N/A,2.3%,56.4%,0.9%,55.1%,48.6%,48.1%,42.9%,43.3%,50.0%,47.1%,0.0%,43.8%,7.4%,11.1%,40.0%,-42,56.9%,42.4%,2.52,18.8%,0.0%,3.7,44.1%,41.4%,40.0%,50.0%,50.8%,4.3%,0.0,-6.8,0.0%,-,5.1%,66.7%,12.8%,22.2%,20.0%,7.5%,14.3%,0.0%,-,88,93
5,Dalila Jakupovic,309,69,2.4%,4.2%,61.6%,58.7%,43.8%,17.9%,21.8%,5.9%,6.1%,N/A,N/A,N/A,N/A,N/A,N/A,1.8%,54.5%,1.1%,53.6%,46.2%,46.6%,47.6%,17.1%,26.5%,47.4%,30.2%,56.9%,11.7%,18.0%,48.0%,0,70.4%,54.8%,2.49,4.2%,9.7%,4.1,48.3%,46.2%,48.6%,61.2%,46.9%,11.9%,-1.6,2.9,0.3%,0.0%,6.7%,82.2%,10.6%,18.0%,13.3%,7.1%,19.2%,3.8%,41.9%,25,2
18,Oceane Dodin,310,46,6.4%,9.6%,53.9%,69.1%,40.1%,16.4%,21.3%,7.7%,7.0%,108.1,109.4,104.8,89.7,90.5,89.7,4.8%,57.4%,4.4%,56.2%,44.2%,43.8%,45.0%,32.7%,44.0%,48.2%,56.9%,8.1%,20.0%,26.9%,40.9%,59,63.7%,55.0%,2.41,21.5%,6.7%,3.3,45.9%,48.0%,51.7%,52.1%,42.9%,3.7%,4.8,6.0,0.0%,-,8.3%,64.0%,15.6%,24.0%,20.0%,13.8%,32.0%,1.0%,37.5%,87,93
1,Hanyu Guo,316,278,1.2%,4.0%,69.3%,55.2%,34.3%,13.5%,29.1%,6.6%,4.7%,N/A,N/A,N/A,N/A,N/A,N/A,1.1%,53.5%,1.0%,52.9%,45.5%,47.7%,43.3%,17.6%,33.8%,52.5%,18.2%,30.8%,10.4%,12.5%,30.2%,-33,75.7%,52.4%,2.68,1.6%,5.1%,4.0,50.8%,47.6%,41.4%,57.1%,52.3%,4.1%,-6.2,-0.6,0.0%,-,2.5%,100.0%,10.5%,17.4%,0.0%,5.7%,21.1%,1.7%,14.3%,68,36
1,Caroline Uebelhoer,317,317,N/A,N/A,N/A,N/A,N/A,25.7%,23.9%,17.6%,7.8%,N/A,N/A,N/A,N/A,N/A,N/A,2.1%,56.8%,0.9%,53.5%,47.1%,45.4%,58.2%,7.1%,23.8%,66.7%,0.0%,85.7%,5.9%,17.6%,37.5%,-55,64.8%,34.3%,2.23,17.9%,10.5%,4.5,38.2%,54.3%,38.5%,58.3%,45.8%,7.7%,12.6,-5.6,0.0%,-,12.2%,78.6%,19.8%,30.3%,25.0%,8.0%,8.3%,0.5%,100.0%,91,30
3,Jaimee Fourlis,319,147,1.5%,3.1%,68.9%,55.5%,43.2%,16.1%,26.5%,10.9%,4.8%,91.6,92.6,89.6,77.7,81.2,78.6,1.1%,55.0%,0.7%,53.8%,45.3%,44.8%,42.9%,15.6%,23.5%,45.7%,5.4%,48.8%,15.0%,17.5%,36.8%,6,73.5%,49.1%,2.50,31.8%,5.4%,4.5,45.9%,46.0%,53.6%,36.4%,50.2%,9.9%,-2.6,1.6,0.0%,-,15.8%,58.8%,12.6%,21.8%,18.2%,7.8%,24.6%,0.7%,14.3%,45,29
24,Lin Zhu,320,31,2.2%,4.0%,62.2%,60.9%,46.2%,12.6%,18.3%,6.2%,4.1%,94.1,96.1,91.6,78.9,84.0,79.3,2.0%,56.9%,1.7%,54.5%,43.6%,44.9%,43.2%,20.8%,31.0%,48.0%,22.8%,36.2%,15.2%,19.0%,34.2%,36,73.7%,50.4%,2.52,8.1%,13.4%,4.3,45.9%,45.8%,46.5%,49.2%,51.0%,8.6%,4.4,1.1,0.1%,0.0%,7.0%,66.4%,11.8%,20.6%,15.8%,8.2%,23.0%,0.9%,20.8%,-8,-11
2,Ylena In Albon,321,110,1.5%,5.0%,64.2%,61.1%,44.2%,11.4%,21.8%,7.4%,3.7%,N/A,N/A,N/A,N/A,N/A,N/A,1.1%,54.0%,0.7%,54.6%,46.3%,46.6%,43.5%,24.1%,30.1%,47.6%,41.7%,60.0%,18.5%,25.9%,31.8%,41,71.3%,36.4%,2.65,14.3%,5.4%,4.4,42.3%,41.5%,36.8%,48.0%,59.0%,13.5%,0.0,-3.1,0.0%,-,7.9%,61.1%,8.4%,13.7%,6.7%,5.4%,18.2%,1.4%,0.0%,-54,-30
1,Aurora Zantedeschi,322,310,1.4%,2.7%,61.6%,62.2%,28.6%,16.0%,21.0%,13.3%,2.7%,N/A,N/A,N/A,N/A,N/A,N/A,0.0%,51.8%,1.3%,44.7%,40.7%,45.9%,42.6%,17.8%,28.9%,54.1%,7.7%,92.3%,7.7%,11.5%,25.0%,-36,74.0%,48.6%,2.58,36.1%,16.7%,4.4,42.2%,48.5%,41.2%,55.6%,59.1%,20.5%,7.6,-3.7,0.0%,-,13.0%,43.8%,17.8%,17.4%,10.0%,3.9%,20.0%,1.4%,33.3%,26,-1
1,Emeline Dartron,323,322,0.0%,3.5%,50.9%,55.2%,42.9%,13.3%,28.3%,11.1%,2.8%,N/A,N/A,N/A,N/A,N/A,N/A,1.9%,56.1%,1.7%,55.9%,46.2%,45.8%,48.9%,17.1%,25.7%,48.3%,50.0%,40.0%,11.1%,11.1%,50.0%,-4,74.6%,36.2%,2.10,10.3%,4.2%,4.2,44.4%,44.1%,56.3%,22.2%,60.7%,47.0%,-4.2,-3.6,0.0%,-,15.6%,57.9%,10.5%,18.2%,0.0%,4.2%,12.5%,1.9%,0.0%,9,2
7,Caty Mcnally,324,54,2.3%,6.3%,65.7%,59.7%,43.8%,14.9%,19.9%,8.4%,3.3%,98.7,100.2,96.7,88.6,90.1,93.3,2.4%,57.5%,2.2%,54.3%,44.4%,47.0%,46.3%,27.6%,37.1%,46.3%,42.2%,15.1%,15.4%,21.9%,46.2%,32,76.1%,55.1%,2.48,20.2%,12.2%,4.1,48.7%,51.0%,50.4%,56.3%,53.0%,35.4%,1.6,2.5,7.6%,60.0%,18.7%,67.2%,11.5%,19.4%,4.9%,6.7%,13.5%,1.4%,42.9%,11,18
2,Nastasja Schunk,325,143,2.1%,4.2%,67.2%,55.7%,46.1%,13.7%,24.1%,6.2%,6.8%,N/A,N/A,N/A,N/A,N/A,N/A,2.2%,45.5%,2.4%,57.1%,35.2%,35.7%,46.4%,16.5%,23.7%,42.0%,5.0%,81.3%,13.9%,16.7%,58.1%,12,70.1%,49.0%,2.40,3.7%,2.2%,4.9,41.2%,46.0%,52.6%,46.3%,56.1%,10.7%,1.3,6.1,0.0%,-,4.0%,90.9%,8.9%,6.2%,6.4%,10.9%,31.6%,0.8%,60.0%,-15,-20
1,Amarni Banks,326,235,1.5%,1.5%,65.7%,59.1%,52.2%,19.4%,10.4%,12.2%,6.5%,N/A,N/A,N/A,N/A,N/A,N/A,5.4%,67.6%,3.0%,78.8%,33.3%,35.7%,60.5%,36.2%,53.2%,53.3%,20.0%,18.8%,38.1%,47.6%,76.9%,1,64.1%,48.8%,2.07,33.3%,3.8%,3.5,52.9%,63.0%,40.0%,71.4%,50.3%,21.8%,12.0,25.7,0.0%,-,14.2%,63.2%,21.0%,27.8%,100.0%,26.0%,50.0%,4.0%,42.9%,48,71
18,Zarina Diyas,328,31,2.5%,4.4%,68.4%,59.8%,45.3%,12.0%,17.7%,5.7%,3.0%,97.1,100.2,91.0,87.0,88.9,85.0,2.7%,58.4%,1.5%,55.0%,43.8%,45.5%,42.6%,22.0%,29.0%,44.3%,34.6%,28.9%,15.3%,20.0%,38.2%,31,72.6%,48.6%,2.49,5.3%,9.6%,4.6,47.6%,43.8%,48.2%,46.2%,52.8%,8.8%,1.3,-1.1,0.0%,-,7.1%,69.0%,10.2%,15.3%,50.0%,5.7%,14.7%,1.0%,37.8%,-21,-14
1,Yasmine Mansouri,329,314,5.3%,12.3%,59.6%,61.8%,34.8%,15.7%,29.4%,9.0%,4.5%,N/A,N/A,N/A,N/A,N/A,N/A,1.8%,51.9%,1.3%,52.7%,46.5%,47.0%,44.7%,26.5%,32.4%,48.0%,57.1%,11.1%,18.8%,25.0%,38.5%,31,71.1%,25.0%,2.51,37.5%,27.3%,4.2,37.0%,32.0%,53.8%,30.0%,67.2%,31.0%,-10.0,1.3,0.0%,-,12.7%,53.8%,8.4%,16.7%,0.0%,8.8%,0.0%,4.0%,28.6%,6,36
12,Claire Liu,331,52,3.4%,4.2%,64.1%,60.7%,43.0%,14.8%,20.5%,8.2%,5.6%,93.9,96.7,93.1,81.2,83.5,80.3,2.8%,55.4%,2.0%,54.2%,43.9%,45.9%,42.5%,19.7%,31.1%,46.5%,25.0%,50.7%,12.7%,18.3%,35.5%,-13,74.5%,51.5%,2.46,9.9%,11.2%,4.3,46.6%,48.7%,44.3%,44.2%,50.5%,6.3%,-4.3,1.3,1.9%,75.0%,14.3%,69.9%,8.3%,13.9%,4.5%,8.8%,33.5%,0.9%,50.0%,20,4
1,Renata Jamrichova,332,304,2.8%,11.3%,59.4%,62.1%,44.6%,18.8%,25.4%,12.6%,6.7%,N/A,N/A,N/A,N/A,N/A,N/A,3.0%,57.6%,6.9%,58.6%,47.5%,27.8%,61.7%,17.5%,32.5%,63.6%,0.0%,87.5%,0.0%,28.6%,57.1%,-119,68.4%,48.1%,2.28,31.3%,0.0%,4.6,45.2%,51.9%,40.0%,52.2%,50.7%,2.9%,7.0,2.6,0.0%,-,8.7%,75.0%,12.2%,7.9%,50.0%,11.0%,10.3%,0.0%,-,14,12
1,Laura Samson,335,302,1.6%,5.7%,59.9%,56.9%,40.6%,14.9%,20.9%,9.4%,5.7%,N/A,N/A,N/A,N/A,N/A,N/A,1.6%,60.7%,0.0%,41.1%,53.3%,51.3%,44.8%,16.2%,25.7%,50.0%,90.0%,57.9%,12.8%,20.5%,35.3%,8,84.5%,56.3%,2.59,19.7%,7.4%,4.3,55.6%,46.5%,55.2%,45.5%,50.3%,6.0%,4.9,2.7,0.9%,100.0%,11.4%,69.6%,13.9%,24.2%,10.0%,7.7%,15.4%,1.1%,50.0%,29,12
2,Anastasia Gasanova,336,121,1.8%,9.0%,67.9%,58.4%,41.1%,14.3%,18.7%,7.2%,7.4%,N/A,N/A,N/A,N/A,N/A,N/A,1.1%,52.2%,0.4%,54.3%,50.5%,48.0%,45.9%,21.8%,27.9%,47.8%,73.3%,30.8%,21.4%,26.8%,40.9%,47,73.7%,53.1%,2.43,6.1%,5.1%,4.3,48.4%,52.3%,50.9%,52.3%,50.7%,3.4%,5.2,2.5,1.0%,50.0%,5.9%,81.5%,10.6%,20.9%,0.0%,11.0%,24.4%,0.1%,100.0%,-24,-13
2,Xiaodi You,337,168,2.5%,5.4%,53.5%,53.2%,39.1%,7.3%,15.0%,3.6%,2.3%,N/A,N/A,N/A,N/A,N/A,N/A,1.1%,54.2%,0.6%,52.1%,48.8%,47.8%,34.3%,22.1%,29.4%,37.7%,11.1%,57.6%,18.3%,21.7%,30.6%,-11,70.8%,46.3%,2.66,15.4%,23.7%,4.1,51.1%,41.7%,34.4%,29.4%,48.6%,15.5%,-2.8,1.2,0.8%,0.0%,5.3%,46.2%,5.9%,8.8%,0.0%,6.7%,16.7%,3.0%,16.7%,-97,-66
1,Meiling Wang,340,320,0.9%,3.5%,62.6%,48.6%,53.5%,8.6%,21.0%,6.1%,1.0%,N/A,N/A,N/A,N/A,N/A,N/A,0.6%,50.2%,1.6%,52.9%,40.5%,47.4%,37.8%,15.2%,24.2%,35.7%,0.0%,77.8%,22.7%,22.7%,41.2%,41,72.3%,35.3%,2.65,10.7%,0.0%,4.2,50.0%,31.0%,8.3%,37.5%,45.8%,6.3%,3.2,-14.0,0.0%,-,5.7%,66.7%,4.3%,6.7%,0.0%,4.5%,11.1%,1.1%,0.0%,-51,-51
5,Cagla Buyukakcay,341,60,1.1%,3.1%,72.7%,56.8%,44.4%,12.8%,18.1%,5.7%,6.9%,93.7,94.7,92.2,82.5,86.5,85.0,0.6%,54.4%,0.7%,54.6%,44.6%,45.7%,50.2%,10.7%,17.8%,54.9%,9.4%,48.6%,11.9%,17.9%,32.2%,-5,85.1%,56.0%,2.50,6.8%,3.9%,5.9,51.1%,58.2%,46.0%,51.9%,46.5%,9.4%,1.0,2.6,0.0%,-,8.4%,64.9%,6.1%,7.5%,8.3%,7.5%,21.7%,1.4%,56.0%,-39,-53
22,Anna Lena Friedsam,342,45,4.4%,4.7%,64.6%,63.4%,46.0%,16.3%,20.8%,8.4%,5.8%,107.0,106.0,101.7,94.2,96.0,,3.8%,58.5%,4.0%,59.6%,41.8%,42.0%,46.5%,25.7%,36.5%,48.9%,13.3%,29.3%,14.1%,18.4%,41.9%,26,73.8%,50.9%,2.35,18.9%,4.8%,4.5,49.6%,47.5%,49.0%,50.9%,47.7%,20.2%,0.0,1.8,1.0%,93.8%,10.5%,74.9%,11.5%,22.2%,6.4%,8.1%,30.9%,1.1%,33.8%,-7,2
2,Isabella Shinikova,345,133,3.3%,6.4%,59.1%,59.1%,41.3%,10.9%,31.3%,9.6%,,N/A,N/A,N/A,N/A,N/A,N/A,3.0%,56.1%,2.0%,55.6%,46.9%,49.4%,44.7%,28.0%,34.1%,50.8%,29.4%,42.9%,7.9%,10.5%,34.3%,-42,78.9%,52.3%,2.47,20.7%,11.1%,4.4,47.5%,46.6%,58.1%,60.0%,47.7%,9.1%,3.9,-3.8,1.6%,50.0%,7.2%,82.4%,18.0%,18.4%,15.0%,1.9%,10.5%,2.6%,33.3%,77,76
1,Petra Hule,347,287,N/A,N/A,N/A,N/A,N/A,12.2%,17.3%,9.7%,3.2%,N/A,N/A,N/A,N/A,N/A,N/A,0.0%,44.6%,0.0%,41.0%,32.7%,40.9%,24.4%,13.2%,18.4%,21.2%,33.3%,14.3%,20.0%,30.0%,37.5%,58,80.9%,44.7%,2.39,3.0%,11.1%,3.9,40.8%,38.2%,27.3%,0.0%,39.5%,5.4%,15.2,-9.3,0.0%,-,3.1%,66.7%,29.5%,45.5%,0.0%,3.3%,7.7%,0.7%,0.0%,-11,-15
1,Sakura Hosogi,348,204,0.0%,2.5%,76.5%,53.2%,57.9%,13.4%,26.2%,7.8%,6.0%,N/A,N/A,N/A,N/A,N/A,N/A,0.0%,52.2%,0.4%,54.6%,51.0%,52.9%,45.3%,21.3%,26.2%,39.6%,0.0%,36.4%,11.1%,16.7%,62.5%,-4,87.9%,47.5%,2.53,2.1%,3.1%,5.7,39.1%,56.0%,42.1%,58.8%,45.8%,12.4%,5.9,-1.5,0.0%,-,9.9%,70.6%,14.3%,26.3%,33.3%,6.3%,15.4%,0.9%,25.0%,-2,-5
1,Katharina Hobgarski,352,189,0.0%,5.1%,64.7%,44.6%,43.4%,11.2%,17.8%,6.3%,6.3%,N/A,N/A,N/A,N/A,N/A,N/A,0.7%,53.1%,0.6%,53.3%,51.0%,50.1%,44.2%,16.1%,25.8%,46.2%,0.0%,77.8%,15.0%,30.0%,41.2%,31,58.5%,45.2%,2.36,3.8%,0.0%,3.8,39.3%,34.5%,53.8%,50.0%,59.1%,9.0%,-4.7,6.7,0.0%,-,4.7%,100.0%,9.4%,5.3%,0.0%,13.7%,25.0%,1.8%,33.3%,1,-17
4,Anastasia Tikhonova,353,151,1.9%,9.2%,58.4%,57.7%,37.9%,18.6%,16.3%,11.3%,6.0%,N/A,N/A,N/A,N/A,N/A,N/A,4.2%,64.8%,1.4%,54.7%,47.0%,48.5%,54.3%,35.4%,50.0%,58.8%,35.3%,31.3%,17.2%,28.3%,48.8%,42,73.3%,59.1%,2.21,24.8%,4.1%,3.7,53.4%,59.2%,46.5%,66.7%,39.8%,11.4%,18.6,1.8,0.0%,-,7.8%,76.1%,24.3%,57.6%,33.3%,8.1%,25.4%,1.0%,33.3%,60,74
2,Elena Micic,354,354,N/A,N/A,N/A,N/A,N/A,13.8%,16.9%,7.7%,4.1%,N/A,N/A,N/A,N/A,N/A,N/A,5.8%,50.7%,6.3%,46.9%,46.0%,33.9%,36.7%,29.6%,37.0%,38.6%,35.3%,41.7%,19.5%,29.3%,33.3%,58,67.2%,52.4%,2.38,12.3%,16.7%,3.5,44.6%,43.5%,42.9%,53.3%,49.0%,12.7%,2.9,1.7,0.0%,-,6.7%,70.6%,12.1%,16.7%,0.0%,7.8%,10.7%,0.3%,0.0%,-11,15
1,Martyna Kubka,359,305,4.5%,4.5%,68.2%,46.7%,57.1%,21.1%,20.2%,15.5%,4.1%,N/A,N/A,N/A,N/A,N/A,N/A,2.4%,65.9%,2.5%,51.9%,42.9%,40.9%,41.0%,33.3%,44.4%,33.3%,33.3%,60.0%,21.1%,57.9%,53.3%,11,59.3%,37.5%,2.29,20.8%,0.0%,3.1,45.6%,39.1%,14.3%,50.0%,53.0%,14.5%,5.4,-0.9,1.8%,100.0%,11.5%,46.2%,26.4%,29.6%,0.0%,10.8%,30.0%,2.3%,0.0%,145,108
1,Sara Cakarevic,361,284,N/A,N/A,N/A,N/A,N/A,13.3%,24.9%,9.7%,2.6%,N/A,N/A,N/A,N/A,N/A,N/A,2.9%,54.0%,1.6%,55.4%,45.8%,45.9%,39.4%,27.8%,35.2%,38.5%,47.1%,66.7%,15.6%,15.6%,40.7%,25,70.9%,50.0%,2.65,8.1%,8.7%,4.0,44.3%,47.9%,40.0%,50.0%,51.0%,27.5%,4.2,-6.7,0.0%,-,1.7%,100.0%,14.0%,20.0%,0.0%,2.8%,11.1%,3.4%,10.0%,7,16
1,Gergana Topalova,362,210,0.9%,2.3%,67.6%,52.1%,39.1%,18.1%,27.7%,8.2%,10.4%,N/A,N/A,N/A,N/A,N/A,N/A,2.4%,57.9%,0.5%,53.9%,47.5%,45.2%,47.0%,6.3%,10.9%,51.7%,0.0%,63.6%,0.0%,8.7%,34.8%,-119,91.9%,48.4%,2.47,0.0%,0.0%,8.8,43.5%,54.5%,43.9%,50.0%,49.0%,4.1%,1.6,-1.4,0.0%,-,17.0%,43.8%,6.7%,5.6%,13.6%,3.1%,10.0%,1.1%,75.0%,-85,-95
4,Ekaterine Gorgodze,363,108,1.3%,3.3%,69.2%,55.2%,42.1%,15.1%,22.6%,9.4%,4.4%,N/A,N/A,N/A,N/A,N/A,N/A,0.8%,55.6%,0.8%,55.9%,48.1%,50.8%,42.7%,9.6%,18.9%,46.1%,21.1%,20.6%,5.6%,9.7%,32.4%,-62,81.8%,46.3%,2.36,2.0%,9.0%,5.4,45.5%,38.5%,41.9%,56.3%,52.2%,13.9%,2.4,-4.4,0.0%,-,10.9%,66.2%,10.7%,17.4%,9.0%,3.9%,11.4%,3.4%,30.0%,-28,-43
1,Madison Sieg,364,294,N/A,N/A,N/A,N/A,N/A,20.8%,12.8%,12.9%,8.6%,N/A,N/A,N/A,N/A,N/A,N/A,3.1%,56.3%,0.0%,45.2%,25.0%,56.7%,46.2%,14.6%,29.3%,45.7%,28.6%,33.3%,10.5%,10.5%,47.1%,-14,74.2%,47.8%,2.33,5.7%,0.0%,5.9,50.0%,44.4%,45.0%,39.1%,55.2%,22.3%,1.2,10.6,0.0%,-,15.2%,52.6%,8.5%,26.5%,0.0%,11.6%,21.9%,0.6%,0.0%,-107,-100
1,Anastasia Kulikova,365,179,6.8%,2.0%,64.9%,73.0%,55.7%,N/A,N/A,N/A,N/A,N/A,N/A,N/A,N/A,N/A,N/A,1.3%,58.7%,0.7%,58.1%,46.1%,46.6%,46.8%,32.8%,50.8%,46.3%,0.0%,80.0%,19.2%,34.6%,47.6%,61,73.6%,58.7%,2.24,2.6%,0.0%,3.4,52.1%,59.5%,52.6%,36.4%,57.5%,8.3%,6.6,16.1,0.0%,-,2.3%,100.0%,23.9%,28.6%,20.0%,19.1%,30.8%,1.9%,33.3%,191,165
2,Weronika Falkowska,366,240,2.3%,3.5%,63.2%,59.3%,44.4%,20.3%,12.2%,10.6%,7.8%,N/A,N/A,N/A,N/A,N/A,N/A,3.6%,53.7%,0.7%,51.7%,44.8%,45.2%,50.0%,34.4%,48.4%,54.8%,83.3%,19.0%,27.3%,33.3%,41.7%,-68,74.7%,68.9%,2.50,9.8%,20.6%,3.6,64.1%,51.1%,73.9%,80.0%,43.0%,9.9%,14.2,10.3,0.0%,-,12.7%,76.0%,16.7%,11.1%,0.0%,16.7%,12.5%,3.2%,11.1%,65,59
2,Natalija Stevanovic,368,145,1.6%,5.9%,61.1%,62.1%,40.5%,11.1%,12.7%,6.0%,4.3%,92.8,97.9,88.2,78.9,89.3,79.7,1.3%,54.2%,1.4%,54.4%,49.1%,48.8%,42.9%,16.7%,19.0%,40.0%,25.0%,17.6%,16.0%,20.0%,47.6%,40,84.0%,52.9%,2.57,2.9%,11.5%,5.1,46.6%,50.0%,40.9%,52.2%,57.4%,68.3%,-3.0,9.5,0.0%,-,7.2%,81.8%,7.0%,4.2%,20.0%,17.6%,30.0%,3.3%,27.3%,-43,-39
1,Emily Appleton,372,348,4.6%,11.0%,56.0%,54.1%,41.7%,8.8%,24.5%,5.8%,4.7%,N/A,N/A,N/A,N/A,N/A,N/A,4.6%,58.5%,2.8%,57.1%,44.6%,44.8%,34.4%,25.0%,37.5%,27.8%,16.7%,70.0%,12.5%,12.5%,42.9%,-27,60.4%,56.3%,2.63,61.1%,7.7%,3.0,38.8%,40.7%,60.0%,0.0%,63.2%,37.2%,-8.2,9.3,6.1%,66.7%,12.7%,69.2%,4.8%,15.4%,0.0%,11.8%,50.0%,0.9%,100.0%,13,45
1,Mia Ristic,374,266,0.6%,2.8%,70.7%,49.2%,28.3%,3.4%,5.1%,3.7%,,N/A,N/A,N/A,N/A,N/A,N/A,0.0%,35.3%,0.0%,62.5%,35.7%,39.1%,26.7%,30.6%,36.7%,35.3%,0.0%,66.7%,31.3%,31.3%,0.0%,-33,74.5%,36.8%,2.72,0.0%,20.0%,4.0,56.3%,25.8%,28.6%,37.5%,48.8%,3.4%,9.0,-10.1,0.0%,-,2.6%,100.0%,14.3%,9.1%,100.0%,3.3%,11.1%,0.0%,-,-155,-91
1,Francesca Curmi,375,299,0.0%,2.1%,67.0%,46.0%,38.7%,10.5%,19.3%,5.1%,5.7%,N/A,N/A,N/A,N/A,N/A,N/A,N/A,N/A,N/A,N/A,N/A,N/A,36.3%,13.8%,21.5%,39.3%,70.0%,29.4%,11.1%,18.5%,29.2%,-21,80.2%,63.0%,2.36,9.3%,8.3%,4.9,55.4%,44.4%,37.0%,52.4%,51.3%,8.4%,2.1,7.3,0.0%,-,5.9%,72.7%,8.2%,12.5%,0.0%,9.1%,37.5%,0.3%,0.0%,-59,-64
19,Fiona Ferro,376,39,1.6%,3.3%,61.2%,58.7%,45.1%,14.8%,22.2%,6.5%,3.1%,89.3,91.7,84.7,73.9,74.5,72.6,1.3%,52.0%,0.9%,51.7%,45.4%,45.7%,46.6%,19.3%,30.1%,45.3%,7.9%,64.0%,13.7%,22.1%,48.6%,-25,77.0%,52.2%,2.42,7.3%,9.0%,4.6,50.5%,48.6%,51.7%,44.6%,51.3%,8.7%,5.9,1.4,0.1%,100.0%,6.0%,67.7%,14.2%,19.7%,19.5%,8.5%,26.3%,1.4%,37.7%,12,-2
1,Hong Yi Cody Wong,377,319,0.8%,4.2%,63.3%,48.7%,38.6%,5.1%,23.5%,4.5%,1.1%,N/A,N/A,N/A,N/A,N/A,N/A,0.0%,44.8%,0.0%,34.6%,41.7%,26.3%,31.9%,13.5%,16.2%,28.1%,0.0%,42.9%,11.8%,17.6%,40.0%,-37,62.8%,40.7%,2.67,9.7%,0.0%,5.8,36.8%,44.4%,30.8%,35.0%,55.3%,9.1%,-4.7,-3.2,0.0%,-,7.1%,42.9%,4.7%,4.2%,20.0%,5.1%,0.0%,1.2%,0.0%,-71,-79
1,Eudice Wong Chong,379,213,3.0%,4.7%,62.3%,53.9%,51.0%,14.5%,22.6%,10.8%,4.7%,N/A,N/A,N/A,N/A,N/A,N/A,1.5%,54.3%,1.5%,53.4%,46.0%,43.1%,42.9%,13.1%,19.7%,45.3%,10.0%,40.0%,15.0%,20.0%,35.3%,-46,71.4%,52.7%,2.63,47.2%,6.5%,5.2,41.3%,47.4%,72.2%,39.1%,67.2%,13.7%,1.8,-7.3,0.0%,-,12.6%,85.0%,9.1%,14.6%,0.0%,2.4%,0.0%,0.0%,-,-16,-36
5,Katrina Scott,380,149,4.0%,5.0%,52.0%,61.4%,41.2%,9.6%,15.8%,3.3%,3.9%,N/A,N/A,N/A,N/A,N/A,N/A,5.6%,63.3%,6.7%,58.8%,45.4%,40.4%,53.3%,30.6%,39.4%,54.5%,26.8%,46.8%,10.4%,15.6%,52.1%,-11,79.7%,47.2%,2.47,15.7%,13.9%,4.1,54.7%,48.6%,44.9%,59.6%,48.9%,4.0%,2.1,2.8,0.0%,-,4.1%,60.7%,8.7%,19.2%,33.3%,9.9%,28.9%,0.3%,66.7%,-51,-32
2,Robin Anderson,386,137,5.7%,5.3%,58.3%,57.1%,50.5%,10.1%,17.1%,4.1%,3.2%,N/A,N/A,N/A,N/A,N/A,N/A,4.0%,57.7%,2.9%,56.9%,44.5%,45.6%,44.2%,25.2%,30.7%,48.4%,10.0%,35.9%,11.6%,11.6%,37.7%,-7,68.5%,48.4%,2.51,11.7%,20.4%,4.0,50.2%,40.9%,46.5%,54.8%,46.2%,28.1%,-1.3,0.9,0.0%,-,4.9%,57.9%,6.7%,7.7%,0.0%,7.4%,32.0%,0.0%,-,-77,-59
2,Fangzhou Liu,388,127,5.3%,3.7%,60.8%,61.8%,43.8%,14.9%,21.1%,9.4%,4.5%,N/A,N/A,N/A,N/A,N/A,N/A,4.7%,59.3%,4.8%,56.7%,44.3%,45.3%,41.8%,25.3%,33.3%,53.8%,4.8%,17.2%,10.0%,14.0%,24.4%,-14,71.1%,52.8%,2.57,20.0%,11.1%,4.4,44.3%,42.0%,51.7%,53.1%,43.0%,1.3%,7.4,-2.2,0.0%,-,2.4%,85.7%,12.0%,23.1%,0.0%,7.2%,18.4%,0.2%,0.0%,-5,-20
1,Cristina Dinu,391,179,4.9%,2.8%,62.5%,60.0%,40.7%,12.6%,26.4%,10.8%,2.4%,N/A,N/A,N/A,N/A,N/A,N/A,2.2%,55.5%,1.3%,54.2%,47.5%,47.2%,35.4%,10.0%,18.0%,37.8%,25.0%,81.0%,8.1%,13.5%,32.4%,-36,78.9%,53.5%,2.57,6.7%,8.8%,4.1,38.4%,47.1%,40.0%,66.7%,41.4%,7.4%,9.8,-10.6,0.0%,-,3.8%,57.1%,14.8%,44.0%,0.0%,3.3%,11.1%,2.2%,28.6%,26,-7
37,Qiang Wang,395,12,3.5%,3.1%,62.3%,62.4%,47.6%,12.6%,17.7%,6.0%,3.4%,98.8,101.5,96.3,80.7,82.3,83.1,3.3%,59.4%,3.0%,56.3%,45.5%,46.3%,46.2%,21.8%,30.3%,49.2%,27.5%,48.4%,15.3%,17.2%,41.1%,-25,76.9%,48.5%,2.48,11.5%,9.4%,4.8,50.9%,46.2%,46.6%,47.0%,53.6%,6.1%,3.3,-0.3,0.0%,100.0%,6.3%,59.6%,9.4%,13.5%,13.4%,6.6%,21.8%,0.4%,2.7%,-47,-44
1,Victoria Rodriguez,396,216,2.6%,4.1%,69.9%,50.8%,38.6%,8.7%,29.4%,2.5%,5.9%,N/A,N/A,N/A,N/A,N/A,N/A,0.6%,52.8%,1.0%,53.4%,48.8%,48.8%,47.1%,11.1%,11.1%,46.9%,87.5%,15.4%,9.5%,9.5%,47.4%,-49,82.4%,41.1%,2.36,3.1%,0.0%,6.5,47.6%,50.0%,30.0%,43.8%,39.5%,2.7%,-1.8,-5.8,0.0%,-,14.3%,66.7%,5.0%,10.8%,0.0%,2.2%,3.1%,0.3%,0.0%,-61,-76
10,Tamira Paszek,397,26,2.0%,5.8%,63.1%,59.0%,43.7%,14.5%,15.2%,3.4%,4.4%,94.3,,,81.6,,,1.8%,54.2%,0.9%,53.5%,43.7%,43.4%,47.7%,13.2%,19.3%,50.5%,61.1%,27.3%,14.3%,16.5%,41.0%,26,74.2%,43.9%,2.50,6.6%,12.3%,5.3,45.6%,51.1%,41.8%,44.0%,47.4%,14.4%,2.8,7.4,0.0%,-,5.2%,43.3%,6.8%,16.0%,20.0%,12.9%,31.1%,1.8%,21.7%,-53,-65
13,Aliona Bolsova,405,88,2.8%,4.0%,64.7%,59.2%,43.9%,13.7%,18.9%,6.3%,2.8%,92.9,96.0,86.6,76.3,81.0,73.0,1.8%,55.6%,2.1%,55.3%,46.6%,47.9%,45.1%,18.4%,29.1%,47.7%,29.8%,65.9%,12.7%,18.3%,39.5%,10,81.1%,51.2%,2.49,11.8%,6.7%,5.4,49.6%,50.1%,46.0%,48.5%,50.5%,12.5%,3.4,-0.4,0.3%,50.0%,6.4%,74.1%,11.2%,14.8%,8.9%,5.2%,19.2%,1.0%,34.2%,-55,-52
1,Jessica Pieri,409,205,0.0%,1.7%,70.1%,52.4%,31.4%,18.0%,25.7%,9.2%,9.2%,N/A,N/A,N/A,N/A,N/A,N/A,0.3%,52.3%,0.3%,51.4%,50.3%,50.7%,43.8%,10.9%,14.5%,46.9%,20.0%,20.0%,4.0%,4.0%,37.5%,-76,90.6%,51.9%,2.25,0.0%,8.3%,6.9,50.0%,47.6%,41.4%,52.4%,63.7%,6.3%,-0.8,0.6,0.0%,-,13.8%,56.5%,4.7%,14.6%,0.0%,6.7%,23.5%,0.6%,33.3%,-82,-81
1,Matilde Paoletti,414,262,0.3%,4.3%,65.8%,62.3%,37.5%,15.3%,29.1%,12.3%,3.7%,N/A,N/A,N/A,N/A,N/A,N/A,0.0%,57.1%,0.0%,46.2%,42.2%,39.5%,48.9%,12.8%,23.1%,58.8%,0.0%,50.0%,8.3%,12.5%,18.2%,-42,83.0%,49.3%,2.67,1.5%,22.2%,6.0,41.6%,48.9%,57.6%,46.2%,56.5%,8.5%,6.7,-3.0,0.0%,-,14.8%,69.0%,12.2%,24.5%,12.5%,4.4%,6.3%,0.6%,33.3%,-7,-14
1,Stephanie Wagner,416,263,3.8%,7.7%,50.0%,53.8%,46.2%,8.3%,11.1%,5.7%,2.3%,N/A,N/A,N/A,N/A,N/A,N/A,0.9%,54.5%,1.4%,56.9%,47.6%,51.0%,43.6%,26.9%,38.5%,36.8%,18.2%,81.8%,9.1%,13.6%,50.0%,-30,55.4%,45.2%,2.87,0.0%,5.0%,2.8,38.8%,50.0%,25.0%,100.0%,52.8%,4.0%,2.2,14.1,0.0%,-,0.9%,100.0%,19.4%,40.0%,0.0%,12.9%,37.5%,0.9%,0.0%,-52,-41
2,Gabriela Lee,421,136,1.2%,4.0%,64.5%,54.9%,49.0%,16.0%,21.6%,10.9%,4.6%,N/A,N/A,N/A,N/A,N/A,N/A,0.7%,54.8%,0.3%,52.6%,45.2%,49.0%,50.0%,22.1%,29.5%,51.4%,37.5%,75.0%,18.8%,21.9%,46.2%,58,78.4%,41.8%,2.44,17.8%,4.5%,5.1,45.3%,49.2%,38.2%,52.8%,53.1%,26.1%,3.6,1.6,0.0%,-,8.0%,65.0%,12.3%,20.8%,14.8%,7.6%,13.3%,0.9%,60.0%,-31,-26
3,Usue Maitane Arconada,424,130,0.5%,6.8%,65.1%,54.7%,42.5%,7.2%,18.8%,4.9%,2.6%,N/A,N/A,N/A,N/A,N/A,N/A,0.4%,51.9%,0.8%,51.4%,47.1%,48.9%,42.3%,16.8%,20.3%,41.2%,20.0%,18.2%,13.7%,17.8%,44.4%,14,73.7%,52.6%,2.33,5.1%,8.5%,4.9,43.2%,50.8%,44.4%,45.5%,46.8%,4.5%,2.1,0.5,0.0%,-,10.6%,49.0%,7.0%,12.6%,20.0%,5.3%,21.3%,1.1%,27.3%,-69,-58
20,Kateryna Baindl,426,62,2.1%,3.7%,69.3%,58.3%,43.9%,10.9%,18.4%,4.5%,4.8%,95.7,98.6,92.7,77.3,78.6,77.6,2.8%,56.1%,1.4%,53.2%,43.7%,45.1%,41.3%,22.3%,28.6%,42.9%,8.0%,37.7%,16.0%,20.5%,37.8%,37,73.3%,48.4%,2.50,7.1%,11.2%,4.2,49.5%,43.5%,45.3%,44.1%,48.8%,17.4%,-0.6,1.1,0.0%,-,6.4%,67.2%,8.6%,12.7%,14.8%,7.8%,13.8%,2.7%,37.3%,-43,-39
2,Malene Helgo,428,317,2.0%,5.3%,58.6%,62.2%,45.3%,10.0%,20.3%,7.6%,2.5%,N/A,N/A,N/A,N/A,N/A,N/A,1.8%,53.1%,2.0%,53.6%,49.8%,46.5%,42.5%,23.2%,31.3%,44.7%,44.8%,34.5%,12.1%,19.0%,39.2%,-4,68.8%,46.4%,2.63,21.3%,23.5%,3.9,45.5%,43.8%,50.0%,37.5%,57.3%,3.8%,4.3,-0.8,0.6%,100.0%,5.2%,68.8%,12.1%,24.0%,15.4%,7.7%,12.5%,0.8%,0.0%,-4,-1
1,Jesika Maleckova,431,191,1.5%,1.9%,62.6%,57.4%,40.3%,17.7%,23.9%,7.1%,7.1%,N/A,N/A,N/A,N/A,N/A,N/A,3.4%,56.3%,2.9%,52.3%,45.2%,48.1%,39.5%,33.3%,39.4%,40.9%,9.1%,25.0%,15.8%,15.8%,37.5%,11,71.2%,42.9%,2.77,18.2%,6.7%,3.9,50.8%,26.5%,46.2%,71.4%,44.3%,15.5%,-0.7,4.9,0.0%,-,6.2%,71.4%,10.3%,18.2%,0.0%,14.0%,28.6%,4.3%,0.0%,27,24
1,Fangran Tian,432,361,0.0%,1.5%,53.0%,65.7%,35.5%,16.2%,16.2%,10.7%,3.9%,N/A,N/A,N/A,N/A,N/A,N/A,1.4%,48.6%,2.9%,52.9%,48.8%,55.3%,41.7%,23.3%,33.3%,43.5%,12.5%,81.8%,31.6%,42.1%,38.5%,-43,82.0%,60.0%,2.69,13.0%,5.3%,4.4,57.4%,61.9%,52.9%,38.5%,54.5%,26.0%,15.6,-4.2,0.0%,-,7.1%,100.0%,18.1%,20.0%,0.0%,6.1%,16.7%,0.5%,0.0%,0,9
1,Shiho Akita,438,221,1.6%,9.3%,54.3%,64.3%,45.8%,22.8%,21.1%,18.1%,4.3%,N/A,N/A,N/A,N/A,N/A,N/A,1.7%,55.2%,0.8%,50.7%,46.9%,47.1%,61.5%,17.1%,28.6%,65.5%,38.5%,38.5%,11.5%,11.5%,56.5%,-7,89.5%,54.9%,2.67,32.1%,0.0%,6.3,58.1%,45.5%,71.4%,53.8%,58.8%,9.0%,13.5,3.5,0.0%,-,6.5%,87.5%,12.9%,17.1%,0.0%,4.8%,0.0%,0.9%,33.3%,-51,-47
3,Zhuoxuan Bai,439,83,2.7%,2.8%,63.8%,60.5%,44.5%,10.9%,22.9%,7.2%,3.2%,97.8,100.3,95.9,81.6,82.8,78.5,1.9%,56.0%,1.0%,51.5%,40.2%,39.9%,48.6%,19.3%,27.9%,52.2%,12.1%,70.8%,13.6%,16.0%,42.9%,-61,81.3%,50.5%,2.57,5.4%,19.7%,5.0,51.4%,53.4%,45.2%,53.0%,51.2%,5.5%,5.7,0.0,0.0%,-,6.1%,69.0%,11.2%,21.1%,25.0%,5.3%,20.9%,0.6%,66.7%,-42,-50
1,Audrey Albie,440,221,2.1%,6.4%,57.4%,40.7%,45.0%,15.6%,23.6%,7.4%,3.0%,95.7,,,81.7,,,4.2%,57.3%,2.1%,55.3%,44.1%,46.2%,63.8%,21.6%,43.2%,69.0%,16.7%,66.7%,20.8%,20.8%,57.9%,-11,76.3%,51.1%,2.25,55.2%,0.0%,4.2,55.6%,55.9%,43.8%,77.8%,55.0%,40.7%,6.4,0.0,1.6%,0.0%,21.3%,73.1%,15.2%,25.0%,0.0%,3.3%,16.7%,4.5%,11.1%,7,0
1,Sofia Shapatava,442,186,3.0%,3.6%,57.2%,63.4%,39.2%,9.9%,22.2%,4.7%,2.7%,92.3,,,73.6,,,2.0%,54.9%,1.7%,52.4%,43.6%,45.2%,38.8%,32.7%,40.4%,48.6%,14.3%,59.1%,25.6%,27.9%,28.1%,-104,65.2%,56.9%,2.56,20.6%,20.6%,2.9,56.2%,48.7%,41.7%,60.0%,47.5%,7.9%,0.0,-4.6,0.0%,-,4.8%,22.2%,9.2%,9.1%,33.3%,6.5%,18.8%,0.5%,0.0%,33,18
1,Deborah Chiesa,446,143,3.3%,2.1%,67.5%,58.0%,38.0%,N/A,N/A,N/A,N/A,N/A,N/A,N/A,N/A,N/A,N/A,2.9%,56.9%,2.1%,55.3%,46.4%,46.4%,43.5%,9.6%,17.3%,46.8%,20.0%,100.0%,4.3%,4.3%,36.4%,-71,93.6%,58.9%,2.49,8.5%,0.0%,6.6,61.9%,45.5%,47.1%,52.9%,61.9%,7.6%,1.2,1.3,0.0%,-,7.8%,66.7%,5.2%,6.0%,0.0%,2.3%,23.1%,0.2%,100.0%,-131,-135
1,Wakana Sonobe,448,447,4.5%,6.3%,55.9%,66.1%,53.1%,27.2%,16.9%,17.1%,7.0%,N/A,N/A,N/A,N/A,N/A,N/A,7.7%,69.2%,12.5%,79.2%,45.5%,48.8%,67.6%,41.9%,61.3%,66.7%,0.0%,66.7%,5.9%,47.1%,68.8%,-55,73.6%,64.1%,2.60,11.1%,0.0%,3.2,53.8%,64.7%,71.4%,40.0%,55.3%,8.3%,15.3,17.5,0.0%,-,4.4%,66.7%,31.7%,50.0%,11.1%,16.0%,55.6%,1.6%,33.3%,126,125
1,Dejana Radanovic,449,187,1.5%,6.2%,60.9%,52.2%,39.4%,8.1%,29.6%,4.6%,3.1%,N/A,N/A,N/A,N/A,N/A,N/A,2.0%,54.1%,1.5%,52.5%,50.0%,49.8%,35.8%,22.6%,29.0%,45.8%,20.0%,30.0%,17.1%,20.0%,27.6%,-39,81.2%,50.0%,2.67,4.2%,15.4%,4.1,40.0%,51.1%,46.2%,44.4%,36.8%,8.3%,3.4,-5.1,0.0%,-,1.5%,100.0%,19.4%,58.3%,0.0%,5.1%,7.1%,0.4%,0.0%,87,63
3,Radka Zelnickova,452,403,N/A,N/A,N/A,N/A,N/A,15.9%,22.8%,8.5%,7.1%,N/A,N/A,N/A,N/A,N/A,N/A,3.2%,54.8%,3.4%,62.1%,58.1%,48.1%,49.3%,29.3%,44.8%,56.1%,19.0%,50.0%,5.5%,16.4%,38.5%,-66,72.0%,55.4%,2.20,23.2%,8.1%,3.7,51.0%,50.0%,52.5%,56.3%,49.0%,16.4%,12.8,-2.2,0.0%,-,11.1%,69.2%,18.1%,21.7%,15.4%,13.3%,33.3%,2.1%,45.5%,114,98
7,Urszula Radwanska,455,29,2.5%,3.7%,64.4%,58.0%,43.8%,10.4%,18.9%,4.3%,2.6%,88.8,,,73.9,,,1.6%,53.6%,1.3%,50.9%,45.5%,45.9%,39.5%,24.9%,32.9%,40.2%,26.8%,21.9%,19.2%,22.5%,38.1%,68,71.4%,49.5%,2.34,7.2%,12.0%,4.0,48.8%,42.4%,47.8%,55.2%,50.6%,17.8%,0.6,-0.7,0.3%,100.0%,7.2%,67.3%,8.7%,17.3%,22.2%,6.8%,17.3%,2.3%,27.6%,-44,-29
1,Martha Matoula,457,305,1.9%,6.8%,62.1%,54.7%,43.6%,10.0%,18.3%,5.4%,5.4%,N/A,N/A,N/A,N/A,N/A,N/A,0.5%,47.4%,0.0%,48.1%,49.2%,46.5%,44.7%,18.3%,23.9%,41.4%,18.2%,95.2%,15.6%,21.9%,51.9%,15,74.8%,46.5%,2.51,1.8%,6.5%,4.3,47.8%,51.8%,42.9%,50.0%,56.7%,11.7%,2.4,1.6,0.0%,-,9.6%,68.2%,6.9%,9.8%,0.0%,11.9%,34.8%,4.1%,47.1%,-47,-25
53,Alize Cornet,461,11,2.4%,6.4%,61.7%,62.2%,43.0%,12.7%,17.3%,6.0%,3.7%,94.8,97.2,92.2,79.8,79.1,80.5,1.7%,55.5%,1.5%,53.4%,45.6%,46.6%,47.6%,20.5%,28.4%,51.0%,26.6%,16.6%,14.8%,17.7%,41.2%,19,77.3%,50.7%,2.48,10.3%,12.3%,4.9,48.6%,47.3%,49.6%,50.1%,49.3%,11.9%,2.2,2.8,0.0%,-,8.3%,67.5%,7.6%,10.8%,10.9%,6.5%,27.0%,2.0%,32.5%,-74,-53
1,Amelia Rajecki,462,460,7.4%,14.7%,52.9%,77.8%,31.3%,13.2%,17.6%,7.9%,3.5%,N/A,N/A,N/A,N/A,N/A,N/A,6.5%,56.5%,5.4%,50.0%,28.8%,32.7%,51.2%,40.0%,60.0%,61.9%,41.7%,0.0%,13.0%,17.4%,40.0%,-14,70.6%,45.8%,2.14,23.8%,5.6%,3.0,48.9%,43.8%,20.0%,50.0%,48.4%,32.5%,7.8,-2.8,0.0%,-,5.9%,87.5%,22.4%,23.1%,33.3%,4.5%,0.0%,1.3%,0.0%,7,62
3,Nahia Berecoechea,469,363,N/A,N/A,N/A,N/A,N/A,17.3%,22.9%,10.3%,8.1%,N/A,N/A,N/A,N/A,N/A,N/A,0.0%,46.6%,1.9%,48.1%,48.3%,47.4%,46.5%,11.0%,20.2%,51.5%,68.0%,33.3%,13.5%,13.5%,35.6%,2,78.8%,51.5%,2.26,34.0%,13.5%,5.0,38.7%,53.8%,48.3%,51.0%,49.1%,3.2%,3.4,5.0,0.0%,-,14.9%,59.6%,11.1%,20.6%,33.3%,8.6%,18.3%,1.1%,12.5%,-32,-37
2,Gabriela Ce,470,221,0.8%,7.3%,70.5%,55.1%,43.4%,14.0%,18.3%,10.4%,3.8%,N/A,N/A,N/A,N/A,N/A,N/A,0.5%,51.6%,0.5%,55.4%,48.1%,49.7%,47.3%,12.4%,15.9%,49.5%,44.4%,35.3%,14.3%,22.9%,40.0%,15,88.9%,46.9%,2.26,0.0%,3.6%,5.8,48.0%,46.2%,42.0%,50.9%,56.8%,13.4%,4.6,-3.5,0.6%,100.0%,14.3%,62.8%,8.9%,9.6%,9.8%,3.9%,0.0%,2.6%,15.8%,-85,-82
1,Anna Siskova,471,236,0.0%,2.6%,77.9%,63.3%,29.4%,13.4%,13.4%,7.9%,6.3%,N/A,N/A,N/A,N/A,N/A,N/A,0.6%,50.7%,1.1%,48.5%,47.3%,47.6%,52.2%,20.3%,33.9%,57.4%,20.0%,22.2%,21.4%,25.0%,40.9%,13,80.2%,53.9%,2.30,4.3%,5.1%,4.5,54.0%,45.9%,57.1%,63.2%,42.7%,18.8%,15.4,0.6,0.0%,-,10.0%,70.0%,14.4%,20.7%,0.0%,10.3%,18.6%,2.7%,60.0%,-40,-34
2,Allie Kiick,473,126,1.8%,6.5%,63.7%,56.4%,39.8%,9.9%,20.5%,5.5%,2.8%,89.2,95.0,86.3,81.5,85.0,,1.6%,53.2%,1.1%,53.3%,47.6%,47.7%,53.0%,41.2%,47.1%,55.0%,9.1%,47.8%,23.5%,29.4%,50.0%,23,75.0%,52.8%,2.63,10.0%,8.0%,4.0,66.7%,56.6%,60.7%,30.8%,54.6%,15.0%,4.5,3.5,0.0%,-,3.0%,50.0%,8.8%,18.8%,0.0%,8.6%,16.7%,0.6%,50.0%,-94,-36
1,Elena Malygina,476,322,0.9%,4.2%,65.8%,48.5%,40.3%,9.9%,30.6%,7.5%,2.8%,N/A,N/A,N/A,N/A,N/A,N/A,0.1%,50.4%,0.0%,48.9%,49.2%,48.2%,33.9%,15.2%,19.6%,38.5%,0.0%,21.4%,22.7%,27.3%,23.5%,41,80.0%,53.1%,2.46,0.0%,7.7%,5.3,53.8%,28.6%,44.4%,40.9%,44.2%,9.0%,0.0,-6.5,0.0%,-,0.9%,100.0%,10.0%,18.2%,0.0%,3.7%,15.4%,2.3%,66.7%,-6,-7
1,Yufei Ren,477,430,0.0%,5.9%,68.6%,57.1%,43.8%,7.1%,29.2%,4.7%,2.8%,N/A,N/A,N/A,N/A,N/A,N/A,0.0%,44.4%,0.0%,62.5%,43.8%,26.7%,46.2%,20.0%,34.3%,46.4%,40.0%,25.0%,15.4%,15.4%,45.5%,25,83.9%,38.5%,2.17,7.1%,0.0%,4.8,43.9%,40.7%,52.9%,33.3%,57.0%,3.8%,-10.0,6.1,0.0%,-,2.7%,66.7%,8.1%,28.6%,0.0%,6.8%,20.0%,1.2%,0.0%,-7,-3
1,Naiktha Bains,480,199,5.0%,11.0%,56.0%,60.7%,38.6%,12.4%,19.8%,6.5%,4.8%,N/A,N/A,N/A,N/A,N/A,N/A,2.3%,56.7%,1.8%,54.5%,44.9%,44.6%,48.4%,19.6%,32.6%,48.6%,85.7%,31.6%,18.2%,18.2%,48.1%,-68,77.5%,45.6%,2.43,21.6%,3.0%,5.2,47.7%,43.2%,37.5%,55.2%,58.2%,28.2%,0.2,-8.0,1.3%,0.0%,11.5%,71.4%,5.7%,13.3%,0.0%,1.1%,4.3%,0.2%,100.0%,-63,-63
1,Andreea Prisacariu,481,304,1.1%,4.5%,68.2%,35.0%,28.6%,2.7%,20.5%,1.6%,1.6%,N/A,N/A,N/A,N/A,N/A,N/A,0.1%,51.9%,0.4%,48.9%,45.5%,48.1%,20.7%,9.5%,14.3%,26.3%,14.3%,0.0%,0.0%,0.0%,10.0%,-119,73.2%,40.0%,2.45,5.3%,11.1%,4.3,32.3%,26.9%,27.3%,20.0%,50.0%,1.6%,-9.1,-14.4,0.0%,-,5.5%,50.0%,2.3%,6.3%,0.0%,0.0%,0.0%,2.4%,0.0%,-88,-106
1,Martina Okalova,482,427,N/A,N/A,N/A,N/A,N/A,9.4%,15.0%,5.8%,2.9%,N/A,N/A,N/A,N/A,N/A,N/A,0.5%,44.5%,1.1%,49.6%,47.8%,53.7%,46.3%,25.0%,28.9%,50.9%,60.0%,47.6%,25.8%,29.0%,34.8%,34,70.6%,38.3%,2.06,1.8%,6.5%,4.2,55.2%,40.7%,41.2%,33.3%,69.7%,2.0%,1.1,-6.7,0.0%,-,3.1%,83.3%,7.3%,12.1%,6.7%,5.6%,20.0%,0.0%,-,-98,-62
1,Momoko Kobori,504,226,0.0%,2.4%,75.3%,53.1%,47.6%,11.7%,13.1%,6.1%,5.3%,N/A,N/A,N/A,N/A,N/A,N/A,0.7%,50.8%,0.3%,51.6%,44.5%,46.7%,58.8%,29.4%,33.3%,58.3%,37.5%,62.5%,6.3%,6.3%,60.0%,-104,74.3%,55.8%,2.22,8.3%,13.0%,3.9,53.7%,63.0%,64.7%,45.5%,47.5%,7.8%,7.7,9.0,0.0%,-,8.0%,81.8%,7.7%,9.5%,0.0%,8.6%,14.3%,0.5%,0.0%,22,11
26,Polona Hercog,507,35,3.9%,4.6%,60.2%,63.4%,47.3%,13.4%,21.3%,7.4%,2.1%,104.9,111.8,104.2,84.2,90.6,86.9,3.6%,57.1%,2.3%,57.2%,44.5%,43.8%,47.2%,25.2%,36.9%,48.8%,13.3%,57.0%,13.9%,21.3%,45.3%,24,77.1%,50.9%,2.31,12.2%,5.4%,4.5,51.1%,48.7%,46.7%,49.2%,62.2%,52.2%,1.4,-1.7,0.6%,84.6%,6.8%,73.1%,11.4%,18.1%,9.4%,7.8%,24.7%,2.2%,48.9%,5,10
1,Lisa Zaar,511,498,N/A,N/A,N/A,N/A,N/A,7.1%,22.2%,5.7%,2.3%,N/A,N/A,N/A,N/A,N/A,N/A,0.0%,33.3%,0.0%,33.3%,37.9%,40.0%,33.3%,12.5%,12.5%,23.8%,28.6%,0.0%,7.7%,23.1%,50.0%,-64,75.9%,48.8%,2.28,9.5%,0.0%,4.3,31.5%,41.7%,35.7%,57.1%,42.3%,9.9%,-1.5,3.9,0.0%,-,9.1%,77.8%,9.7%,18.2%,12.5%,10.5%,0.0%,0.6%,0.0%,-46,-24
1,Tiphanie Fiquet,513,454,N/A,N/A,N/A,N/A,N/A,15.3%,20.4%,6.1%,7.6%,N/A,N/A,N/A,N/A,N/A,N/A,3.3%,50.9%,1.2%,48.7%,41.6%,44.0%,44.2%,28.9%,44.4%,43.8%,20.0%,15.4%,13.0%,21.7%,45.0%,-7,76.1%,41.2%,2.19,21.9%,37.5%,3.9,46.3%,37.0%,35.3%,54.5%,47.5%,27.0%,4.1,-3.0,6.0%,75.0%,7.3%,70.0%,11.4%,5.6%,33.3%,9.4%,22.2%,0.5%,0.0%,31,26
1,Malaika Rapolu,515,512,3.7%,9.3%,50.0%,63.0%,29.6%,8.2%,18.9%,5.4%,1.8%,N/A,N/A,N/A,N/A,N/A,N/A,6.9%,55.2%,0.0%,36.0%,50.0%,30.3%,40.0%,18.5%,29.6%,54.5%,22.2%,30.8%,18.2%,22.7%,22.2%,52,73.9%,51.0%,2.69,18.2%,5.9%,3.9,42.0%,45.5%,41.7%,44.4%,51.8%,7.3%,-1.1,-1.7,0.0%,-,4.1%,60.0%,9.3%,28.6%,100.0%,3.4%,25.0%,0.5%,0.0%,-62,-44
2,Yuki Naito,516,169,2.6%,3.8%,58.3%,61.0%,43.5%,N/A,N/A,N/A,N/A,N/A,N/A,N/A,N/A,N/A,N/A,2.1%,54.0%,2.4%,55.6%,51.8%,50.3%,41.9%,32.8%,45.9%,51.2%,30.4%,52.0%,6.3%,8.3%,33.3%,-53,75.2%,45.4%,2.43,34.1%,14.3%,4.3,39.5%,44.9%,45.9%,61.1%,52.8%,5.8%,1.0,-3.6,2.8%,33.3%,11.5%,64.3%,8.4%,5.6%,50.0%,10.3%,37.5%,1.4%,33.3%,41,26
1,Nikola Bartunkova,517,226,2.5%,5.5%,56.3%,61.2%,42.3%,12.5%,25.0%,4.4%,6.6%,N/A,N/A,N/A,N/A,N/A,N/A,0.0%,34.6%,0.0%,41.7%,41.7%,31.8%,31.6%,17.2%,27.6%,33.3%,66.7%,0.0%,12.5%,18.8%,28.6%,-9,78.3%,47.2%,2.21,0.0%,7.1%,4.1,38.8%,50.0%,9.1%,25.0%,39.5%,8.2%,-2.8,-1.7,0.0%,-,8.3%,62.5%,6.5%,0.0%,0.0%,8.8%,36.4%,3.1%,20.0%,-6,-9
29,Kaja Juvan,520,58,3.0%,3.1%,61.2%,61.5%,48.0%,14.7%,18.5%,7.8%,3.2%,97.5,102.4,94.5,77.1,79.5,75.9,2.3%,56.1%,1.1%,56.6%,45.0%,45.5%,47.0%,24.2%,36.7%,50.6%,30.8%,59.2%,14.6%,21.4%,41.7%,-14,76.1%,47.5%,2.47,13.5%,10.5%,4.3,50.1%,47.4%,47.0%,48.9%,53.8%,12.9%,2.4,-1.3,0.9%,55.0%,9.3%,70.4%,12.9%,20.5%,15.5%,7.2%,20.9%,3.3%,34.0%,4,2
34,Shelby Rogers,523,30,4.9%,3.8%,61.0%,64.9%,47.9%,15.3%,18.4%,8.2%,3.9%,100.0,103.4,97.1,84.6,86.4,84.5,4.4%,58.5%,3.6%,56.9%,41.4%,42.3%,45.9%,28.8%,40.7%,48.3%,28.5%,46.8%,17.7%,25.0%,42.3%,11,68.0%,50.5%,2.47,12.0%,10.1%,3.7,50.3%,45.2%,44.1%,46.0%,52.0%,13.9%,5.9,-0.5,0.1%,100.0%,5.9%,66.9%,14.7%,21.6%,15.5%,8.8%,24.1%,0.9%,29.9%,23,21
13,Tereza Martincova,524,40,2.2%,3.5%,70.5%,59.6%,45.1%,8.9%,16.6%,5.8%,1.8%,96.5,101.5,92.3,83.5,83.8,81.5,1.3%,54.7%,1.3%,53.8%,43.4%,45.3%,41.3%,22.3%,28.6%,43.8%,38.2%,14.5%,17.8%,20.7%,34.9%,49,70.0%,46.2%,2.54,8.2%,13.2%,4.1,47.1%,44.6%,45.3%,36.3%,55.5%,13.2%,2.2,-1.1,0.0%,-,6.7%,46.0%,9.4%,18.6%,16.7%,3.8%,7.1%,0.4%,50.0%,-69,-54
4,Valentini Grammatikopoulou,529,143,0.8%,4.7%,68.2%,54.7%,41.5%,13.8%,28.0%,7.4%,6.9%,88.8,96.2,85.8,77.8,74.0,80.0,0.9%,54.7%,1.0%,53.6%,47.3%,48.0%,38.8%,20.5%,31.0%,40.9%,20.0%,39.1%,16.0%,23.5%,33.8%,29,73.2%,49.1%,2.54,3.8%,10.7%,3.6,41.2%,49.1%,45.0%,40.7%,44.1%,10.3%,3.4,-1.5,0.0%,-,7.6%,61.7%,18.9%,23.7%,33.3%,10.9%,28.3%,2.0%,33.3%,95,67
1,Hiroko Kuwata,534,150,1.2%,4.6%,61.6%,51.2%,40.4%,9.3%,33.0%,8.0%,1.1%,N/A,N/A,N/A,N/A,N/A,N/A,0.8%,53.1%,0.9%,51.8%,46.7%,46.3%,37.5%,9.1%,18.2%,25.0%,20.0%,62.5%,7.7%,7.7%,58.3%,-55,63.2%,44.4%,3.00,0.0%,0.0%,4.4,32.1%,57.1%,20.0%,30.8%,52.4%,12.1%,-6.4,-4.4,2.6%,0.0%,8.2%,37.5%,7.6%,14.3%,0.0%,3.4%,22.2%,0.0%,-,-5,4
1,Chihiro Muramatsu,535,205,0.0%,2.8%,70.3%,53.9%,39.5%,N/A,N/A,N/A,N/A,N/A,N/A,N/A,N/A,N/A,N/A,0.2%,51.6%,0.3%,54.8%,45.1%,46.4%,42.6%,29.5%,41.0%,39.5%,12.5%,78.6%,18.2%,27.3%,50.0%,41,74.1%,38.1%,2.88,2.3%,12.5%,3.6,48.5%,39.6%,37.5%,25.0%,52.2%,14.4%,5.0,7.1,0.0%,-,7.0%,58.3%,20.5%,27.3%,11.1%,15.1%,33.3%,0.0%,-,39,42
23,Ana Konjuh,538,20,5.5%,7.7%,56.8%,66.3%,44.0%,18.7%,24.5%,9.3%,7.4%,105.9,107.7,102.0,84.6,85.1,83.6,5.5%,58.1%,3.7%,56.3%,41.7%,43.5%,47.2%,29.6%,44.0%,52.2%,40.6%,19.9%,16.8%,24.1%,40.2%,38,68.8%,51.7%,2.34,20.5%,9.5%,3.5,46.9%,49.4%,51.0%,45.5%,47.9%,12.3%,3.0,1.0,0.0%,-,8.8%,69.9%,17.6%,29.6%,29.4%,12.3%,23.4%,1.8%,47.0%,121,110
2,Amina Anshba,540,278,0.7%,2.9%,66.7%,52.2%,41.3%,8.3%,12.8%,4.3%,3.9%,N/A,N/A,N/A,N/A,N/A,N/A,0.3%,51.3%,0.6%,54.3%,51.6%,50.6%,46.4%,9.9%,13.6%,43.8%,15.8%,42.9%,7.5%,10.0%,51.4%,-38,90.1%,50.8%,2.48,2.8%,8.0%,6.8,56.5%,36.6%,39.5%,58.2%,41.0%,9.3%,-0.7,2.4,0.8%,100.0%,4.9%,76.9%,3.8%,9.1%,2.0%,3.7%,7.7%,0.7%,33.3%,-157,-155
1,Alice Robbe,505,190,2.1%,8.5%,63.8%,46.7%,23.5%,N/A,N/A,N/A,N/A,N/A,N/A,N/A,N/A,N/A,N/A,0.9%,48.5%,1.2%,52.7%,41.4%,41.1%,38.8%,14.6%,31.7%,45.7%,66.7%,54.5%,17.6%,17.6%,21.4%,46,76.1%,28.6%,2.26,11.8%,5.9%,4.8,39.0%,31.8%,38.5%,42.9%,58.6%,16.7%,-3.8,-6.5,16.4%,50.0%,26.9%,55.2%,6.6%,21.7%,0.0%,5.8%,9.1%,1.0%,0.0%,26,14
3,Jamie Loeb,543,132,4.6%,5.6%,54.4%,62.0%,42.0%,15.9%,25.8%,9.9%,4.6%,99.0,103.5,100.9,83.2,91.3,,3.4%,56.3%,2.3%,55.2%,44.5%,44.8%,47.2%,18.5%,27.2%,43.9%,6.5%,37.1%,10.6%,18.2%,50.8%,-10,71.4%,43.8%,2.35,3.1%,16.2%,4.1,42.0%,49.4%,43.5%,46.9%,49.2%,10.3%,-0.2,3.6,0.6%,0.0%,7.5%,65.2%,14.8%,21.4%,0.0%,11.2%,27.8%,0.4%,50.0%,81,49
2,Yuliya Hatouka,544,180,4.2%,6.6%,62.8%,53.3%,36.7%,18.7%,16.8%,10.9%,3.3%,N/A,N/A,N/A,N/A,N/A,N/A,5.0%,55.1%,2.7%,55.2%,46.2%,50.9%,42.9%,29.7%,47.3%,46.2%,50.0%,10.5%,28.6%,34.3%,36.0%,47,57.0%,36.8%,2.46,9.6%,10.7%,3.1,41.8%,45.8%,46.2%,14.3%,50.4%,7.6%,6.0,-6.7,0.0%,-,4.2%,66.7%,24.5%,35.3%,18.2%,11.1%,33.3%,0.0%,-,130,106
1,Akiko Omae,547,188,4.8%,7.1%,69.0%,58.6%,30.8%,9.8%,7.5%,7.4%,3.3%,N/A,N/A,N/A,N/A,N/A,N/A,2.0%,55.0%,0.9%,53.3%,45.1%,45.0%,63.2%,28.2%,41.0%,67.9%,20.0%,75.0%,23.1%,30.8%,50.0%,97,70.5%,56.4%,3.05,10.7%,13.3%,3.4,52.4%,62.9%,55.6%,60.0%,56.1%,11.8%,15.4,11.5,0.0%,-,3.8%,100.0%,15.2%,31.6%,100.0%,15.9%,40.0%,0.0%,-,-87,-56
3,Mirjam Bjorklund,551,123,2.8%,2.0%,68.6%,59.3%,49.7%,11.7%,17.1%,7.5%,4.7%,92.1,97.4,87.0,74.1,83.0,72.7,2.3%,56.9%,1.6%,56.1%,49.8%,48.0%,42.6%,20.3%,28.8%,43.6%,36.4%,54.1%,20.3%,25.4%,40.4%,-45,67.4%,63.8%,2.57,6.4%,13.3%,4.5,51.9%,52.4%,57.9%,46.7%,58.5%,11.5%,9.5,6.1,0.0%,-,5.7%,55.0%,13.7%,14.4%,0.0%,10.9%,30.0%,0.6%,25.0%,-2,-7
1,Victoria Kan,617,151,,,,,,N/A,N/A,N/A,N/A,N/A,N/A,N/A,N/A,N/A,N/A,3.8%,58.2%,2.1%,56.9%,50.0%,49.7%,36.7%,27.3%,36.4%,54.2%,7.1%,71.4%,10.7%,10.7%,20.0%,-7,77.4%,35.4%,2.70,4.3%,9.5%,3.8,45.6%,35.7%,38.5%,0.0%,49.2%,22.8%,0.7,-4.4,0.0%,-,2.4%,100.0%,15.2%,21.4%,0.0%,7.8%,100.0%,2.8%,20.0%,-89,-66
1,Martina Capurro Taborda,568,149,0.0%,3.3%,65.8%,50.0%,50.0%,1.8%,31.2%,2.1%,,N/A,N/A,N/A,N/A,N/A,N/A,0.2%,49.7%,0.5%,55.8%,49.5%,47.9%,44.2%,6.5%,12.9%,44.8%,0.0%,80.0%,6.7%,6.7%,42.9%,-64,80.7%,37.0%,2.39,0.0%,6.7%,5.5,49.0%,24.0%,46.7%,40.0%,59.1%,3.6%,-0.6,-11.2,0.0%,-,3.7%,50.0%,6.2%,6.1%,10.5%,0.0%,0.0%,0.4%,0.0%,-76,-68
35,Danka Kovinic,571,46,4.5%,6.4%,54.2%,64.0%,44.9%,15.1%,22.8%,7.8%,5.2%,104.5,106.8,101.2,83.4,82.5,86.9,4.0%,55.8%,3.9%,56.2%,43.1%,44.1%,42.5%,30.5%,40.8%,47.1%,20.3%,54.5%,14.0%,19.8%,37.6%,24,70.5%,52.4%,2.43,16.3%,11.3%,3.9,46.6%,48.2%,44.4%,49.3%,50.7%,12.9%,2.9,-0.6,0.0%,-,6.9%,66.8%,12.8%,21.0%,25.7%,9.1%,25.3%,2.2%,37.0%,36,36
5,Cristina Andreea Mitu,572,68,2.3%,6.7%,64.9%,59.5%,44.4%,16.2%,21.0%,10.4%,6.1%,96.8,,,87.6,,,1.9%,55.6%,1.2%,54.3%,45.2%,44.7%,43.9%,28.4%,41.1%,44.1%,41.2%,25.7%,25.0%,26.9%,43.6%,91,71.4%,50.0%,2.72,1.5%,6.9%,3.5,44.7%,45.8%,62.5%,28.6%,44.8%,7.6%,-0.5,-1.0,0.0%,-,2.8%,55.6%,13.3%,22.2%,0.0%,8.1%,26.9%,1.0%,60.0%,32,35
3,Catherine Harrison,574,214,2.3%,9.5%,58.5%,57.6%,32.6%,14.2%,21.8%,5.1%,8.8%,98.6,102.0,104.0,88.1,92.1,85.5,2.0%,53.0%,2.1%,52.6%,46.2%,46.4%,43.4%,25.4%,32.2%,45.5%,4.0%,46.9%,15.8%,26.3%,39.6%,21,75.2%,47.7%,2.40,2.3%,17.1%,4.0,50.0%,45.0%,50.0%,36.0%,49.3%,18.2%,4.8,2.5,0.0%,-,7.7%,61.5%,11.8%,21.7%,16.7%,14.1%,20.4%,3.1%,29.4%,4,29
23,Timea Babos,576,25,5.8%,5.1%,61.3%,66.1%,44.7%,14.4%,22.1%,8.7%,3.8%,105.6,109.1,101.8,83.6,85.3,84.2,6.0%,58.7%,5.2%,57.6%,40.9%,42.4%,45.5%,31.5%,41.9%,46.3%,30.7%,53.9%,13.7%,18.6%,44.3%,20,71.2%,48.4%,2.48,14.8%,5.6%,4.1,49.1%,45.4%,44.1%,52.4%,50.2%,13.9%,-2.7,0.8,0.4%,83.3%,7.6%,65.6%,11.1%,18.6%,4.5%,8.6%,31.5%,1.2%,38.0%,18,24
1,Marina Melnikova,578,170,0.5%,8.4%,70.2%,53.3%,34.7%,17.1%,21.9%,8.5%,10.9%,N/A,N/A,N/A,N/A,N/A,N/A,1.1%,52.4%,0.4%,50.3%,47.9%,47.2%,58.1%,23.8%,33.3%,50.0%,44.4%,46.2%,31.8%,40.9%,66.7%,-3,60.0%,63.9%,2.63,43.8%,0.0%,2.7,53.8%,68.2%,71.4%,0.0%,44.2%,27.0%,24.2,9.3,0.0%,-,3.7%,25.0%,25.9%,28.6%,0.0%,14.8%,66.7%,3.5%,50.0%,76,63
13,Kateryna Bondarenko,582,29,3.0%,6.3%,61.7%,62.6%,43.5%,16.4%,21.4%,6.7%,6.9%,93.6,97.8,94.0,77.7,82.9,84.0,2.2%,54.9%,2.3%,54.1%,44.0%,44.2%,42.2%,23.9%,32.7%,45.5%,22.9%,55.1%,13.9%,21.3%,36.0%,13,71.9%,54.4%,2.43,12.7%,8.8%,4.3,45.2%,47.1%,46.4%,52.7%,50.5%,4.2%,0.2,1.9,0.1%,100.0%,9.1%,63.6%,8.0%,11.3%,0.0%,10.6%,30.1%,0.6%,36.4%,25,24
2,Diana Marcinkevica,589,196,5.5%,7.4%,52.0%,61.7%,40.5%,19.7%,21.6%,12.9%,5.4%,N/A,N/A,N/A,N/A,N/A,N/A,3.1%,56.3%,2.1%,53.2%,46.5%,47.0%,45.5%,34.9%,45.8%,48.1%,44.4%,11.5%,15.1%,24.5%,42.2%,19,80.0%,53.0%,2.23,27.8%,23.8%,3.6,47.6%,51.9%,58.8%,58.8%,48.3%,12.2%,15.3,-2.7,0.0%,-,7.0%,63.6%,22.2%,17.5%,27.3%,7.8%,27.3%,3.6%,29.4%,76,86
24,Saisai Zheng,590,34,1.6%,3.1%,65.7%,57.4%,46.3%,12.1%,18.5%,5.9%,3.9%,89.3,92.1,87.2,74.6,78.4,75.1,1.6%,53.5%,1.4%,53.2%,44.9%,46.1%,48.2%,20.0%,25.5%,48.0%,17.6%,55.8%,11.9%,16.3%,48.7%,3,77.0%,49.7%,2.41,7.4%,7.4%,4.9,48.9%,48.2%,52.7%,50.0%,50.5%,26.9%,1.8,2.4,1.5%,54.2%,12.5%,70.1%,7.1%,11.0%,14.0%,8.3%,24.3%,1.2%,18.3%,-68,-59
1,Federica Di Sarra,592,192,0.7%,5.1%,69.3%,50.5%,28.6%,22.6%,34.4%,20.6%,2.9%,N/A,N/A,N/A,N/A,N/A,N/A,1.7%,55.4%,2.1%,55.8%,50.1%,49.1%,40.2%,10.6%,27.3%,44.1%,0.0%,82.4%,4.2%,8.3%,30.4%,-76,83.9%,59.0%,2.23,8.6%,5.3%,6.7,52.9%,58.5%,42.3%,44.9%,60.4%,10.9%,5.4,-5.6,0.0%,-,8.1%,73.3%,13.0%,19.8%,22.2%,3.0%,16.7%,4.0%,39.1%,17,0
4,Fanny Stollar,593,114,7.6%,5.4%,54.9%,66.0%,42.2%,19.4%,24.2%,11.6%,4.8%,N/A,N/A,N/A,N/A,N/A,N/A,6.7%,55.9%,5.3%,55.3%,41.3%,44.0%,42.3%,38.6%,49.4%,46.3%,13.8%,66.7%,16.8%,25.5%,38.6%,43,67.2%,53.3%,2.41,30.6%,12.2%,3.4,47.7%,51.9%,50.0%,51.5%,57.2%,4.4%,1.6,3.9,0.0%,-,5.3%,68.8%,16.5%,26.3%,20.0%,11.4%,26.3%,0.0%,-,113,109
1,Jada Robinson,599,582,N/A,N/A,N/A,N/A,N/A,9.9%,28.8%,3.8%,3.8%,N/A,N/A,N/A,N/A,N/A,N/A,2.3%,50.1%,1.7%,49.1%,37.4%,41.4%,39.0%,13.9%,13.9%,41.9%,6.7%,14.3%,3.4%,6.9%,35.7%,-104,80.4%,32.4%,2.22,0.0%,6.3%,6.8,41.9%,20.0%,52.6%,37.9%,44.3%,5.8%,-1.7,-3.9,0.0%,-,3.6%,75.0%,5.8%,10.3%,0.0%,4.5%,9.5%,0.0%,-,-66,-79
1,Seone Mendez,603,198,1.1%,3.4%,62.7%,55.5%,47.3%,11.0%,21.0%,5.9%,5.3%,N/A,N/A,N/A,N/A,N/A,N/A,1.4%,55.5%,0.6%,53.5%,50.1%,50.0%,46.7%,10.0%,24.3%,54.0%,37.5%,61.1%,20.6%,20.6%,29.6%,51,75.8%,42.0%,2.61,0.0%,21.4%,4.1,47.6%,39.3%,46.4%,45.5%,47.0%,22.9%,-7.0,7.6,0.0%,-,5.0%,80.0%,12.6%,22.6%,0.0%,8.5%,25.0%,3.6%,33.3%,6,-10
1,Ekaterina Reyngold,606,226,0.0%,2.6%,65.8%,56.0%,15.4%,15.9%,33.0%,12.0%,4.8%,N/A,N/A,N/A,N/A,N/A,N/A,0.0%,42.9%,0.0%,41.2%,42.3%,38.5%,38.2%,4.2%,20.8%,52.2%,14.3%,40.0%,8.3%,8.3%,9.1%,-30,76.9%,45.0%,2.42,4.3%,0.0%,5.0,40.9%,45.0%,28.6%,50.0%,58.5%,9.3%,-4.8,-7.1,0.0%,-,8.9%,50.0%,6.1%,16.7%,100.0%,6.7%,22.2%,4.8%,30.0%,15,-5
7,Vitalia Diatchenko,608,71,2.1%,9.3%,59.9%,58.4%,39.5%,14.0%,20.8%,7.3%,4.6%,96.9,96.3,91.7,83.3,81.9,81.1,2.4%,57.7%,2.3%,55.1%,48.4%,48.8%,42.8%,23.9%,35.0%,46.8%,37.8%,6.8%,13.6%,23.5%,35.7%,4,66.9%,57.6%,2.38,10.5%,22.2%,3.3,45.3%,53.9%,52.5%,40.7%,51.4%,2.1%,7.5,5.2,0.0%,-,5.0%,57.7%,18.6%,23.3%,100.0%,16.1%,35.1%,1.9%,23.1%,147,125
1,Denisa Hindova,611,519,N/A,N/A,N/A,N/A,N/A,2.1%,12.5%,2.2%,,N/A,N/A,N/A,N/A,N/A,N/A,1.3%,50.6%,1.0%,47.3%,47.2%,45.5%,47.4%,20.5%,28.2%,48.4%,60.0%,100.0%,22.2%,33.3%,42.9%,17,83.0%,74.4%,2.59,0.0%,11.8%,5.5,69.6%,58.8%,56.3%,58.8%,81.3%,18.2%,10.7,1.4,0.0%,-,4.2%,75.0%,6.8%,8.8%,0.0%,3.3%,12.5%,0.9%,0.0%,-136,-119
2,Mara Guth,621,451,5.8%,17.3%,59.6%,48.4%,23.8%,9.4%,12.3%,5.1%,5.1%,N/A,N/A,N/A,N/A,N/A,N/A,0.0%,44.8%,0.0%,37.0%,40.7%,34.8%,44.0%,19.7%,28.9%,42.6%,100.0%,12.5%,12.5%,12.5%,50.0%,-19,80.0%,58.8%,2.37,0.0%,2.4%,5.9,46.1%,47.7%,45.8%,59.5%,49.1%,4.6%,11.2,4.4,0.0%,-,7.0%,78.6%,13.3%,21.6%,16.7%,7.8%,23.7%,0.4%,50.0%,-83,-66
1,Aya El Aouni,630,598,3.7%,6.5%,69.2%,50.0%,36.4%,10.0%,13.0%,5.2%,3.1%,N/A,N/A,N/A,N/A,N/A,N/A,3.8%,34.6%,4.2%,58.3%,29.6%,32.0%,38.1%,13.6%,18.2%,39.5%,50.0%,50.0%,0.0%,0.0%,25.0%,-119,84.6%,34.1%,2.47,2.6%,0.0%,4.8,50.0%,29.4%,33.3%,25.0%,52.5%,15.6%,3.5,-3.1,0.0%,-,6.9%,28.6%,10.5%,8.3%,0.0%,8.5%,25.0%,0.0%,-,-125,-115
1,Natalia Szabanin,647,245,2.1%,5.3%,56.9%,51.4%,37.0%,9.5%,26.2%,7.3%,1.8%,N/A,N/A,N/A,N/A,N/A,N/A,3.0%,39.4%,3.6%,42.9%,38.2%,45.2%,37.0%,14.7%,17.6%,34.5%,0.0%,88.9%,15.0%,15.0%,41.2%,9,69.2%,48.9%,2.48,24.1%,20.0%,3.7,37.1%,51.4%,38.5%,33.3%,59.2%,10.0%,2.6,-0.7,0.0%,-,6.3%,62.5%,10.7%,28.6%,0.0%,12.3%,0.0%,0.5%,0.0%,59,50
1,Vittoria Paganetti,654,654,0.0%,9.7%,58.1%,52.8%,23.1%,7.9%,35.7%,4.3%,4.3%,N/A,N/A,N/A,N/A,N/A,N/A,0.0%,40.6%,0.0%,40.0%,50.0%,46.7%,39.2%,2.8%,11.1%,51.4%,0.0%,9.1%,20.0%,20.0%,12.5%,58,81.3%,51.9%,2.67,2.9%,0.0%,6.4,50.0%,50.0%,47.1%,29.0%,51.3%,27.1%,-7.4,0.8,0.0%,-,13.5%,47.1%,3.8%,7.1%,0.0%,4.1%,10.5%,2.7%,40.0%,-50,-48
3,Pemra Ozgen,656,182,2.4%,1.7%,68.8%,54.2%,46.1%,17.1%,16.7%,9.7%,7.7%,N/A,N/A,N/A,N/A,N/A,N/A,2.2%,56.1%,1.8%,53.8%,45.6%,45.8%,44.4%,12.5%,19.1%,45.4%,44.4%,35.5%,10.3%,15.5%,42.3%,-44,74.5%,43.6%,2.32,37.0%,8.5%,5.0,44.8%,44.6%,41.3%,50.9%,54.2%,42.9%,0.6,-1.0,0.0%,-,12.2%,50.0%,6.8%,5.0%,10.5%,9.5%,26.8%,2.9%,33.3%,-96,-103
1,Julia Middendorf,657,349,5.5%,1.8%,54.5%,60.0%,44.0%,15.1%,20.2%,9.8%,3.6%,N/A,N/A,N/A,N/A,N/A,N/A,3.4%,58.6%,7.7%,46.2%,39.4%,32.3%,40.5%,23.3%,40.0%,47.8%,12.5%,56.3%,20.8%,25.0%,31.6%,-56,68.8%,50.0%,2.25,9.1%,31.8%,3.3,40.0%,51.6%,50.0%,40.0%,44.7%,5.7%,19.9,-3.8,0.0%,-,5.9%,71.4%,29.4%,58.8%,0.0%,12.0%,50.0%,0.6%,100.0%,75,49
2,Aneta Laboutkova,662,445,N/A,N/A,N/A,N/A,N/A,25.2%,3.9%,16.8%,8.4%,N/A,N/A,N/A,N/A,N/A,N/A,0.8%,51.6%,0.5%,55.0%,41.9%,43.1%,57.1%,26.1%,34.8%,58.8%,0.0%,62.5%,16.1%,35.5%,53.8%,41,66.1%,57.3%,2.38,9.8%,15.4%,3.8,45.3%,70.2%,58.1%,50.0%,58.9%,26.3%,9.2,19.6,1.0%,100.0%,10.5%,70.8%,11.8%,18.8%,15.4%,24.6%,23.5%,2.1%,14.3%,-25,-24
2,Peangtarn Plipuech,667,175,3.1%,2.6%,64.2%,57.6%,37.5%,6.3%,13.6%,3.7%,3.0%,N/A,N/A,N/A,N/A,N/A,N/A,2.6%,54.6%,1.8%,52.9%,43.3%,44.4%,34.8%,22.6%,26.9%,38.9%,41.7%,55.0%,6.3%,6.3%,30.0%,-85,73.8%,49.0%,2.47,1.4%,10.9%,5.3,52.6%,38.1%,41.7%,38.1%,52.0%,52.3%,1.2,-8.3,1.3%,50.0%,5.9%,82.4%,4.8%,6.1%,6.3%,3.2%,0.0%,2.1%,15.4%,-139,-131
1,Fiona Crawley,675,348,1.7%,7.8%,63.8%,45.9%,38.1%,7.9%,25.4%,5.9%,1.0%,88.2,87.7,89.9,78.8,81.5,78.0,2.7%,38.7%,0.0%,53.5%,40.3%,48.2%,35.6%,17.1%,22.0%,32.4%,75.0%,11.1%,15.4%,15.4%,45.5%,9,69.1%,52.6%,2.24,0.0%,16.7%,4.3,39.1%,34.8%,73.3%,41.7%,52.0%,4.1%,-2.1,-3.3,0.0%,-,3.5%,75.0%,7.8%,16.7%,0.0%,5.6%,13.3%,0.5%,100.0%,-53,-31
2,Conny Perrin,679,134,3.3%,5.1%,60.6%,61.3%,41.7%,9.4%,20.2%,6.7%,2.9%,N/A,N/A,N/A,N/A,N/A,N/A,2.8%,55.0%,1.8%,56.3%,45.1%,45.7%,43.2%,30.7%,33.3%,46.2%,16.7%,50.0%,19.4%,25.0%,37.9%,60,72.7%,34.1%,2.40,23.5%,13.0%,4.7,44.0%,37.9%,51.3%,35.7%,64.1%,42.9%,-2.6,0.0,0.0%,-,7.5%,61.1%,6.7%,15.1%,5.6%,5.8%,12.1%,0.4%,50.0%,-98,-63
1,Yuliana Lizarazo,680,335,0.8%,4.4%,63.3%,55.6%,48.4%,5.5%,8.2%,1.5%,4.5%,N/A,N/A,N/A,N/A,N/A,N/A,0.8%,56.6%,0.6%,53.3%,47.3%,49.1%,29.0%,11.1%,22.2%,43.8%,83.3%,0.0%,0.0%,0.0%,13.3%,-119,63.2%,37.5%,2.33,0.0%,9.1%,3.8,30.2%,25.0%,25.0%,16.7%,52.5%,6.4%,-18.0,11.4,0.0%,-,2.7%,100.0%,2.2%,9.1%,0.0%,20.0%,0.0%,0.0%,-,-136,-140
2,Lucie Havlickova,682,196,2.3%,8.2%,62.5%,57.4%,37.7%,9.8%,15.0%,6.8%,1.4%,N/A,N/A,N/A,N/A,N/A,N/A,7.7%,56.9%,0.0%,60.0%,39.4%,46.7%,45.8%,30.4%,36.7%,45.5%,13.3%,66.7%,22.2%,30.6%,46.4%,43,69.0%,51.7%,2.32,16.4%,15.2%,4.2,54.1%,45.9%,42.9%,50.0%,61.0%,10.2%,7.8,-0.7,0.0%,-,4.5%,36.4%,13.6%,28.2%,14.3%,4.6%,12.5%,0.0%,-,-54,-28
1,Irina Fetecau,690,207,N/A,N/A,N/A,N/A,N/A,18.8%,32.1%,13.1%,5.6%,N/A,N/A,N/A,N/A,N/A,N/A,1.2%,52.8%,1.2%,53.9%,51.6%,50.6%,34.8%,10.0%,15.0%,30.6%,33.3%,14.3%,0.0%,0.0%,50.0%,-119,91.5%,48.1%,2.52,5.6%,0.0%,6.7,43.3%,41.2%,30.4%,52.0%,51.2%,6.7%,0.3,-1.4,0.0%,-,17.0%,57.9%,10.1%,16.1%,0.0%,4.2%,9.4%,1.2%,0.0%,-27,-36
1,Caijsa Wilda Hennemann,704,283,0.3%,3.7%,69.4%,54.4%,46.1%,N/A,N/A,N/A,N/A,N/A,N/A,N/A,N/A,N/A,N/A,0.3%,52.3%,0.0%,54.5%,51.0%,54.1%,26.3%,3.4%,13.8%,28.6%,20.0%,83.3%,9.1%,9.1%,20.0%,-23,72.9%,60.8%,2.16,17.9%,14.3%,4.8,28.6%,53.8%,30.0%,53.8%,51.3%,18.9%,2.0,-0.6,0.0%,-,9.9%,72.7%,11.5%,11.1%,0.0%,7.6%,37.5%,1.8%,25.0%,-29,-60
1,Fang Ying Xun,709,167,6.9%,4.7%,62.8%,62.6%,44.6%,22.4%,24.4%,12.0%,7.7%,N/A,N/A,N/A,N/A,N/A,N/A,4.5%,57.4%,3.5%,56.4%,41.3%,44.0%,48.1%,29.0%,42.0%,63.3%,23.1%,45.5%,14.3%,17.1%,23.3%,25,79.3%,52.1%,2.55,10.4%,5.6%,4.1,50.9%,45.8%,52.6%,60.0%,61.0%,9.6%,8.0,0.4,0.0%,-,7.5%,80.0%,16.7%,31.1%,0.0%,8.8%,23.5%,1.4%,0.0%,89,77
3,Nigina Abduraimova,654,144,5.6%,8.9%,55.9%,64.9%,41.4%,10.2%,31.0%,4.5%,4.8%,N/A,N/A,N/A,N/A,N/A,N/A,4.5%,59.6%,4.3%,57.2%,44.1%,45.0%,37.2%,23.1%,25.9%,36.1%,60.6%,9.5%,17.3%,22.7%,38.7%,37,77.2%,46.5%,2.36,8.6%,9.4%,4.1,43.8%,42.3%,46.7%,36.7%,49.2%,14.4%,-1.1,-10.1,0.5%,0.0%,13.5%,58.0%,6.6%,9.7%,0.0%,6.3%,13.1%,0.2%,0.0%,13,34
2,Sofya Lansere,716,200,2.4%,4.8%,62.7%,55.7%,56.4%,15.6%,14.1%,10.3%,4.1%,N/A,N/A,N/A,N/A,N/A,N/A,1.5%,53.5%,1.0%,51.3%,47.7%,48.3%,50.7%,23.6%,29.1%,42.9%,100.0%,42.9%,22.9%,25.7%,63.0%,47,79.3%,59.1%,2.43,4.9%,0.0%,5.0,51.1%,51.5%,63.2%,56.3%,49.7%,4.5%,8.9,2.2,0.0%,-,6.8%,78.6%,12.0%,22.9%,60.0%,5.2%,33.3%,1.1%,0.0%,-80,-59
2,Alexis Blokhina,718,566,N/A,N/A,N/A,N/A,N/A,9.8%,16.0%,6.0%,3.7%,N/A,N/A,N/A,N/A,N/A,N/A,1.6%,57.4%,0.0%,57.9%,28.1%,48.0%,53.1%,17.4%,19.8%,53.5%,0.0%,61.1%,7.4%,14.8%,52.0%,-47,83.2%,44.9%,2.49,15.5%,12.5%,4.9,42.7%,45.6%,60.7%,61.5%,49.7%,8.3%,7.9,4.6,0.0%,-,4.9%,72.7%,10.1%,15.2%,5.0%,10.4%,17.6%,0.2%,0.0%,-50,-45
1,Ashley Kratzer,718,200,4.3%,8.6%,63.6%,55.6%,31.6%,11.8%,26.9%,9.5%,3.6%,N/A,N/A,N/A,N/A,N/A,N/A,3.4%,55.1%,3.2%,57.6%,42.3%,43.0%,28.9%,14.7%,29.4%,27.6%,0.0%,25.0%,25.0%,33.3%,33.3%,97,66.7%,43.3%,2.25,10.3%,18.2%,3.3,34.9%,40.9%,16.7%,50.0%,51.7%,21.1%,-7.5,-3.3,0.0%,-,9.5%,66.7%,16.3%,11.8%,16.7%,3.3%,0.0%,1.7%,0.0%,102,72
1,Josy Daems,747,730,N/A,N/A,N/A,N/A,N/A,7.3%,41.7%,5.5%,2.2%,N/A,N/A,N/A,N/A,N/A,N/A,0.0%,33.3%,0.0%,26.1%,42.3%,43.5%,25.6%,11.5%,15.4%,30.4%,53.8%,25.0%,5.9%,5.9%,18.8%,-64,77.6%,52.6%,2.78,0.0%,33.3%,5.5,30.4%,41.2%,43.8%,41.2%,41.0%,14.3%,0.0,-13.1,0.0%,-,5.2%,80.0%,5.9%,28.6%,7.7%,5.1%,16.7%,0.0%,-,42,35
1,Ya Yi Yang,751,203,2.1%,6.9%,66.0%,57.8%,39.2%,11.0%,28.3%,6.0%,5.2%,N/A,N/A,N/A,N/A,N/A,N/A,1.5%,52.2%,0.0%,46.9%,32.3%,38.2%,42.3%,18.8%,31.3%,43.6%,57.1%,0.0%,23.5%,35.3%,38.5%,-37,44.3%,55.6%,2.38,7.7%,7.4%,3.2,41.7%,50.0%,12.5%,40.0%,50.0%,3.7%,4.4,-9.0,0.0%,-,7.1%,44.4%,15.5%,21.4%,0.0%,9.2%,27.3%,1.2%,0.0%,145,107
2,Jing Jing Lu,751,159,1.8%,6.1%,57.3%,57.4%,41.4%,11.6%,24.7%,9.2%,2.1%,N/A,N/A,N/A,N/A,N/A,N/A,1.4%,52.6%,1.3%,51.0%,46.6%,48.8%,29.1%,15.0%,20.0%,23.5%,26.1%,38.1%,20.5%,29.5%,37.1%,80,70.3%,59.0%,2.54,2.0%,8.7%,3.8,44.3%,37.3%,50.0%,36.8%,60.1%,11.6%,3.2,-13.3,0.0%,-,7.6%,52.9%,11.5%,25.0%,16.7%,3.2%,15.4%,0.3%,100.0%,27,15
2,Valeria Savinykh,756,99,2.0%,4.7%,61.4%,59.0%,42.0%,12.1%,20.4%,1.1%,0.9%,,,,,,,1.8%,53.1%,1.0%,55.6%,45.5%,45.1%,53.4%,20.9%,23.1%,61.1%,5.9%,15.0%,16.2%,16.2%,35.5%,40,75.9%,53.7%,2.40,23.6%,5.9%,5.0,45.9%,58.1%,57.8%,44.2%,46.9%,13.1%,6.9,0.5,0.0%,-,9.2%,74.1%,9.1%,26.5%,0.0%,4.5%,27.8%,0.2%,0.0%,-82,-65
1,Milana Zhabrailova,774,538,N/A,N/A,N/A,N/A,N/A,6.3%,18.0%,2.1%,,N/A,N/A,N/A,N/A,N/A,N/A,3.3%,56.7%,14.8%,55.6%,17.2%,36.0%,36.4%,48.6%,51.4%,26.3%,37.5%,25.0%,12.5%,18.8%,50.0%,-4,64.8%,34.3%,2.28,10.5%,5.0%,3.2,45.1%,34.6%,50.0%,0.0%,56.0%,8.5%,-12.1,-1.9,0.0%,-,3.6%,50.0%,3.9%,0.0%,0.0%,5.7%,0.0%,1.5%,0.0%,-72,11
1,Lena Rueffer,810,250,2.7%,4.5%,65.6%,60.5%,42.9%,3.4%,12.5%,2.5%,0.8%,N/A,N/A,N/A,N/A,N/A,N/A,3.3%,55.8%,3.2%,56.6%,40.4%,42.6%,54.5%,25.9%,31.8%,58.7%,26.7%,18.8%,19.4%,25.8%,44.0%,-31,66.0%,44.3%,2.75,0.0%,3.0%,3.8,50.6%,38.2%,53.6%,55.0%,47.1%,94.0%,1.7,0.0,0.0%,-,3.0%,75.0%,10.3%,11.6%,0.0%,0.0%,0.0%,1.5%,16.7%,-128,-89
1,Tess Sugnaux,814,413,5.5%,4.7%,53.9%,58.0%,30.5%,9.5%,33.7%,3.6%,4.8%,N/A,N/A,N/A,N/A,N/A,N/A,3.6%,56.6%,2.7%,55.7%,45.6%,45.7%,33.9%,10.8%,16.2%,42.4%,0.0%,6.7%,8.0%,8.0%,21.7%,-39,58.6%,35.3%,2.26,13.3%,22.2%,5.9,27.8%,28.6%,45.5%,45.0%,59.5%,15.3%,-8.2,1.4,0.0%,-,2.1%,100.0%,5.6%,19.0%,0.0%,7.8%,50.0%,0.8%,50.0%,-39,-47
6,Aravane Rezai,816,15,3.7%,6.9%,57.3%,64.4%,43.8%,15.8%,23.6%,4.7%,3.3%,96.5,,,79.1,,,2.0%,55.8%,1.1%,51.9%,38.2%,39.0%,41.3%,31.7%,43.3%,50.0%,44.7%,17.3%,13.3%,14.4%,32.1%,7,57.0%,56.8%,2.35,0.0%,25.4%,3.2,43.0%,44.9%,67.6%,59.1%,56.3%,4.0%,4.8,3.6,0.0%,-,5.0%,63.6%,12.1%,17.2%,0.0%,16.4%,19.3%,0.0%,-,58,61
1,Sarah Iliev,818,550,0.0%,3.8%,56.6%,53.3%,26.1%,12.2%,21.7%,6.4%,6.4%,N/A,N/A,N/A,N/A,N/A,N/A,0.0%,40.7%,0.0%,42.3%,31.3%,53.3%,38.3%,10.0%,26.7%,48.1%,25.0%,66.7%,4.8%,4.8%,25.0%,-69,82.3%,45.1%,2.48,11.1%,4.2%,4.5,41.5%,39.5%,53.8%,36.4%,54.8%,28.6%,-4.1,0.7,0.0%,-,6.1%,85.7%,9.3%,7.1%,50.0%,7.3%,0.0%,5.1%,36.4%,-12,-36
8,Ysaline Bonaventure,825,81,2.5%,8.3%,60.8%,61.1%,43.4%,10.3%,20.5%,6.1%,2.6%,N/A,N/A,N/A,N/A,N/A,N/A,1.2%,54.6%,2.6%,56.1%,45.3%,45.4%,46.2%,23.8%,34.0%,50.8%,2.5%,51.4%,21.8%,26.6%,38.1%,79,64.3%,46.8%,2.52,12.9%,13.7%,3.7,42.6%,43.3%,55.9%,52.0%,52.5%,4.9%,3.8,-1.2,0.0%,-,4.7%,63.5%,13.0%,16.2%,12.3%,8.8%,19.5%,0.4%,50.0%,22,30
1,Isabelle Boulais,834,571,N/A,N/A,N/A,N/A,N/A,10.1%,19.2%,5.4%,3.2%,N/A,N/A,N/A,N/A,N/A,N/A,1.6%,51.4%,1.0%,53.4%,37.4%,38.2%,39.0%,18.8%,25.0%,38.5%,37.5%,62.5%,6.3%,18.8%,40.0%,-58,75.0%,41.7%,2.09,0.0%,0.0%,4.1,36.5%,42.9%,38.5%,50.0%,58.5%,60.6%,-1.7,-15.4,0.0%,-,11.1%,81.8%,8.7%,8.8%,0.0%,5.9%,0.0%,1.3%,50.0%,-48,-40
1,Samantha Murray,840,165,5.2%,10.1%,54.7%,59.2%,41.7%,12.1%,16.8%,7.1%,3.8%,96.5,,,83.3,,,3.0%,58.0%,2.5%,55.5%,46.2%,44.8%,18.2%,43.8%,43.8%,0.0%,0.0%,33.3%,7.1%,7.1%,30.8%,-61,54.7%,44.8%,2.45,0.0%,12.5%,2.7,31.3%,50.0%,0.0%,33.3%,51.1%,4.7%,3.5,-12.2,9.4%,33.3%,9.0%,50.0%,15.4%,21.4%,0.0%,3.6%,33.3%,2.3%,50.0%,32,66
1,Yana Morderger,890,361,0.0%,11.6%,53.5%,21.7%,20.0%,12.9%,20.2%,4.8%,8.2%,N/A,N/A,N/A,N/A,N/A,N/A,2.1%,52.2%,0.9%,50.4%,49.4%,49.3%,45.6%,26.8%,37.5%,43.9%,53.8%,10.0%,18.2%,21.2%,48.1%,55,61.1%,47.7%,2.39,2.4%,40.9%,3.1,47.3%,46.3%,53.3%,66.7%,45.3%,0.9%,5.2,5.2,0.0%,-,3.0%,80.0%,11.9%,5.3%,0.0%,22.7%,38.5%,0.0%,-,52,46
3,Alize Lim,891,135,1.2%,2.9%,69.6%,53.0%,36.4%,5.6%,10.3%,1.6%,2.8%,89.0,,,73.9,,,1.1%,53.9%,1.3%,54.2%,47.3%,47.4%,34.8%,19.4%,19.4%,34.5%,0.0%,53.8%,15.0%,20.0%,35.3%,-104,67.2%,46.7%,2.73,0.0%,25.0%,3.5,39.2%,42.9%,57.1%,33.3%,48.4%,8.5%,0.0,0.0,0.0%,-,3.3%,100.0%,5.9%,8.7%,0.0%,6.7%,14.3%,2.5%,0.0%,-108,-106
1,Valentina Ivanov,896,738,1.9%,7.8%,66.1%,62.2%,38.1%,8.3%,20.5%,7.1%,1.6%,N/A,N/A,N/A,N/A,N/A,N/A,0.0%,47.9%,1.1%,57.1%,45.8%,41.9%,43.3%,19.0%,24.1%,51.1%,46.7%,12.5%,13.0%,13.0%,25.0%,-7,77.6%,34.2%,2.60,2.1%,7.7%,5.5,50.9%,41.9%,36.4%,31.8%,55.6%,9.6%,3.8,-8.6,0.0%,-,3.0%,100.0%,8.3%,16.0%,25.0%,2.9%,12.5%,0.7%,0.0%,-96,-89
1,Alexa Noel,924,679,1.7%,3.4%,59.3%,54.3%,29.2%,12.6%,32.0%,8.2%,4.1%,97.7,109.0,99.8,80.4,87.0,83.0,0.5%,55.7%,1.1%,42.7%,50.8%,46.5%,42.6%,8.8%,20.6%,51.6%,10.0%,23.1%,0.0%,0.0%,30.4%,-119,77.3%,35.3%,2.35,0.0%,7.7%,6.6,34.4%,50.0%,21.1%,45.0%,50.3%,55.7%,-2.9,-7.5,5.2%,66.7%,15.5%,81.3%,6.2%,6.3%,4.5%,8.9%,23.1%,0.3%,0.0%,-28,-47
7,Paula Ormaechea,935,59,2.3%,4.4%,63.2%,58.9%,44.9%,15.3%,20.8%,5.1%,4.5%,86.6,,,77.6,,,1.0%,54.5%,1.1%,55.0%,45.5%,46.2%,43.9%,22.6%,27.8%,47.6%,6.7%,68.6%,16.9%,20.0%,37.0%,-34,79.7%,49.5%,2.34,5.8%,6.8%,4.8,50.2%,42.6%,49.2%,53.8%,48.7%,3.5%,-3.3,0.3,0.0%,-,7.8%,54.3%,6.9%,6.4%,0.0%,6.7%,21.2%,0.9%,0.0%,-41,-37
177,Petra Kvitova,952,2,5.9%,6.5%,62.1%,67.8%,48.6%,19.4%,21.1%,9.2%,5.3%,99.9,102.1,97.2,90.7,93.0,91.5,4.6%,59.7%,5.6%,62.1%,44.0%,44.8%,49.3%,32.5%,47.7%,51.7%,15.8%,58.9%,21.3%,31.8%,45.3%,86,66.1%,57.1%,2.40,18.2%,7.2%,3.3,50.4%,53.4%,51.7%,53.5%,54.1%,11.8%,7.5,5.2,1.5%,57.7%,8.4%,70.2%,19.3%,29.1%,13.9%,13.7%,22.7%,1.3%,38.0%,128,119
2,Darya Astakhova,953,181,N/A,N/A,N/A,N/A,N/A,14.9%,27.7%,6.2%,8.6%,N/A,N/A,N/A,N/A,N/A,N/A,0.6%,54.7%,0.7%,56.1%,56.2%,52.5%,45.2%,11.0%,17.8%,43.1%,9.1%,63.2%,6.7%,10.0%,50.0%,-55,72.0%,29.9%,2.42,6.2%,9.4%,5.2,40.0%,40.4%,28.2%,40.7%,49.0%,4.4%,-1.0,-4.2,0.0%,-,14.3%,62.1%,9.6%,15.5%,0.0%,3.5%,12.2%,1.3%,0.0%,-19,-39
12,Lesley Pattinama Kerkhove,991,135,1.9%,6.9%,62.7%,59.9%,42.0%,12.2%,21.5%,8.8%,3.6%,94.6,95.0,94.1,85.1,,93.0,2.5%,57.5%,1.6%,54.4%,44.2%,44.8%,45.3%,27.2%,37.3%,49.7%,11.5%,32.3%,20.5%,26.4%,36.1%,73,66.3%,53.8%,2.46,11.9%,9.7%,3.7,47.1%,48.4%,52.3%,46.3%,54.9%,4.5%,5.1,-0.4,0.2%,100.0%,6.8%,69.4%,14.3%,24.0%,12.5%,8.4%,27.7%,0.5%,53.8%,28,36
75,Eugenie Bouchard,995,5,3.4%,4.4%,59.9%,63.4%,46.8%,15.5%,19.4%,7.6%,5.0%,99.7,102.9,99.3,82.3,85.0,84.0,3.4%,56.9%,2.4%,56.1%,43.4%,45.4%,45.3%,27.4%,38.4%,49.4%,17.8%,47.9%,18.1%,26.0%,39.2%,26,72.7%,53.1%,2.36,11.2%,10.9%,3.8,50.9%,48.7%,47.4%,50.5%,51.9%,5.6%,5.7,2.2,0.0%,100.0%,7.6%,67.4%,15.5%,24.2%,14.7%,10.7%,28.0%,0.5%,20.9%,33,30
28,Christina Mchale,996,24,3.2%,4.7%,61.8%,62.4%,43.9%,12.9%,19.8%,6.6%,2.5%,98.5,104.8,96.4,78.1,84.3,80.4,3.1%,56.0%,1.8%,54.8%,43.1%,44.1%,46.1%,23.3%,32.0%,48.7%,38.7%,39.8%,11.8%,16.1%,41.8%,-1,74.8%,50.9%,2.50,12.5%,9.6%,4.8,46.8%,47.5%,47.3%,54.4%,56.6%,14.5%,2.4,-1.2,0.0%,-,6.8%,73.1%,10.2%,13.8%,9.1%,5.7%,20.1%,0.3%,15.8%,-32,-24
1,Basak Eraydin,1000,156,4.1%,6.0%,60.6%,56.6%,40.4%,N/A,N/A,N/A,N/A,N/A,N/A,N/A,N/A,N/A,N/A,3.1%,54.9%,1.9%,53.3%,46.9%,47.9%,40.6%,38.9%,44.4%,45.5%,33.3%,0.0%,37.5%,37.5%,30.0%,181,82.6%,38.6%,2.68,9.1%,3.2%,3.5,44.3%,50.0%,38.9%,0.0%,44.7%,27.3%,5.0,-6.4,0.0%,-,5.5%,57.1%,17.0%,21.1%,66.7%,0.0%,0.0%,1.7%,33.3%,-56,11
2,Tara Moore,1012,145,3.1%,7.8%,58.6%,66.8%,41.3%,17.5%,20.3%,14.3%,3.2%,90.2,96.6,94.5,76.9,84.0,70.0,2.1%,55.0%,1.5%,53.9%,47.8%,47.4%,54.7%,18.3%,31.7%,57.1%,14.3%,57.1%,7.1%,17.9%,50.0%,-58,81.0%,52.0%,2.54,16.3%,0.0%,4.3,43.4%,49.1%,51.7%,80.0%,59.5%,39.9%,11.3,-8.3,0.0%,-,7.3%,87.5%,21.6%,33.9%,26.1%,2.9%,16.7%,0.7%,33.3%,112,94
2,Daniela Vismane,1017,228,0.0%,2.4%,71.1%,56.7%,45.9%,9.8%,15.4%,5.0%,5.8%,N/A,N/A,N/A,N/A,N/A,N/A,0.2%,53.0%,0.0%,51.0%,48.8%,44.6%,51.1%,10.4%,20.9%,53.4%,8.3%,65.2%,14.3%,17.1%,43.3%,-9,66.7%,36.4%,2.55,1.0%,13.6%,4.1,37.7%,48.7%,51.3%,35.7%,49.8%,13.5%,3.0,5.1,0.0%,-,4.2%,83.3%,10.6%,16.3%,25.0%,11.9%,25.0%,2.0%,44.4%,-35,-65
1,Polina Leykina,1035,184,0.6%,3.4%,57.5%,57.0%,39.2%,4.2%,13.4%,0.9%,3.5%,N/A,N/A,N/A,N/A,N/A,N/A,1.5%,53.3%,1.1%,51.0%,46.9%,46.8%,38.5%,20.5%,20.5%,41.9%,44.4%,41.2%,19.2%,19.2%,33.3%,-18,73.1%,42.1%,2.77,3.2%,17.4%,4.4,49.1%,24.2%,64.7%,25.0%,50.0%,5.8%,-8.7,5.0,0.0%,-,5.0%,33.3%,0.0%,0.0%,0.0%,4.3%,20.0%,1.0%,0.0%,-150,-133
24,Bethanie Mattek Sands,1078,30,2.9%,3.8%,59.2%,62.8%,46.1%,17.2%,19.3%,7.8%,4.2%,96.5,107.6,89.5,79.4,79.0,76.5,2.7%,57.0%,1.7%,55.0%,42.4%,43.9%,45.4%,22.7%,36.6%,46.3%,25.9%,39.4%,15.7%,21.5%,44.1%,2,72.9%,49.8%,2.43,9.1%,14.0%,3.9,47.9%,49.6%,48.3%,45.2%,49.6%,23.4%,1.2,1.8,8.9%,61.7%,20.5%,64.5%,12.4%,17.0%,4.4%,10.5%,21.6%,1.8%,36.7%,40,29
1,Valeria Bhunu,1144,497,N/A,N/A,N/A,N/A,N/A,13.1%,29.1%,8.0%,3.2%,N/A,N/A,N/A,N/A,N/A,N/A,0.9%,55.1%,0.9%,50.5%,46.3%,46.4%,45.9%,22.1%,28.6%,46.7%,14.3%,57.1%,10.7%,14.3%,44.0%,-25,80.4%,51.4%,2.27,50.0%,7.4%,4.8,48.5%,50.9%,40.7%,52.0%,50.8%,16.2%,1.5,4.8,0.0%,-,7.3%,73.3%,10.3%,18.2%,33.3%,9.7%,0.0%,0.5%,0.0%,6,20
2,Junri Namigata,1165,105,1.2%,7.3%,59.9%,55.7%,38.1%,10.7%,16.8%,1.7%,4.3%,94.0,,,78.7,,,1.2%,54.8%,1.2%,53.6%,46.2%,45.9%,58.0%,20.0%,31.4%,64.3%,30.8%,42.9%,18.5%,25.9%,50.0%,-21,79.3%,54.3%,2.55,7.4%,5.9%,4.6,60.0%,53.3%,33.3%,73.3%,45.3%,2.3%,-0.5,8.3,0.0%,-,4.9%,100.0%,4.4%,8.7%,0.0%,12.8%,39.1%,0.0%,-,-31,-42
33,Yanina Wickmayer,1223,12,3.7%,5.5%,64.0%,63.8%,45.6%,16.3%,19.2%,8.4%,4.5%,99.0,102.1,94.8,85.1,86.5,84.1,3.2%,57.8%,2.6%,56.4%,41.8%,42.8%,47.6%,20.7%,29.9%,51.1%,6.9%,53.9%,9.3%,15.4%,41.5%,-26,72.4%,51.5%,2.49,12.7%,11.4%,4.2,47.0%,50.0%,53.0%,46.1%,53.4%,8.0%,5.4,1.1,0.2%,100.0%,7.7%,66.5%,14.4%,23.4%,11.5%,10.0%,27.6%,0.7%,24.0%,48,35
6,Bibiane Schoofs,1224,142,1.5%,7.6%,65.9%,52.7%,38.7%,10.3%,30.4%,8.8%,1.4%,N/A,N/A,N/A,N/A,N/A,N/A,0.9%,53.8%,1.2%,55.2%,47.7%,47.7%,45.3%,15.8%,22.0%,47.8%,15.1%,49.3%,12.9%,19.4%,39.8%,0,75.3%,49.5%,2.30,2.7%,4.6%,4.7,46.1%,44.9%,47.9%,42.4%,54.8%,32.0%,0.1,-0.6,0.2%,0.0%,10.4%,61.6%,11.6%,17.2%,10.0%,4.3%,26.5%,1.6%,22.2%,2,5
3,Ulrikke Eikeri,1324,206,1.9%,4.6%,60.1%,54.2%,42.1%,10.3%,16.0%,5.2%,4.6%,N/A,N/A,N/A,N/A,N/A,N/A,0.4%,52.8%,0.5%,53.1%,50.7%,52.0%,40.9%,13.9%,22.6%,45.5%,28.1%,26.2%,12.2%,17.6%,33.8%,-42,71.8%,42.9%,2.43,8.2%,13.2%,4.8,45.3%,40.7%,46.7%,24.3%,45.9%,3.4%,-3.3,-3.6,1.6%,100.0%,17.8%,58.1%,6.6%,7.5%,0.0%,4.1%,7.4%,0.5%,33.3%,-89,-88
1,Reka Luca Jani,1325,104,1.0%,5.7%,69.6%,55.5%,41.0%,12.6%,22.7%,4.9%,7.6%,92.4,,,77.1,,,0.7%,53.6%,0.7%,51.6%,48.5%,49.6%,57.6%,38.9%,47.2%,54.5%,18.2%,57.1%,38.9%,38.9%,63.6%,115,70.0%,57.1%,2.46,0.0%,3.7%,3.7,55.9%,58.6%,60.0%,50.0%,38.9%,15.5%,6.6,3.9,1.8%,100.0%,4.2%,100.0%,11.3%,29.4%,0.0%,6.7%,36.4%,2.8%,60.0%,-65,-18
24,Margarita Gasparyan,1359,41,3.9%,5.7%,62.2%,62.2%,42.9%,14.1%,19.1%,7.2%,3.9%,99.3,101.5,96.4,79.3,80.4,81.0,2.5%,56.6%,3.2%,54.1%,43.1%,44.1%,46.1%,27.4%,38.7%,48.8%,29.6%,19.3%,12.9%,17.6%,41.6%,6,73.4%,51.1%,2.53,16.1%,10.9%,4.3,49.5%,48.0%,45.5%,49.1%,47.8%,23.9%,4.9,2.0,0.4%,71.4%,7.3%,64.5%,11.6%,19.6%,19.4%,8.9%,18.8%,0.5%,32.3%,-26,-11
1,Eri Hozumi,1398,144,2.1%,2.8%,64.2%,59.3%,44.9%,13.0%,25.7%,9.6%,2.9%,N/A,N/A,N/A,N/A,N/A,N/A,2.1%,55.3%,1.0%,54.6%,46.2%,47.5%,43.2%,11.9%,20.9%,45.8%,0.0%,58.3%,24.1%,34.5%,36.4%,42,83.5%,61.8%,2.37,0.0%,3.2%,5.0,49.4%,51.0%,46.4%,59.3%,59.8%,1.7%,5.8,-3.5,0.0%,-,2.6%,80.0%,14.8%,24.6%,0.0%,4.5%,29.4%,0.5%,0.0%,28,18
31,Vera Zvonareva,1398,2,3.3%,5.6%,61.8%,65.8%,46.3%,12.8%,18.0%,4.7%,4.3%,98.3,97.0,92.4,84.8,84.8,78.4,2.8%,58.3%,1.3%,55.7%,43.8%,44.3%,48.4%,21.6%,32.2%,50.8%,30.3%,26.9%,15.1%,18.0%,43.5%,30,77.3%,46.3%,2.40,12.6%,7.2%,4.7,47.4%,45.9%,50.4%,47.2%,50.3%,9.9%,1.1,0.4,0.3%,83.3%,8.8%,75.1%,7.9%,13.1%,50.0%,7.1%,14.5%,0.9%,29.6%,-60,-51
2,Daniela Seguel,1404,162,0.6%,2.9%,72.9%,55.7%,44.1%,7.4%,21.7%,6.2%,1.4%,N/A,N/A,N/A,N/A,N/A,N/A,0.6%,55.0%,0.4%,54.2%,49.2%,48.7%,41.0%,15.8%,21.1%,41.3%,30.0%,81.8%,4.8%,4.8%,40.0%,-66,80.4%,41.9%,2.64,0.0%,3.7%,5.2,52.6%,45.9%,36.1%,39.4%,63.2%,24.1%,-1.0,-7.6,0.0%,-,4.0%,66.7%,6.7%,6.3%,12.8%,1.2%,0.0%,1.0%,20.0%,-84,-79
